week_end,n_days,tone_mean,tone_z_mean,vol_mean
2017-01-08,7,-1.4578,-1.2169,0.0506
2017-01-15,7,-1.333,-0.956,0.0708
2017-01-22,7,-1.0616,-0.3888,0.0574
2017-01-29,7,-1.1,-0.4689,0.0392
2017-02-05,7,-1.4256,-1.1497,0.0574
2017-02-12,7,-1.4109,-1.1189,0.0285
2017-02-19,7,-0.9667,-0.1904,0.0427
2017-02-26,7,-0.7879,0.1834,0.043
2017-03-05,7,-0.6518,0.4677,0.0509
2017-03-12,7,-0.7947,0.1692,0.0384
2017-03-19,7,-0.7144,0.3367,0.0384
2017-03-26,7,-1.3443,-0.9797,0.0491
2017-04-02,7,-1.2649,-0.8136,0.049
2017-04-09,7,-1.2603,-0.8042,0.0515
2017-04-16,7,-1.2375,-0.7564,0.0508
2017-04-23,7,-0.7601,0.2414,0.037
2017-04-30,7,-0.9062,-0.064,0.0371
2017-05-07,7,-0.7472,0.2684,0.0354
2017-05-14,7,-1.2172,-0.7139,0.0453
2017-05-21,7,-1.1013,-0.4718,0.0548
2017-05-28,7,-1.1793,-0.6349,0.0405
2017-06-04,7,-0.8537,0.0458,0.0429
2017-06-11,7,-1.2077,-0.6942,0.0698
2017-06-18,7,-1.2868,-0.8594,0.1118
2017-06-25,7,-1.0442,-0.3525,0.0526
2017-07-02,7,-1.1683,-0.6119,0.0425
2017-07-09,7,-0.9273,-0.1081,0.0443
2017-07-16,7,-0.9554,-0.1668,0.066
2017-07-23,7,-0.9131,-0.0783,0.0515
2017-07-30,7,-1.086,-0.4397,0.0442
2017-08-06,7,-1.011,-0.283,0.0531
2017-08-13,7,-1.0532,-0.3711,0.0583
2017-08-20,7,-1.0332,-0.3294,0.0428
2017-08-27,7,-1.043,-0.35,0.0342
2017-09-03,7,-0.8927,-0.0358,0.0488
2017-09-10,7,-0.8477,0.0584,0.0359
2017-09-17,7,-1.1043,-0.478,0.0335
2017-09-24,7,-0.9105,-0.073,0.04
2017-10-01,7,-0.9477,-0.1508,0.0368
2017-10-08,7,-0.7892,0.1804,0.0459
2017-10-15,7,-0.7546,0.2529,0.0872
2017-10-22,7,-0.7556,0.2508,0.0504
2017-10-29,7,-1.0643,-0.3945,0.0495
2017-11-05,7,-1.4815,-1.2664,0.0598
2017-11-12,7,-0.7796,0.2005,0.0484
2017-11-19,7,-0.9394,-0.1334,0.0424
2017-11-26,7,-0.6336,0.5057,0.039
2017-12-03,5,-0.864,0.0241,0.0521
2017-12-10,7,-1.1034,-0.4762,0.0463
2017-12-17,7,-0.8951,-0.0409,0.0404
2017-12-24,7,-0.9599,-0.1762,0.0421
2017-12-31,7,-0.7455,0.2719,0.0437
2018-01-07,7,-0.7902,0.1785,0.0419
2018-01-14,7,-1.0066,-0.2739,0.0365
2018-01-21,7,-1.1341,-0.5402,0.0375
2018-01-28,7,-0.9629,-0.1826,0.0426
2018-02-04,7,-0.9314,-0.1166,0.0468
2018-02-11,7,-0.8287,0.0979,0.0428
2018-02-18,7,-1.0971,-0.4631,0.0404
2018-02-25,7,-1.3049,-0.8973,0.0532
2018-03-04,7,-1.0317,-0.3263,0.0521
2018-03-11,7,-0.8662,0.0197,0.0375
2018-03-18,7,-1.4981,-1.301,0.0626
2018-03-25,7,-0.957,-0.1701,0.0598
2018-04-01,7,-0.9941,-0.2476,0.0535
2018-04-08,7,-1.0569,-0.379,0.0366
2018-04-15,7,-1.3907,-1.0766,0.051
2018-04-22,7,-1.286,-0.8579,0.0455
2018-04-29,7,-0.9824,-0.2233,0.0324
2018-05-06,7,-1.1405,-0.5538,0.041
2018-05-13,7,-0.911,-0.074,0.0337
2018-05-20,7,-1.3195,-0.9279,0.0356
2018-05-27,7,-1.0761,-0.4191,0.0374
2018-06-03,7,-0.9163,-0.0852,0.0349
2018-06-10,7,-0.738,0.2875,0.0427
2018-06-17,7,-0.9336,-0.1212,0.0436
2018-06-24,7,-1.1081,-0.4861,0.045
2018-07-01,7,-0.8507,0.052,0.0423
2018-07-08,7,-1.1467,-0.5667,0.0442
2018-07-15,7,-0.9943,-0.2482,0.0413
2018-07-22,7,-0.8831,-0.0157,0.0922
2018-07-29,7,-1.1243,-0.5199,0.0788
2018-08-05,7,-1.4914,-1.287,0.0945
2018-08-12,7,-1.5066,-1.3188,0.0753
2018-08-19,7,-1.2924,-0.8711,0.0721
2018-08-26,7,-1.2667,-0.8175,0.0696
2018-09-02,7,-0.8112,0.1345,0.0553
2018-09-09,7,-0.9519,-0.1595,0.0573
2018-09-16,7,-0.9889,-0.2367,0.0575
2018-09-23,7,-0.8085,0.1402,0.0519
2018-09-30,7,-0.6231,0.5276,0.0536
2018-10-07,7,-0.7398,0.2838,0.045
2018-10-14,7,-0.7081,0.3499,0.0524
2018-10-21,7,-1.0631,-0.392,0.0526
2018-10-28,7,-0.7695,0.2218,0.0482
2018-11-04,7,-0.6278,0.5179,0.0512
2018-11-11,7,-0.8008,0.1564,0.0565
2018-11-18,7,-0.64,0.4924,0.0457
2018-11-25,7,-0.7223,0.3203,0.0538
2018-12-02,7,-1.1021,-0.4735,0.0986
2018-12-09,7,-1.1846,-0.6458,0.0793
2018-12-16,7,-1.0125,-0.2862,0.0643
2018-12-23,7,-0.6068,0.5617,0.0675
2018-12-30,7,-0.3058,1.1909,0.0851
2019-01-06,7,-1.6266,-1.5696,0.0627
2019-01-13,7,-1.3809,-1.0562,0.0573
2019-01-20,7,-1.2466,-0.7754,0.0936
2019-01-27,7,-1.4079,-1.1127,0.0809
2019-02-03,7,-1.0251,-0.3126,0.0651
2019-02-10,7,-0.8209,0.1142,0.0619
2019-02-17,7,-0.8987,-0.0482,0.0666
2019-02-24,7,-0.8871,-0.0241,0.07
2019-03-03,7,-1.4462,-1.1925,0.1097
2019-03-10,7,-1.1852,-0.6472,0.059
2019-03-17,7,-1.4509,-1.2024,0.0643
2019-03-24,7,-1.4677,-1.2376,0.0964
2019-03-31,7,-1.1131,-0.4963,0.0726
2019-04-07,7,-0.6661,0.4378,0.0511
2019-04-14,7,-0.7421,0.279,0.0545
2019-04-21,7,-1.0872,-0.4422,0.0732
2019-04-28,7,-0.8547,0.0437,0.0635
2019-05-05,7,-0.8728,0.0057,0.0453
2019-05-12,7,-0.9063,-0.0642,0.0447
2019-05-19,7,-0.7665,0.2279,0.05
2019-05-26,7,-0.9013,-0.0537,0.0584
2019-06-02,7,-0.6554,0.4602,0.0539
2019-06-09,7,-0.8418,0.0705,0.0588
2019-06-16,7,-1.1358,-0.5438,0.0599
2019-06-23,7,-1.3939,-1.0834,0.0665
2019-06-30,7,-1.0556,-0.3762,0.0683
2019-07-07,7,-0.9367,-0.1277,0.0632
2019-07-14,7,-0.8953,-0.0412,0.0534
2019-07-21,7,-0.8467,0.0604,0.0621
2019-07-28,7,-0.8892,-0.0284,0.0671
2019-08-04,7,-1.264,-0.8118,0.0661
2019-08-11,7,-0.8892,-0.0284,0.0563
2019-08-18,7,-0.729,0.3063,0.0617
2019-08-25,7,-0.5454,0.6901,0.0604
2019-09-01,7,-0.5011,0.7828,0.0555
2019-09-08,7,-0.587,0.6031,0.0604
2019-09-15,7,-0.9559,-0.1678,0.0645
2019-09-22,7,-0.8049,0.1476,0.0581
2019-09-29,7,-0.738,0.2875,0.0675
2019-10-06,7,-0.8003,0.1573,0.0622
2019-10-13,7,-0.8421,0.0699,0.0675
2019-10-20,7,-0.8904,-0.0309,0.0664
2019-10-27,7,-0.904,-0.0593,0.0641
2019-11-03,7,-0.5466,0.6876,0.06
2019-11-10,7,-0.7854,0.1886,0.0533
2019-11-17,7,-0.8474,0.0589,0.06
2019-11-24,7,-0.8097,0.1378,0.0529
2019-12-01,7,-0.6562,0.4586,0.0544
2019-12-08,7,-0.6207,0.5328,0.0534
2019-12-15,7,-0.7402,0.2828,0.0666
2019-12-22,7,-1.0386,-0.3407,0.071
2019-12-29,7,-0.5476,0.6855,0.0853
2020-01-05,7,-0.6763,0.4165,0.0365
2020-01-12,7,-0.7669,0.2272,0.0187
2020-01-19,7,-0.4153,0.962,0.0457
2020-01-26,7,-0.4913,0.8032,0.0362
2020-02-02,7,-0.7703,0.2199,0.0315
2020-02-09,7,-0.7012,0.3644,0.0321
2020-02-16,7,-0.6309,0.5115,0.0373
2020-02-23,7,-0.8783,-0.0057,0.0356
2020-03-01,7,-0.9136,-0.0795,0.0285
2020-03-08,7,-0.7712,0.2181,0.0293
2020-03-15,7,-1.5847,-1.4821,0.0428
2020-03-22,7,-1.3877,-1.0703,0.0431
2020-03-29,7,-1.6166,-1.5487,0.0544
2020-04-05,7,-1.3697,-1.0327,0.046
2020-04-12,7,-1.0017,-0.2637,0.0529
2020-04-19,7,-1.0362,-0.3358,0.0438
2020-04-26,7,-0.7307,0.3027,0.041
2020-05-03,7,-0.9648,-0.1864,0.0369
2020-05-10,7,-1.2596,-0.8025,0.0283
2020-05-17,7,-1.3719,-1.0374,0.0434
2020-05-24,7,-0.754,0.2542,0.0332
2020-05-31,7,-0.8247,0.1063,0.0428
2020-06-07,7,-0.4294,0.9326,0.0358
2020-06-14,7,-0.4237,0.9444,0.0319
2020-06-21,7,-0.5799,0.618,0.0378
2020-06-28,7,-0.3886,1.0177,0.0406
2020-07-05,7,-0.5518,0.6766,0.0399
2020-07-12,7,-0.5561,0.6678,0.0358
2020-07-19,7,-0.5463,0.6882,0.0371
2020-07-26,7,-0.7625,0.2364,0.0446
2020-08-02,7,-0.5658,0.6475,0.0368
2020-08-09,7,-0.8367,0.0811,0.0445
2020-08-16,7,-0.4535,0.8821,0.04
2020-08-23,7,-0.5872,0.6028,0.0348
2020-08-30,7,-0.4999,0.7852,0.0372
2020-09-06,7,-0.7845,0.1903,0.0319
2020-09-13,7,-0.3846,1.0262,0.0322
2020-09-20,7,-0.51,0.7641,0.0351
2020-09-27,7,-0.8827,-0.0149,0.0413
2020-10-04,7,-0.895,-0.0405,0.0414
2020-10-11,7,-0.4646,0.859,0.0329
2020-10-18,7,-0.7878,0.1835,0.0437
2020-10-25,6,-0.4897,0.8065,0.0495
2020-11-01,7,-0.5264,0.7297,0.0553
2020-11-08,7,-0.3036,1.1955,0.042
2020-11-15,7,-0.0122,1.8046,0.0504
2020-11-22,7,-0.3856,1.024,0.0393
2020-11-29,7,-0.3715,1.0536,0.055
2020-12-06,7,-0.4443,0.9015,0.0407
2020-12-13,7,-0.4425,0.9052,0.048
2020-12-20,7,-0.5349,0.712,0.0392
2020-12-27,7,-0.7242,0.3164,0.0728
2021-01-03,7,-0.7817,0.1961,0.0431
2021-01-10,7,-0.9798,-0.2177,0.0305
2021-01-17,7,-0.8067,0.144,0.0491
2021-01-24,7,-0.6029,0.5699,0.0613
2021-01-31,7,-0.6303,0.5126,0.0522
2021-02-07,7,-0.7973,0.1636,0.0626
2021-02-14,7,-0.5879,0.6013,0.0526
2021-02-21,7,-0.5796,0.6185,0.0682
2021-02-28,7,-0.6486,0.4743,0.0527
2021-03-07,7,-0.3828,1.0298,0.0467
2021-03-14,7,-0.5545,0.6712,0.0532
2021-03-21,7,-0.4799,0.8269,0.0598
2021-03-28,7,-0.5857,0.6058,0.0575
2021-04-04,7,-0.8601,0.0324,0.0585
2021-04-11,7,-0.6875,0.3932,0.063
2021-04-18,7,-0.427,0.9377,0.062
2021-04-25,7,-0.432,0.9271,0.0692
2021-05-02,7,-0.5308,0.7206,0.0598
2021-05-09,7,-0.6377,0.4971,0.0439
2021-05-16,7,-0.7213,0.3224,0.0614
2021-05-23,7,-0.6783,0.4122,0.0702
2021-05-30,7,-0.5088,0.7666,0.0643
2021-06-06,7,-0.3113,1.1793,0.086
2021-06-13,7,-0.2916,1.2204,0.0597
2021-06-20,7,-0.3674,1.062,0.0682
2021-06-27,7,-0.6575,0.4557,0.0658
2021-07-04,7,-0.6628,0.4447,0.0747
2021-07-11,7,-0.8004,0.1571,0.0558
2021-07-18,7,-0.6701,0.4294,0.0472
2021-07-25,7,-0.6799,0.4089,0.0528
2021-08-01,7,-0.4803,0.8262,0.0588
2021-08-08,7,-0.6054,0.5647,0.0571
2021-08-15,7,-0.7674,0.2261,0.0595
2021-08-22,7,-0.5842,0.609,0.0626
2021-08-29,7,-0.3351,1.1296,0.0621
2021-09-05,7,-0.3215,1.158,0.063
2021-09-12,7,-0.4029,0.9879,0.0604
2021-09-19,7,-0.5401,0.7011,0.0545
2021-09-26,7,-0.4912,0.8034,0.0584
2021-10-03,7,-0.6537,0.4638,0.0635
2021-10-10,7,-0.5731,0.6323,0.0692
2021-10-17,7,-0.5487,0.6832,0.0651
2021-10-24,7,-0.6071,0.561,0.0609
2021-10-31,7,-0.5588,0.662,0.0633
2021-11-07,7,-0.7373,0.289,0.0497
2021-11-14,7,-0.8949,-0.0405,0.053
2021-11-21,7,-0.5545,0.671,0.0675
2021-11-28,7,-0.5964,0.5835,0.0598
2021-12-05,7,-0.4894,0.8072,0.0647
2021-12-12,7,-0.4006,0.9928,0.0764
2021-12-19,7,-0.6019,0.572,0.0641
2021-12-26,7,-0.4766,0.834,0.0882
2022-01-02,7,-0.5719,0.6347,0.0741
2022-01-09,7,-1.1413,-0.5552,0.0448
2022-01-16,7,-0.6768,0.4153,0.0591
2022-01-23,7,-0.6991,0.369,0.0709
2022-01-30,7,-0.9791,-0.2164,0.0768
2022-02-06,7,-0.9279,-0.1093,0.0801
2022-02-13,7,-0.6516,0.4682,0.0713
2022-02-20,7,-0.9391,-0.1328,0.0906
2022-02-27,7,-1.5076,-1.321,0.1318
2022-03-06,7,-1.5597,-1.4298,0.2229
2022-03-13,7,-1.5494,-1.4083,0.1929
2022-03-20,7,-1.5366,-1.3816,0.2059
2022-03-27,7,-1.236,-0.7532,0.1502
2022-04-03,7,-1.1679,-0.611,0.1588
2022-04-10,7,-1.148,-0.5693,0.1487
2022-04-17,7,-1.198,-0.6739,0.1385
2022-04-24,7,-1.1236,-0.5184,0.1283
2022-05-01,7,-0.8926,-0.0355,0.132
2022-05-08,7,-1.1746,-0.625,0.1234
2022-05-15,7,-1.3755,-1.0449,0.1045
2022-05-22,7,-1.2281,-0.7367,0.1024
2022-05-29,7,-1.2751,-0.835,0.1103
2022-06-05,7,-1.0272,-0.3169,0.1116
2022-06-12,7,-0.9805,-0.2192,0.0941
2022-06-19,7,-1.0649,-0.3956,0.1096
2022-06-26,7,-1.1882,-0.6534,0.1072
2022-07-03,7,-1.1276,-0.5268,0.1015
2022-07-10,7,-1.1031,-0.4755,0.132
2022-07-17,7,-1.1806,-0.6375,0.0882
2022-07-24,7,-0.8778,-0.0046,0.09
2022-07-31,7,-1.3106,-0.9092,0.0981
2022-08-07,7,-1.5607,-1.4318,0.092
2022-08-14,7,-1.2157,-0.7108,0.0849
2022-08-21,7,-1.2393,-0.7602,0.0861
2022-08-28,7,-1.2588,-0.8009,0.0793
2022-09-04,7,-1.0418,-0.3473,0.0754
2022-09-11,7,-0.6944,0.3787,0.0873
2022-09-18,7,-1.0659,-0.3979,0.0845
2022-09-25,7,-1.2176,-0.7149,0.1165
2022-10-02,7,-1.4429,-1.1857,0.1006
2022-10-09,7,-1.0415,-0.3467,0.0909
2022-10-16,7,-1.2886,-0.8633,0.115
2022-10-23,7,-1.3471,-0.9856,0.1081
2022-10-30,7,-1.2844,-0.8544,0.1019
2022-11-06,7,-1.2848,-0.8553,0.0906
2022-11-13,7,-1.2484,-0.7791,0.086
2022-11-20,7,-1.1381,-0.5487,0.0957
2022-11-27,7,-0.9169,-0.0865,0.0793
2022-12-04,7,-1.064,-0.3937,0.0975
2022-12-11,7,-1.0825,-0.4325,0.1021
2022-12-18,7,-1.0186,-0.2989,0.1129
2022-12-25,7,-1.1081,-0.4861,0.1255
2023-01-01,7,-1.1881,-0.6531,0.1315
2023-01-08,7,-1.3826,-1.0596,0.1497
2023-01-15,7,-1.3406,-0.9719,0.6804
2023-01-22,7,-1.3797,-1.0536,0.7271
2023-01-29,7,-1.419,-1.1357,0.7685
2023-02-05,7,-1.4189,-1.1356,0.7366
2023-02-12,7,-1.4675,-1.2372,0.6917
2023-02-19,7,-1.4348,-1.1688,0.7126
2023-02-26,7,-1.5092,-1.3242,0.6427
2023-03-05,7,-1.4574,-1.216,0.5529
2023-03-12,7,-1.5563,-1.4228,0.593
2023-03-19,7,-1.6143,-1.544,0.6141
2023-03-26,6,-1.6269,-1.5703,0.3556
2023-04-02,7,-1.5491,-1.4076,0.402
2023-04-09,7,-1.6204,-1.5567,0.4559
2023-04-16,7,-1.7325,-1.7909,0.5223
2023-04-23,7,-0.7901,0.1786,0.0835
2023-04-30,7,-0.5454,0.69,0.068
2023-05-07,7,-0.7405,0.2823,0.0535
2023-05-14,7,-1.0769,-0.4207,0.051
2023-05-21,7,-0.6153,0.544,0.0575
2023-05-28,7,-0.8418,0.0705,0.0678
2023-06-04,7,-0.7502,0.2621,0.0644
2023-06-11,7,-1.0261,-0.3147,0.0615
2023-06-18,7,-0.4794,0.8279,0.058
2023-06-25,7,-0.5924,0.5918,0.0572
2023-07-02,7,-0.9126,-0.0773,0.0619
2023-07-09,7,-0.4877,0.8107,0.0603
2023-07-16,7,-0.5015,0.7817,0.0577
2023-07-23,7,-0.5868,0.6035,0.0616
2023-07-30,7,-0.8807,-0.0106,0.0582
2023-08-06,7,-0.9849,-0.2285,0.0559
2023-08-13,7,-0.8669,0.0181,0.0626
2023-08-20,7,-0.7554,0.2511,0.0656
2023-08-27,7,-0.8808,-0.0109,0.0617
2023-09-03,7,-0.6222,0.5296,0.0569
2023-09-10,7,-0.3706,1.0553,0.0656
2023-09-17,7,-0.327,1.1465,0.0651
2023-09-24,7,-0.7035,0.3596,0.0576
2023-10-01,7,-0.8744,0.0026,0.0641
2023-10-08,7,-0.9343,-0.1227,0.0557
2023-10-15,7,-1.1151,-0.5005,0.0514
2023-10-22,7,-0.8194,0.1175,0.0517
2023-10-29,7,-0.7629,0.2355,0.0654
2023-11-05,7,-0.6997,0.3676,0.059
2023-11-12,7,-0.4398,0.9108,0.0555
2023-11-19,7,-0.7168,0.3318,0.0579
2023-11-26,7,-0.4551,0.8788,0.0556
2023-12-03,7,-0.6448,0.4824,0.0505
2023-12-10,7,-0.7497,0.2631,0.06
2023-12-17,7,-0.3838,1.0278,0.0672
2023-12-24,7,-0.671,0.4275,0.06
2023-12-31,7,-0.8312,0.0927,0.0795
2024-01-07,7,-1.2792,-0.8435,0.0445
2024-01-14,7,-0.8822,-0.0139,0.05
2024-01-21,7,-0.5947,0.5871,0.0567
2024-01-28,7,-0.5404,0.7006,0.0566
2024-02-04,7,-0.6573,0.4561,0.0596
2024-02-11,7,-0.5839,0.6096,0.0521
2024-02-18,7,-0.7107,0.3446,0.0596
2024-02-25,7,-1.0654,-0.3967,0.06
2024-03-03,7,-0.445,0.8998,0.0636
2024-03-10,7,-0.3485,1.1015,0.0584
2024-03-17,7,-0.4237,0.9444,0.0606
2024-03-24,7,-1.3937,-1.0829,0.0622
2024-03-31,7,-1.062,-0.3896,0.0523
2024-04-07,7,-0.8046,0.1484,0.0588
2024-04-14,7,-0.9039,-0.0591,0.0606
2024-04-21,7,-1.0469,-0.3581,0.0548
2024-04-28,7,-1.098,-0.4649,0.0673
2024-05-05,7,-0.8628,0.0269,0.0395
2024-05-12,7,-0.5866,0.604,0.0466
2024-05-19,7,-0.7535,0.2552,0.0632
2024-05-26,7,-0.593,0.5907,0.0541
2024-06-02,7,-0.5914,0.594,0.056
2024-06-09,7,-0.365,1.0672,0.053
2024-06-16,7,-0.7832,0.1931,0.053
2024-06-23,7,-0.6465,0.4788,0.0536
2024-06-30,7,-0.7647,0.2318,0.0502
2024-07-07,7,-0.0296,1.7682,0.0616
2024-07-14,7,-0.3293,1.1417,0.0572
2024-07-21,7,-0.5603,0.659,0.0523
2024-07-28,7,-0.6166,0.5412,0.0514
2024-08-04,7,-0.7386,0.2862,0.0488
2024-08-11,7,-0.7165,0.3326,0.0565
2024-08-18,7,-0.9139,-0.0799,0.0564
2024-08-25,7,-0.7351,0.2936,0.0587
2024-09-01,7,-0.7548,0.2525,0.0541
2024-09-08,7,-0.4936,0.7984,0.0578
2024-09-15,7,-0.8403,0.0737,0.0563
2024-09-22,7,-0.7387,0.2861,0.0604
2024-09-29,7,-0.2096,1.392,0.0546
2024-10-06,7,-0.4321,0.9269,0.0507
2024-10-13,7,-0.6353,0.5021,0.0511
2024-10-20,7,-0.4019,0.9901,0.0504
2024-10-27,7,-0.6881,0.3918,0.0597
2024-11-03,7,-0.8636,0.025,0.0591
2024-11-10,7,-1.0541,-0.3731,0.0699
2024-11-17,7,-0.5428,0.6955,0.0655
2024-11-24,7,-0.8693,0.0132,0.0659
2024-12-01,7,-0.9008,-0.0527,0.0602
2024-12-08,7,-0.6737,0.4219,0.0657
2024-12-15,7,-0.6347,0.5035,0.0661
2024-12-22,7,-0.6615,0.4474,0.0755
2024-12-29,7,-0.373,1.0505,0.0784
2025-01-05,7,-0.9571,-0.1703,0.0425
2025-01-12,7,-1.0206,-0.303,0.0451
2025-01-19,7,-1.1238,-0.5188,0.056
2025-01-26,7,-0.7576,0.2465,0.0553
2025-02-02,7,-0.7047,0.3571,0.0459
2025-02-09,7,-1.0354,-0.334,0.0558
2025-02-16,7,-0.8256,0.1044,0.0624
2025-02-23,7,-0.9637,-0.1841,0.0714
2025-03-02,7,-0.2807,1.2434,0.0659
2025-03-09,7,-0.6058,0.5638,0.0715
2025-03-16,7,-0.7355,0.2928,0.0606
2025-03-23,7,-0.7598,0.242,0.0621
2025-03-30,7,-0.473,0.8413,0.0631
2025-04-06,7,-0.9323,-0.1185,0.0605
2025-04-13,7,-0.9495,-0.1545,0.0539
2025-04-20,7,-0.7788,0.2023,0.0683
2025-04-27,7,-0.6358,0.5012,0.0609
2025-05-04,7,-0.7487,0.2652,0.0523
2025-05-11,7,-0.7873,0.1845,0.0391
2025-05-18,7,-0.491,0.8039,0.0554
2025-05-25,7,-0.8448,0.0643,0.0582
2025-06-01,7,-0.4389,0.9127,0.0529
2025-06-08,7,-0.8587,0.0352,0.057
2025-06-15,6,-0.8372,0.0802,0.0438
2025-07-06,5,-0.4537,0.8817,0.0512
2025-07-13,7,-0.638,0.4965,0.0562
2025-07-20,7,-0.6925,0.3827,0.0524
2025-07-27,7,-0.663,0.4443,0.0488
2025-08-03,7,-0.9944,-0.2483,0.0559
2025-08-10,7,-0.7191,0.3271,0.0661
2025-08-17,7,-1.2344,-0.7498,0.0705
2025-08-24,7,-1.0142,-0.2897,0.059
2025-08-31,7,-1.009,-0.2789,0.0629
2025-09-07,7,-0.4902,0.8054,0.0719
2025-09-14,7,-0.7513,0.2598,0.0605
2025-09-21,7,-0.8864,-0.0227,0.0601
2025-09-28,7,-1.2863,-0.8584,0.0678
2025-10-05,7,-0.5561,0.6676,0.0568
2025-10-12,7,-0.8784,-0.0059,0.0554
2025-10-19,7,-0.6651,0.4398,0.052
2025-10-26,7,-0.7371,0.2893,0.0623
2025-11-02,7,-0.6927,0.3821,0.0549
2025-11-09,7,-0.9266,-0.1066,0.0451
2025-11-16,7,-1.3184,-0.9255,0.0548
2025-11-23,7,-0.7621,0.2371,0.0583
2025-11-30,7,-1.3313,-0.9524,0.0966
2025-12-07,7,-0.9276,-0.1087,0.0912
2025-12-14,7,-0.923,-0.0991,0.0678
2025-12-21,7,-0.6843,0.3998,0.0882
2025-12-28,7,-0.6477,0.4764,0.0839
2026-01-04,7,-0.9656,-0.1883,0.0635
2026-01-11,7,-1.2724,-0.8294,0.0509
2026-01-18,7,-0.9895,-0.2381,0.0626
2026-01-25,7,-0.899,-0.0489,0.0678
2026-02-01,7,-0.2977,1.2077,0.0588
2026-02-08,7,-0.964,-0.1848,0.0652
2026-02-15,7,-0.7897,0.1795,0.0535
2026-02-22,7,-0.6887,0.3905,0.0571
2026-03-01,7,-1.378,-1.05,0.0834
2026-03-08,7,-0.9364,-0.1271,0.0533
2026-03-15,7,-1.2717,-0.8278,0.0529
2026-03-22,7,-1.068,-0.4023,0.0538
2026-03-29,7,-1.1059,-0.4814,0.0563
2026-04-05,7,-1.324,-0.9373,0.0552
2026-04-12,7,-0.9915,-0.2423,0.0488
2026-04-19,7,-0.9781,-0.2143,0.0464
2026-04-26,7,-1.0182,-0.2981,0.0517
2026-05-03,7,-0.8522,0.0489,0.0483
2026-05-10,7,-0.9064,-0.0644,0.0415
2026-05-17,7,-1.2664,-0.8169,0.0532
2026-05-24,7,-0.8588,0.0351,0.0583
2026-05-31,7,-1.1629,-0.6006,0.0698
2026-06-07,7,-0.9254,-0.1041,0.0639
2026-06-14,7,-0.9586,-0.1736,0.0493
2026-06-21,7,-0.9124,-0.077,0.0586
2026-06-28,7,-0.7438,0.2754,0.0543
2026-07-05,3,-0.7548,0.2524,0.0662
2026-07-12,7,-0.6146,0.5453,0.0562
2026-07-19,7,-0.8855,-0.0207,0.0587
2026-07-26,7,-0.7653,0.2305,0.0475
2026-08-02,7,-0.9317,-0.1173,0.0582
2026-08-09,7,-1.1591,-0.5925,0.0526
2026-08-16,7,-0.9176,-0.0879,0.0463
2026-08-23,7,-1.0722,-0.4108,0.0474
2026-08-30,5,-0.7593,0.2431,0.051
