GA;GB;G1;G2;G3;G4;G5;G6;G7;G8;G9;G10;G11;G12;G13;G14;G15;G16;G17;G18;G19;G20;G21;G22;G23;G24;G25;G26;G27;G28;G29;G30;G31;G32;G33;G34;G35;G36;G37;G38;G39;G40;G41;G42;G43;G44;G45;G46;G47;G48;G49;G50;G51;G52;G53;G54;G55;G56;G57;G58;G59;G60;G61;G62;G63;G64;G65;G66;G67;G68;G69;G70;G71;G72;G73;G74;G75;G76;G77;G78;G79;G80;G81;G82;G83;G84;G85;G86;G87;G88;G89;G90;G91;G92;G93;G94;G95;G96;G97;G98;G99;G100;G101;G102;G103;G104;G105;G106;G107;G108;G109;G110;G111;G112;G113;G114;G115;G116;G117;G118;G119;G120;G121;G122;G123;G124;G125;G126;G127;G128;G129;G130;G131;G132;G133;G134;G135;G136;G137;G138;G139;G140;G141;G142;G143;G144;G145;G146;G147;G148;G149;G150;G151;G152;G153;G154;G155;G156;G157;G158;G159;
Белгородская область;599 152 315;598 766 368;29 922;125 087 776;125 060 853;1 250 608 691;4 424;4 608;4 948;54 432;19;23 404;341 579 873;341 065 673;1 705 661 938;28 412;-2;4 067 923;4 067 870;24 407 447;421;-5;2;62 332;1;0;0;0;0;856 855;856 386;4 281 931;274;101 901 335;102 024 777;759 298 817;14 902;24 604 602;24 643 633;8 224;58 978;58 978;18;25 608 742;25 640 656;11 454;381 779;382 630;1 323;35;35;3;11 103;11 090;33;1 885;53 630;15;3;3;2;521 013 038;521 255 371;29 125;377 690 139;377 820 179;28 940;20 524 008;20 529 623;1 081;2 932 437;2 935 868;888;32 277 257;32 277 008;7 334;849 839;849 370;265;86 589 986;86 693 641;14 095;296 387;297 597;216;0;0;0;6 424;5 752;3;667 678;668 757;94;106 738 226;106 529 980;30 150;0;0;0;28 784 489;29 154 904;630;4 347 290;4 358 229;244;351 490 642;9 228;35 963 910;7 192 784;4 005 243;801 049;569 408;5 822 327;16 676;3 335;16 647;3 329;0;6;4;4;43 181 827;8 636 365;13 090 151;2 618 030;13 178;6 005 157;0;0;0;0;79 145 737;15 829 149;17 095 394;3 419 079;582 586;11 827 484;7 184 972;1 436 997;51 476;10 295;2 131;1 424 571;44 329;8 866;0;0;0;8 866;11;6;2 988 514;10 173 486;7 539;0;12;6;351 490 642;626 862;
Брянская область;248 359 031;248 282 680;12 210;32 009 641;32 003 726;320 037 264;1 943;6 819;6 819;75 013;18;28;143 240 621;143 178 291;715 891 455;11 604;0;3 251 603;3 246 401;19 478 405;313;0;0;0;0;0;0;0;0;456 330;459 750;2 298 749;135;56 509 475;56 562 429;392 323 611;6 289;11 702 232;11 700 812;2 769;273 433;273 433;9;12 886 382;12 826 902;4 369;272 883;272 602;913;247;247;3;489;489;20;17 189;6 379;26;-131;0;0;214 455 860;214 785 214;11 595;139 010 766;139 248 671;11 449;4 408 135;4 907 259;446;8 466 766;7 977 120;1 263;14 219 256;14 228 079;2 491;463 593;459 416;133;47 685 722;47 763 053;5 974;207 059;207 320;224;0;0;0;0;0;0;695 909;695 657;227;41 959 335;41 565 310;12 431;0;0;0;8 422 633;8 447 089;465;1 991 409;1 991 409;90;56 980 788;3 674;25 421 498;5 084 296;3 971 400;794 280;277 502;4 012 514;0;0;0;0;0;0;0;0;11 593 919;2 318 782;16 308;3 262;3 934;2 311 586;0;0;0;0;37 015 417;7 403 078;3 987 708;797 542;281 436;6 324 100;1 549 398;309 879;111 195;22 239;7 464;280 176;0;0;0;0;0;0;0;0;690 970;2 240 368;0;0;0;0;56 980 788;690 004;
Владимирская область;398 129 697;397 912 652;17 667;41 255 140;41 252 706;412 527 054;2 037;0;0;0;0;2;265 461 240;265 287 549;1 326 437 737;17 103;0;2 060 983;2 096 346;12 578 078;358;0;0;0;0;0;0;0;0;357 512;357 747;1 788 734;202;77 105 418;77 000 460;536 236 011;9 974;10 603 711;10 591 138;4 609;34 049;45 024;44;11 789 502;11 817 608;6 832;2 946 311;2 960 354;1 229;0;0;0;853;853;28;12 492;8 033;22;0;0;0;340 518 947;340 520 394;17 063;217 292 127;217 382 389;16 937;33 752 793;33 818 351;899;1 698 585;1 700 402;619;11 523 898;11 524 723;4 159;356 057;356 317;196;73 049 776;72 892 737;9 550;2 863 625;2 863 431;237;0;0;0;1;0;1;174 668;185 915;129;66 155 878;65 913 270;18 291;0;0;0;5 666 980;5 644 741;310;566 199;564 542;181;64 788 320;5 298;31 738 930;6 347 783;7 120 952;1 424 190;568 197;4 355 396;7;1;7;1;0;0;2;1;9 028 848;1 805 770;1 339 066;267 813;7 846;1 530 111;0;0;0;0;40 767 778;8 153 553;8 460 018;1 692 003;576 043;5 885 507;13 875 276;2 775 054;358 023;71 604;35 069;2 668 381;335;67;75;15;10;42;4;2;2 629 284;16 504 560;0;0;0;0;64 788 320;177 797;
Воронежская область;726 856 204;721 968 961;46 812;100 434 905;100 421 075;1 004 210 563;6 967;5 616;5 616;61 776;13;8;428 073 275;423 308 058;2 116 541 882;44 489;165;4 274 936;4 277 119;25 662 711;712;0;0;0;0;0;0;0;0;562 344;561 856;2 809 280;278;151 851 664;151 737 440;1 008 644 165;24 555;38 421 512;38 462 516;12 964;57 238;47 825;28;41 653 161;41 657 580;18 031;481 365;479 724;1 542;0;0;0;5 206;5 206;29;8 414;5 652;18;0;0;0;651 199 733;647 229 084;45 260;462 730 454;458 642 919;44 935;13 288 755;13 315 014;1 330;3 026 166;3 035 586;1 100;41 476 569;41 488 540;11 851;425 009;424 756;267;129 521 154;129 606 463;23 150;424 444;424 616;340;0;0;0;14;14;2;890 344;886 117;130;95 426 322;94 518 840;46 858;0;0;0;20 036 153;20 049 420;450;1 437 631;1 430 713;365;104 759 143;13 784;117 184 453;23 436 895;19 648 618;3 929 726;1 809 626;17 697 543;0;0;0;0;0;0;0;0;230 474 766;46 094 953;185 146 447;37 029 289;3 039;9 062 625;0;0;0;0;347 659 219;69 531 848;204 795 065;40 959 015;1 812 665;26 760 168;21 068 438;4 213 687;833 437;166 687;17 643;4 029 357;3 162;632;0;0;0;632;3;1;2 517 928;23 586 366;0;0;0;0;104 759 143;881 068;
Ивановская область;184 502 960;184 245 677;18 761;8 042 617;8 037 024;80 370 238;1 909;9 935;9 935;109 284;10;6;139 497 536;139 437 859;697 196 988;18 291;0;697 071;697 519;4 185 115;329;16 984;16 984;103 043;9;387;387;1 937;2;318 270;317 822;1 589 108;75;29 720 150;29 557 316;179 434 770;8 465;5 658 924;5 647 951;3 771;76 195;76 195;11;6 214 937;6 185 759;5 508;100 279;100 402;577;0;0;0;1 764;1 764;23;17 222;7 894;23;0;0;0;160 968 618;160 960 472;17 981;108 596 202;108 884 506;17 872;17 009 290;17 037 358;1 103;1 515 478;1 511 747;405;6 984 196;6 869 273;3 549;317 681;317 233;73;26 508 544;26 301 818;7 901;85 842;85 838;114;0;0;0;201;146;1;241 194;238 986;37;24 977 968;24 562 245;18 883;0;0;0;1 520 984;1 359 078;146;180 228;180 095;100;14 870 955;5 708;19 198 898;3 839 778;4 055 158;811 030;252 868;2 775 880;0;0;0;0;0;0;0;0;3 176 053;635 211;333 309;66 662;12 935;555 614;0;0;0;0;22 374 951;4 474 989;4 388 467;877 692;265 803;3 331 494;2 946 857;589 371;67 362;13 472;5 317;570 582;0;0;0;0;0;0;0;0;62 167;3 009 024;4 570;35;3;3;14 870 955;232 648;
Калужская область;485 704 096;485 529 317;19 366;36 346 579;36 356 036;363 560 358;1 832;6 081;6 081;66 893;6;74;304 074 964;303 999 882;1 519 999 407;18 566;0;5 705 016;5 706 869;34 241 212;294;0;0;0;0;-438;1;6;1;262 517;261 971;1 309 854;185;113 463 615;113 395 551;692 018 681;11 019;23 548 111;23 529 356;5 272;108 796;88 388;15;25 845 251;25 802 766;7 417;1 283 923;1 288 248;1 067;560;9 247;8;1 580;1 580;34;17 043;12 392;28;0;0;0;414 239 055;414 547 564;18 259;262 847 530;263 285 885;18 051;25 995 618;25 950 451;1 052;3 051 092;3 070 251;676;31 772 946;31 793 400;4 776;232 136;230 888;176;89 396 138;89 296 506;10 392;920 706;920 182;387;22 889;0;0;0;0;0;871 151;871 198;75;83 038 951;82 451 877;19 621;0;0;0;11 049 510;10 941 046;407;1 074 215;1 072 770;214;50 225 982;5 822;56 531 256;11 306 256;17 975 288;3 595 055;536 893;7 174 308;51;10;0;0;0;10;1;1;2 981 156 875;596 231 374;2 907 526 489;581 505 298;60 699;14 665 377;0;0;0;0;3 037 688 131;607 537 630;2 925 501 777;585 100 353;597 592;21 839 685;31 541 480;6 308 298;14 666 571;2 933 314;18 767;3 356 217;308;62;0;0;0;62;3;2;1 755 997;33 297 477;0;0;0;0;50 225 982;864 192;
Костромская область;123 723 422;123 511 902;7 903;8 213 831;8 200 023;82 000 234;963;4 488;4 561;50 171;6;49;93 720 229;93 543 986;467 719 930;7 651;0;335 486;335 402;2 012 411;136;192;218;1 307;1;0;0;0;0;217 573;217 573;1 087 866;88;17 821 008;17 818 851;109 305 678;4 000;2 944 257;2 938 975;1 748;0;0;0;3 405 282;3 390 662;3 041;285 409;285 235;678;0;0;0;479;479;13;4 181;4 060;12;0;0;0;103 913 340;103 832 020;7 563;79 455 952;79 366 514;7 507;2 962 389;2 963 910;296;1 365 650;1 368 097;250;3 131 981;3 142 667;1 620;216 477;216 477;87;16 602 728;16 600 763;3 820;178 613;178 613;102;755;755;7;114;114;1;46 628;46 628;35;21 762 521;21 641 708;8 312;0;0;0;1 674 472;1 680 275;108;48 145;48 124;59;251 299 788;2 435;111 218 147;22 243 629;102 988 587;20 597 717;146 005;1 499 907;0;0;0;0;0;0;0;0;1 264 770 923;252 954 185;1 183 786 654;236 757 331;4 582 449;11 614 405;0;0;0;0;1 375 989 070;275 197 814;1 286 775 241;257 355 048;4 728 454;13 114 312;8 088 114;1 617 622;31 812;6 362;3 775;1 607 485;0;0;0;0;0;0;0;0;2 022 707;10 110 821;0;0;0;0;251 299 788;46 612;
Курская область;259 754 103;259 554 974;14 073;56 527 627;56 521 910;565 219 097;3 276;13 980;13 980;153 788;25;47;140 113 530;139 928 668;699 574 726;12 669;0;1 199 205;1 199 158;7 194 947;227;194;194;1 963;3;36;36;216;1;417 195;417 201;2 086 007;139;47 061 111;47 069 578;327 019 950;6 858;13 806 938;13 796 072;3 224;633;544;2;14 429 096;14 411 815;4 871;107 586;106 107;844;0;0;0;749;753;27;91 794;72 480;19;0;0;0;230 012 292;230 049 430;13 373;163 478 440;163 533 704;13 272;6 637 319;6 636 216;363;1 212 805;1 212 359;464;14 658 306;14 684 235;2 891;414 381;414 376;137;43 533 475;43 490 306;6 378;81 453;81 409;141;0;0;0;1 700;1 700;5;858 336;847 256;27;43 413 256;43 166 601;14 041;0;0;0;14 308 740;14 309 412;504;1 731 062;1 730 729;120;98 097 237;4 369;26 111 014;5 222 206;3 265 066;653 012;658 311;3 910 883;15 000;3 000;494;99;2;2 899;4;2;7 415 373;1 483 074;1 675 308;335 062;4 518;1 143 494;0;0;0;0;33 526 387;6 705 280;4 940 374;988 074;662 829;5 054 377;1 718 311;343 661;61 596;12 319;3 726;327 616;12 112;2 422;11 762;2 352;5;65;4;4;817 799;2 536 110;963;0;1;1;98 097 237;762 809;
Липецкая область;453 986 937;453 265 251;18 443;61 893 522;61 891 682;618 916 816;2 393;4 933;4 846;53 310;7;204;274 314 883;273 917 549;1 369 596 430;17 549;0;2 314 400;2 287 446;13 724 677;303;5 117;5 117;28 154;13;0;0;0;0;287 179;287 885;1 439 424;210;91 652 485;91 457 064;610 211 555;8 611;22 630 386;22 557 133;4 867;15 094;15 094;10;23 519 437;23 418 734;7 067;786 144;687 456;968;498;397;1;116;116;12;50 531;53 252;10;148;148;2;452 621 570;452 522 703;17 829;318 941 568;319 010 444;17 724;19 331 108;19 900 172;538;2 124 393;2 128 867;419;25 479 014;25 401 216;4 410;282 078;282 375;196;85 828 784;85 178 014;8 013;660 235;653 416;290;0;0;0;0;0;0;94 598;94 680;34;51 452 380;50 806 722;18 590;0;0;0;49 645 295;49 371 644;313;8 140 388;8 282 138;248;458 239 150;5 633;20 651 094;4 130 218;7 376 201;1 475 242;217 803;2 437 173;25 512;5 102;22 420;4 484;2 878;-2 260;45;18;7 231 679;1 446 335;3 760 335;752 066;19 551;674 718;0;0;0;0;27 882 773;5 576 553;11 136 536;2 227 308;237 354;3 111 891;1 161 717;232 343;96 319;19 264;1 164;211 915;47 337;9 467;58;12;0;9 455;20;10;661 225;1 822 942;0;0;0;0;458 239 150;21 377;
Московская область;6 686 692 727;6 679 575 335;182 778;395 650 612;395 592 969;3 955 929 584;14 620;11 332;1 959;21 546;27;173 925;4 536 090 490;4 535 507 756;22 677 538 783;177 093;27;24 684 084;24 614 688;147 688 135;2 144;33 249;32 592;143 572;20;56 305;35 834;268 712;18;2 707 466;2 678 922;13 394 611;937;1 405 398 084;1 400 143 089;12 874 928 934;111 234;274 793 001;274 474 143;51 640;12 844 081;12 594 184;196;321 954 552;320 841 803;71 225;15 077 400;14 948 638;7 661;136 732;146 886;29;17 626;17 622;136;1 699 557;965 381;265;33 443;23 119;15;5 872 146 986;5 864 712 587;176 300;3 748 243 046;3 747 011 000;174 072;413 140 651;412 857 232;14 781;89 117 586;89 193 473;6 913;303 679 914;303 241 414;46 621;2 676 288;2 644 870;918;1 300 996 563;1 295 494 373;106 157;14 401 127;14 333 524;2 685;42 258;38 878;20;447 770;153 502;36;51 020 198;50 824 137;1 342;990 813 484;990 867 683;183 794;0;0;0;210 353 013;210 515 030;1 871;18 561 236;18 722 281;1 635;1 565 398 270;55 059;1 574 240 649;314 848 127;214 473 692;42 894 740;22 848 647;249 104 740;205 462;41 092;24 518;4 904;836;35 352;60;31;850 717 074;170 143 415;620 118 277;124 023 656;1 681 668;44 438 091;0;0;0;0;2 424 957 723;484 991 542;834 591 969;166 918 396;24 530 315;293 542 831;155 903 572;31 180 714;4 590 785;918 158;855 954;29 406 602;143 409;28 682;6 479;1 296;0;27 386;35;22;135 987 482;291 891 054;6 341 026;932 710;79;48;1 565 398 270;49 760 505;
Орловская область;153 384 408;153 163 745;10 037;18 773 096;18 694 013;186 940 208;2 041;11 094;12 220;134 423;7;3;85 274 103;85 165 691;425 821 750;9 194;3;1 967 876;1 968 478;11 810 870;322;355;355;4 463;2;0;0;0;0;144 218;142 502;712 509;103;36 233 213;36 209 236;242 439 426;4 917;10 650 303;10 642 469;2 030;17 469;17 469;11;10 980 802;10 971 599;3 134;154 232;154 202;567;0;0;0;7 417;7 417;19;10 558;9 118;18;0;0;0;138 629 884;138 615 974;9 531;85 554 930;85 572 428;9 449;5 970 415;5 967 564;313;1 558 072;1 559 902;330;11 811 171;11 807 242;1 849;143 878;142 162;101;33 544 006;33 524 514;4 640;56 777;56 692;146;0;0;0;0;0;0;93 910;93 910;41;19 885 899;19 668 686;10 223;0;0;0;4 940 156;4 933 212;285;318 298;317 994;96;29 801 292;3 028;12 915 983;2 583 195;3 001 205;600 242;190 963;1 791 990;453;91;0;0;0;91;4;1;3 451 579;690 317;814;163;20 452;669 702;0;0;0;0;16 367 562;3 273 512;3 002 019;600 405;211 415;2 461 692;2 163 946;432 790;24 881;4 976;2 599;425 215;0;0;0;0;0;0;0;0;98 930;2 262 876;0;0;0;0;29 801 292;88 335;
Рязанская область;420 286 746;419 986 081;19 648;28 253 899;28 245 407;282 454 068;2 596;1 125;1 299;14 288;12;0;271 711 966;271 681 875;1 358 409 375;18 687;0;2 804 238;2 777 702;16 666 214;476;575;551;5 514;1;0;0;0;0;115 555;114 907;574 518;118;90 497 263;90 343 184;558 482 640;10 361;25 737 050;25 666 495;4 972;32 441;32 441;21;26 898 267;26 818 129;7 299;143 243;142 718;754;0;0;0;4 777;4 120;36;34 886;27 685;21;0;0;0;357 706 357;357 670 546;18 997;236 341 689;236 541 783;18 839;10 287 487;10 286 905;724;1 808 280;1 811 235;463;28 283 134;28 136 137;4 473;114 088;113 439;115;80 796 858;80 687 316;9 773;119 480;118 554;173;0;0;0;646;646;2;175 278;175 465;80;71 332 119;71 059 801;19 762;0;0;0;8 693 856;8 695 153;229;1 143 059;1 143 058;156;30 498 893;5 910;36 733 771;7 346 752;4 867 999;973 601;674 409;5 698 742;0;0;0;0;0;0;0;0;56 561 162;11 312 232;3 317 806;663 561;159 560;10 489 111;0;0;0;0;93 294 933;18 658 984;8 185 805;1 637 162;833 969;16 187 853;2 073 778;414 755;69 793;13 958;83;400 714;28 062;5 612;0;0;0;5 612;3;1;727 023;2 800 801;0;0;0;0;30 498 893;172 323;
Смоленская область;361 489 634;360 384 657;21 619;22 303 179;22 321 830;223 218 305;2 606;14 390;14 390;158 293;17;0;232 367 307;231 359 316;1 156 874 936;20 481;101;6 425 586;6 403 156;38 418 935;448;0;0;0;0;0;0;0;0;183 413;183 272;916 359;112;84 002 996;83 945 054;515 377 246;10 278;14 934 743;14 919 866;4 368;567 836;568 096;34;16 192 488;16 157 511;6 451;645 597;642 590;1 684;17 310;17 244;14;733;733;31;29 580;23 407;69;0;0;0;336 631 125;336 058 763;21 480;184 465 613;183 916 051;20 929;14 014 529;13 990 725;1 298;39 350 901;39 393 699;5 819;13 575 783;13 569 150;3 811;162 834;162 691;108;84 465 808;84 436 478;9 618;600 068;596 625;676;0;0;0;5 194;538;3;6 567 113;6 569 684;1 082;38 661 852;38 158 626;18 915;0;0;0;19 617 841;19 669 345;4 520;133 385;132 898;96;204 905 838;6 751;22 093 444;4 418 689;5 256 071;1 051 216;303 365;3 064 108;0;0;0;0;0;0;0;0;7 695 709;1 539 141;425 237;85 047;8 886;1 445 208;0;0;0;0;29 789 153;5 957 830;5 681 308;1 136 263;312 251;4 509 316;3 552 819;710 564;44 172;8 833;3 036;698 695;664;133;0;0;0;133;4;2;9 944 842;13 497 661;0;0;0;0;204 905 838;6 290 644;
Тамбовская область;197 501 774;197 411 782;10 398;40 700 012;40 701 238;407 014 255;2 949;3 552;3 552;37 617;10;260;98 156 361;98 136 521;490 673 739;9 309;0;368 598;367 271;2 215 470;207;0;0;0;0;0;0;0;0;659 364;659 711;3 298 555;135;41 237 764;41 198 024;292 737 901;4 991;14 837 970;14 825 495;2 416;970 788;970 905;4;16 405 240;16 374 639;3 704;109 481;108 878;790;0;0;0;537;493;18;221 310;17 469;7;918;914;1;176 525 134;176 640 498;9 909;118 154 108;118 401 466;9 834;2 865 621;2 866 405;117;544 516;544 832;151;14 353 188;14 286 615;2 139;655 277;656 024;127;39 836 136;39 787 149;4 618;105 118;97 872;123;0;0;0;18 899;11 396;3;1 132 822;929 478;11;26 082 749;25 847 337;10 643;0;0;0;5 926 659;5 891 696;160;336 875;347 619;101;31 231 373;3 194;14 296 706;2 859 341;1 692 389;338 478;115 070;2 405 793;0;0;0;0;0;0;0;0;6 893 498;1 378 701;4 131 799;826 360;669;551 672;0;0;0;0;21 190 204;4 238 042;5 824 188;1 164 838;115 739;2 957 465;2 529 438;505 889;294 935;58 987;19 670;427 232;600;120;0;0;0;120;1;1;28 088;2 557 526;9 221;0;1;1;31 231 373;911 806;
Тверская область;320 584 015;320 047 867;19 658;21 612 997;21 555 126;215 551 260;2 014;32 422;32 422;356 641;21;-3;223 883 319;223 725 722;1 118 646 718;19 074;0;1 935 579;1 937 969;11 627 814;391;538;538;3 458;5;4 123;4 123;34 489;3;240 242;240 242;1 201 210;135;62 493 687;62 180 596;383 802 507;9 947;8 731 722;8 723 275;4 728;56 825;56 796;23;10 384 533;10 374 548;7 022;318 499;318 297;1 790;179;179;1;1 561;1 561;29;10 017;5 375;10;0;0;0;278 360 562;278 049 846;18 350;202 020 386;201 903 618;18 223;9 522 456;9 527 478;681;1 456 066;1 456 206;451;8 771 721;8 772 227;4 290;239 820;239 711;128;56 085 932;55 888 063;9 356;264 391;264 218;266;0;0;0;0;0;0;2 396 486;2 387 142;129;49 310 179;49 089 714;20 795;0;0;0;9 098 516;9 098 730;295;3 267 081;3 309 106;162;51 453 109;6 128;40 569 110;8 113 823;8 560 746;1 712 148;914 017;5 487 658;0;0;0;0;0;0;0;0;5 956 781;1 191 358;115 830;23 166;10 153;1 158 039;0;0;0;0;46 525 891;9 305 181;8 676 576;1 735 314;924 170;6 645 697;15 925 216;3 185 043;366 066;73 213;11 679;3 100 151;0;0;0;0;0;0;0;0;2 669 536;18 594 752;0;0;0;0;51 453 109;2 379 263;
Тульская область;670 134 351;669 242 108;23 602;33 279 306;33 257 796;332 577 758;2 667;15 730;15 730;173 028;12;3 797;442 726 604;442 107 940;2 210 528 902;22 586;0;4 048 181;4 048 312;24 289 873;559;34 369;34 246;176 541;8;-14;1;6;1;728 785;727 275;3 636 373;236;125 701 801;125 703 887;771 107 436;12 429;35 198 414;35 102 220;6 110;36 010;35 796;25;63 637 818;63 377 371;8 758;1 878 698;1 874 604;1 298;1 363;1 363;5;2 008;2 008;39;22 483;12 273;29;0;0;0;595 452 873;595 354 431;22 579;388 216 666;388 625 863;22 378;50 173 335;50 170 604;810;4 193 655;4 207 462;577;42 327 729;42 252 232;5 495;727 393;720 662;230;107 945 658;107 498 260;11 773;1 882 570;1 881 612;318;0;0;0;17 484;1 808;2;315 555;315 603;100;103 726 726;103 011 598;23 983;0;0;0;28 106 700;27 417 210;548;2 332 749;2 332 815;252;180 424 037;7 242;49 949 191;9 989 838;14 209 444;2 841 890;1 561 585;5 586 363;0;0;0;0;0;0;0;0;14 064 391;2 812 878;18 845;3 769;26 303;2 782 806;0;0;0;0;64 013 582;12 802 716;14 228 289;2 845 659;1 587 888;8 369 169;12 269 634;2 453 927;1 149 948;229 989;713 597;1 510 341;1 729;346;257;51;0;295;4;3;2 212 741;14 482 375;0;0;0;0;180 424 037;290 820;
Ярославская область;470 785 424;470 966 528;29 321;14 232 173;14 195 606;141 945 509;2 326;146;146;1 610;7;411;321 169 066;321 110 087;1 605 550 000;28 640;250;2 492 803;2 495 508;14 973 049;426;656;656;3 279;2;0;0;0;0;422 751;421 593;2 107 964;204;108 058 292;108 398 201;657 815 991;15 613;21 681 599;21 617 441;7 350;719 636;719 824;48;24 415 010;24 344 772;10 580;431 108;426 745;1 069;51;51;1;8 943;8 943;44;9 375;8 408;21;1;1;1;400 823 282;401 493 260;28 247;267 151 143;267 780 480;28 090;13 052 047;13 060 223;884;2 094 525;2 095 493;567;28 615 461;28 657 483;6 574;420 338;419 180;195;89 283 605;89 262 874;14 840;265 349;264 136;296;11;11;1;0;0;0;1 666 806;1 666 646;130;77 946 704;77 432 561;29 768;0;0;0;9 100 085;9 087 725;406;1 853 996;1 854 294;194;87 396 104;8 726;101 827 959;20 365 593;14 524 939;2 904 987;2 123 959;15 336 647;19 796;3 959;141;28;0;3 931;8;4;12 600 250;2 520 051;3 325 726;665 145;6 614;1 848 292;0;0;0;0;114 428 209;22 885 644;17 850 665;3 570 132;2 130 573;17 184 939;44 283 772;8 856 754;172 889;34 578;20 431;8 801 745;43 320;8 664;36 308;7 262;0;1 402;6;5;6 484 957;50 768 729;0;0;0;0;87 396 104;1 664 263;
г.Москва;32 535 843 222;31 812 331 863;627 350;952 014 775;949 196 587;9 983 839 695;46 588;2 217 011;2 218 476;24 403 240;155;1 934 428;21 721 064 628;21 057 098 127;105 284 960 558;608 227;850;127 257 777;127 973 859;767 815 329;7 197;3 594 990;3 593 385;17 978 931;63;141 140;35 026;196 012;74;56 099 536;56 418 386;282 092 046;1 093;7 591 325 420;7 538 096 474;45 879 028 009;340 842;1 586 917 592;1 583 383 973;151 887;268 865 252;268 394 251;606;2 034 657 412;2 030 134 856;208 480;170 248 732;169 684 825;23 767;896 018;920 968;249;15 244;15 253;101;2 686 564;2 255 738;1 047;18 284;17 558;46;29 426 448 494;28 734 747 385;609 475;18 409 804 988;17 752 914 721;601 004;1 960 744 746;1 954 891 145;60 341;257 062 848;255 887 983;19 993;1 832 886 628;1 829 162 993;137 270;56 083 398;56 352 441;1 049;6 777 185 974;6 753 781 169;326 169;132 867 919;132 262 967;12 506;47 875;44 135;78;526 577;460 688;120;1 263 670 812;1 263 207 795;5 388;4 349 582 143;4 313 498 526;616 475;16 737 503;16 689 592;641;2 328 813 693;2 325 112 639;7 211;361 103 299;361 147 180;2 800;16 193 738 853;200 843;7 037 965 452;1 407 593 086;2 000 626 801;400 125 358;124 812 968;882 654 760;1 219 232;243 846;491 680;98 336;164 222;-18 712;49;30;111 341 952 470;22 268 390 494;89 794 108 036;17 958 821 607;144 176 208;4 165 392 679;74 490;14 898;14;7;118 379 992 412;23 675 998 478;91 794 734 837;18 358 946 965;268 989 176;5 048 062 337;14 060 026 049;2 812 005 210;2 830 287 647;566 057 531;13 923 512;2 232 024 167;8 332 488;1 666 498;386 460;77 292;2 417;1 586 789;136;67;14 267 328 181;28 327 354 230;310 593;16;27;29;16 193 738 853;1 258 580 499;
Республика Карелия;94 252 480;94 122 626;6 020;4 147 998;4 144 407;41 444 177;640;11;11;118;1;0;73 196 945;73 123 271;365 611 083;5 790;0;170 867;162 788;976 730;90;0;0;0;0;0;0;0;0;120 643;120 625;603 124;133;12 066 788;12 025 692;73 636 189;3 068;4 340 111;4 323 483;1 487;20 267;19 798;15;4 549 222;4 545 832;2 283;141 647;140 151;1 595;0;0;0;114;114;8;41 105;5 616;9;0;0;0;76 058 675;76 080 470;5 767;58 391 184;58 380 132;5 707;644 277;643 934;161;723 723;723 723;99;4 462 204;4 463 798;1 294;117 181;116 630;127;11 613 337;11 643 219;2 896;110 014;108 860;194;0;0;0;-166;0;1;456 873;454 464;128;24 144 437;23 977 419;7 162;0;0;0;6 198 438;6 223 555;430;562 705;562 705;66;60 856 126;2 104;15 426 857;3 085 371;2 547 713;509 541;341 154;2 234 676;0;0;0;0;0;0;0;0;7 718 339;1 543 668;3 302 485;660 497;9 265;873 906;0;0;0;0;23 145 196;4 629 039;5 850 198;1 170 038;350 419;3 108 582;1 793 363;358 672;41 683;8 337;6 634;343 701;0;0;0;0;0;0;0;0;5 306 486;7 099 849;7;0;1;1;60 856 126;414 254;
Республика Коми;231 872 299;231 691 693;4 242;2 579 444;2 546 011;25 460 109;512;1 381;1 381;15 186;4;723;180 751 217;180 606 608;903 033 036;4 119;0;367 202;367 910;2 207 463;72;0;0;0;0;-509;0;0;0;491 276;488 650;2 443 248;119;41 944 627;41 941 123;251 895 976;1 972;4 867 269;4 869 266;839;2 992;2 885;6;5 736 429;5 739 288;1 525;163 871;164 126;2 510;0;0;0;3 695;3 695;32;82 702;682;1;0;0;0;167 852 732;167 821 370;4 031;119 992 764;119 976 749;4 002;1 152 559;1 152 608;71;274 552;274 552;51;5 620 549;5 622 812;710;489 968;487 650;118;40 208 199;40 193 298;1 862;114 140;113 702;169;0;0;0;652;652;1;835 125;835 125;51;67 750 925;67 516 152;6 371;0;0;0;4 274 616;4 270 919;279;3 558 594;3 563 232;76;84 714 053;1 844;12 738 583;2 547 715;1 397 252;279 449;60 166;2 208 100;0;0;0;0;0;0;0;0;125 279 052;25 055 811;821;164;312;25 055 335;0;0;0;0;138 017 635;27 603 526;1 398 073;279 613;60 478;27 263 435;2 922 892;584 578;83 730;16 745;114 714;453 119;0;0;0;0;0;0;0;0;289 551;3 212 443;0;0;0;0;84 714 053;752 764;
Архангельская область;222 469 947;222 213 973;7 793;7 193 986;7 190 938;71 909 375;1 086;1;1;6;1;0;159 166 844;158 985 097;794 928 388;7 533;0;252 826;251 959;1 511 157;210;0;0;0;0;0;0;0;0;436 876;444 342;2 221 710;162;42 021 237;41 973 331;255 569 388;3 920;9 713 979;9 701 110;1 639;42 477;42 541;23;13 398 109;13 368 288;2 955;256 290;255 419;1 665;0;0;0;939;924;35;10;0;0;61;10;4;191 428 799;191 252 367;7 335;130 988 962;130 860 948;7 274;1 053 252;1 053 445;116;325 929;325 929;92;9 613 301;9 616 974;1 457;420 917;427 926;153;48 980 822;48 919 510;3 625;48 980;47 678;249;0;0;0;0;0;0;5 037 980;5 032 864;91;45 558 472;45 494 097;8 833;0;0;0;19 235 742;19 232 685;345;3 742 231;3 742 046;100;135 215 909;2 620;40 899 037;8 179 803;5 593 121;1 118 621;2 730 775;4 330 407;0;0;0;0;0;0;0;0;13 397 458;2 679 492;1 236 602;247 321;4 476;2 427 695;0;0;0;0;54 296 495;10 859 295;6 829 723;1 365 942;2 735 251;6 758 102;2 611 486;522 297;270 756;54 151;152 979;315 167;0;0;0;0;0;0;0;0;17 690 005;20 301 491;0;0;0;0;135 215 909;5 030 302;
Вологодская область;525 089 903;524 879 574;20 648;18 128 897;18 123 517;181 241 678;2 109;2 770;2 770;30 472;10;-34;389 730 079;389 555 843;1 958 884 328;20 119;0;3 415 732;3 421 134;20 521 799;365;2 552;2 552;26 600;1;0;0;0;0;1 401 751;1 401 751;7 008 753;225;98 093 613;98 074 756;598 760 194;8 921;13 260 701;13 244 708;5 170;17 601;17 601;5;14 317 069;14 299 617;7 591;121 490;121 412;1 071;30;30;1;232;232;13;11 368;10 075;8;2;2;1;485 754 920;486 089 485;20 067;358 772 670;359 144 698;19 953;7 952 309;7 952 806;353;6 119 654;6 132 890;286;14 175 803;14 162 045;4 778;1 398 401;1 398 401;218;97 291 308;97 221 946;8 324;88 922;87 345;199;68;68;1;0;0;0;630 715;626 837;95;76 665 011;76 123 357;20 930;0;0;0;37 753 926;37 762 579;378;7 789 825;7 790 973;187;425 736 599;6 418;38 903 477;7 780 694;4 119 742;823 948;265 930;6 690 816;215 383;43 077;5 286;1 057;0;42 020;10;4;702 390 533;140 478 106;677 868 615;135 573 723;116 520;4 787 863;0;0;0;0;741 294 010;148 258 800;681 988 357;136 397 671;382 450;11 478 679;10 347 753;2 069 551;3 249;650;304;2 068 597;389;78;0;0;0;78;6;3;870 032;11 217 785;709;141;1;1;425 736 599;611 794;
Калининградская область;385 505 157;383 997 852;12 659;45 575 140;45 573 709;455 737 088;2 012;11 735;11 735;129 090;17;262;229 912 944;229 555 294;1 147 775 674;11 922;0;1 393 801;1 395 212;8 371 272;351;2 012;1 933;4 302;5;505;505;2 480;4;350 961;353 547;1 767 733;122;95 999 233;94 902 738;605 301 497;6 138;10 957 403;10 788 025;2 585;1 924;1 924;7;11 839 607;11 666 452;4 066;675 201;672 402;688;0;0;0;878;879;24;9 449;10 739;16;0;0;0;339 704 881;336 191 627;11 989;218 438 014;218 866 573;11 778;14 135 528;14 091 026;1 266;2 276 758;2 277 667;601;12 074 297;12 017 227;2 315;349 666;349 697;116;91 970 257;87 961 310;5 835;564 711;513 359;245;84;84;1;1 062;1 062;5;7 781 520;7 771 114;466;73 933 503;76 254 736;12 359;0;0;0;35 153 621;35 444 397;684;1 034 772;1 034 771;97;213 203 620;3 922;68 199 364;13 639 874;22 847 500;4 569 500;2 834 131;6 236 243;1 567;313;5 442;1 088;0;-775;8;5;597 606 785;119 521 356;184 322 941;36 864 588;184 480;82 472 288;0;0;0;0;665 806 149;133 161 230;207 170 441;41 434 088;3 018 611;88 708 531;214 708 127;42 941 626;197 584 914;39 516 983;8 782;3 415 861;10 295;2 059;2 366;473;18;1 568;2;2;21 910 994;236 619 121;528;0;3;2;213 203 620;7 708 090;
Ленинградская область;824 921 533;825 128 110;29 584;31 630 434;31 620 517;316 205 078;2 396;5 175;5 175;56 927;20;809;584 820 519;585 250 998;2 926 254 841;28 614;0;3 751 803;3 741 596;22 449 576;494;1 481;1 481;12 441;6;0;0;0;0;722 678;722 085;3 610 427;302;166 846 802;166 656 606;1 027 381 586;15 669;34 582 695;34 621 906;7 884;18 614;18 614;23;37 136 438;37 123 723;11 085;6 733 119;6 699 189;2 883;18;18;1;3 388;3 388;48;26 987;8 900;10;43;43;9;799 003 409;798 006 360;28 487;509 788 715;510 233 232;28 213;51 995 573;51 995 651;1 659;4 391 847;4 394 463;799;99 104 518;97 870 054;7 138;725 776;725 037;295;126 635 411;126 452 668;14 826;6 387 428;6 359 976;536;0;0;0;2 450;0;0;13 309 763;13 311 876;331;208 025 380;207 826 531;31 362;0;0;0;188 505 875;187 156 239;626;8 295 878;8 288 055;447;705 427 699;9 531;101 600 919;20 320 182;11 840 034;2 368 009;152 283 632;-134 331 459;1 932;386;715;143;164;79;23;8;91 171 685;18 234 338;50 758 212;10 151 643;11 598;8 071 097;0;0;0;0;192 772 604;38 554 520;62 598 246;12 519 652;152 295 230;-126 260 362;22 275 948;4 455 189;828 302;165 661;66 086;4 223 442;195 950;39 190;9 417;1 883;1 115;36 192;31;13;20 424 569;42 700 517;43 543;617;9;8;705 427 699;13 288 702;
Мурманская область;149 391 730;148 266 860;5 613;11 447 420;11 439 798;114 398 008;1 417;-851;17;189;4;0;106 361 736;105 409 491;527 047 455;5 117;0;484 552;484 367;2 906 203;136;0;0;0;0;0;0;0;0;437 786;426 120;2 130 599;64;21 590 487;21 586 217;141 439 783;2 549;8 303 462;8 159 740;1 176;244 438;244 438;13;9 070 599;8 920 849;1 861;538 168;537 861;1 884;0;0;0;1 544;1 544;20;49 933;49 927;6;0;0;0;209 931 820;208 826 807;5 258;166 777 595;166 671 157;5 209;3 577 746;3 577 746;179;452 879;452 879;89;12 711 535;12 705 169;965;426 203;414 533;63;25 509 923;24 530 024;2 428;484 987;480 798;233;0;0;0;17 757;17 757;2;5 301 143;5 301 421;112;30 401 294;30 273 208;7 000;0;0;0;95 631 783;95 526 960;381;4 705 283;4 700 174;90;634 581 482;2 040;27 545 960;5 509 190;3 862 588;772 518;653 159;4 083 513;0;0;0;0;0;0;0;0;10 347 102;2 069 422;1 547 541;309 508;14 354;1 745 560;0;0;0;0;37 893 062;7 578 612;5 410 129;1 082 026;667 513;5 829 073;8 980 017;1 796 002;51 368;10 273;2 063;1 783 666;27 534;5 507;0;0;0;5 507;1;1;35 969 733;44 949 750;0;0;0;0;634 581 482;5 266 458;
Новгородская область;137 381 628;137 267 103;7 696;10 575 692;10 573 648;105 736 483;871;5 696;5 696;62 654;6;1 727;91 361 420;91 269 132;456 342 501;7 432;1;1 727 296;1 730 421;10 382 524;180;0;0;0;0;0;0;0;0;274 543;274 656;1 373 279;71;28 709 187;28 709 013;176 510 266;3 879;4 057 370;4 056 099;2 018;49 752;42 286;13;4 726 523;4 703 266;3 130;85 491;85 470;481;2 066;2 066;3;100;100;9;1 396;1 396;6;0;0;0;132 662 857;132 755 893;7 441;95 350 462;95 441 744;7 385;6 076 681;6 072 974;326;810 837;813 938;237;3 440 047;3 434 421;1 873;262 752;262 864;71;26 650 521;26 659 813;3 674;70 511;70 139;119;0;0;0;0;0;0;260 402;261 014;69;22 121 476;21 916 268;7 750;0;0;0;17 531 825;17 534 819;213;1 233 853;1 253 855;52;108 238 600;2 353;11 240 874;2 248 174;1 532 391;306 478;626 307;1 315 389;0;0;0;0;0;0;0;0;12 618 219;2 523 644;7 717 532;1 543 507;24 265;955 872;0;0;0;0;23 859 093;4 771 818;9 249 923;1 849 985;650 572;2 271 261;1 470 381;294 075;13 211;2 642;344;291 089;100;20;0;0;0;20;1;1;164 920;1 635 301;4 261;0;1;1;108 238 600;260 964;
Псковская область;93 637 489;93 419 493;6 969;17 084 315;17 076 493;170 764 934;935;8 361;6 133;67 461;22;3 988;55 840 890;55 770 985;278 854 875;6 734;0;1 368 419;1 384 708;8 308 250;147;547;547;6 038;3;113;113;566;1;141 863;141 476;707 382;77;16 355 737;16 203 811;99 581 705;3 293;2 570 094;2 568 902;1 616;12 827;13 256;11;2 833 917;2 831 898;2 485;36 483;36 166;573;0;0;0;4;4;5;1 528;905;11;0;0;0;82 925 477;82 732 271;6 709;61 117 814;61 078 708;6 628;2 956 432;2 954 338;346;805 818;806 399;421;2 734 228;2 741 609;1 368;141 251;140 864;76;15 031 903;14 883 237;3 120;155 904;146 342;110;0;0;0;42;42;2;576 880;577 320;252;13 422 946;13 397 437;6 986;0;0;0;3 220 546;3 224 158;491;36 295;36 277;39;18 305 484;2 157;10 672 036;2 134 409;1 696 558;339 313;272 802;1 522 294;0;0;0;0;0;0;0;0;739 676;147 935;182 725;36 545;4 141;107 249;0;0;0;0;11 411 712;2 282 344;1 879 283;375 858;276 943;1 629 543;683 982;136 796;193 450;38 690;1 891;96 215;0;0;0;0;0;0;0;0;111 799;795 781;0;0;0;0;18 305 484;573 647;
г.Санкт - Петербург;9 357 740 411;9 337 979 708;256 786;220 416 115;220 292 664;3 623 164 742;17 315;7 667;7 881;86 695;64;48 562;6 586 342 313;6 565 369 007;32 827 692 440;250 126;90;25 080 827;25 052 231;150 367 453;3 024;33 560;33 949;233 690;18;3 489;3 489;27 634;6;4 212 032;4 168 759;20 844 069;597;1 893 460 408;1 891 223 541;11 463 010 804;155 602;462 393 818;461 519 106;77 790;1 473 971;1 435 196;215;486 171 433;489 845 118;103 258;14 489 405;14 368 420;9 611;36 513;35 548;66;6 096;6 029;82;1 127 276;1 045 462;323;197;171;25;8 489 030 110;8 479 240 669;250 449;5 873 507 207;5 870 201 884;247 865;349 450 481;349 331 212;21 506;38 792 781;38 598 384;7 759;491 684 478;491 734 327;70 231;4 200 034;4 155 105;562;1 720 325 870;1 714 122 397;149 315;11 581 542;11 567 047;3 424;-4 751;1 313;10;1 252 397;1 233 247;21;475 171 847;475 680 669;2 522;1 236 462 736;1 226 054 304;258 070;0;0;0;827 715 624;827 917 124;2 451;301 074 903;301 160 033;1 307;6 116 856 758;75 580;1 531 049 545;306 209 906;627 944 833;125 588 969;33 089 151;147 531 786;167 702;33 540;28 888;5 778;7 030;20 732;37;25;11 209 693 876;2 241 938 775;9 658 258 039;1 931 651 610;24 274 913;286 012 252;0;0;0;0;12 740 743 421;2 548 148 681;10 286 202 872;2 057 240 579;57 364 064;433 544 038;493 378 129;98 675 625;88 741 096;17 748 220;1 050 338;79 877 067;825 612;165 122;20 104;4 021;2 437;158 664;73;46;219 784 150;713 162 279;6 794 765;116 816;167;107;6 116 856 758;474 891 151;
Ненецкий АО;0;0;0;0;0;0;0;0;0;0;0;0;0;0;0;0;0;0;0;0;0;0;0;0;0;0;0;0;0;0;0;0;0;0;0;0;0;0;0;0;0;0;0;0;0;0;0;0;0;0;0;0;0;0;0;0;0;0;0;0;0;0;0;0;0;0;0;0;0;0;0;0;0;0;0;0;0;0;0;0;0;0;0;0;0;0;0;0;0;0;0;0;0;0;0;0;0;0;0;0;0;0;0;0;0;0;0;0;0;0;0;0;0;0;0;0;0;0;0;0;0;0;0;0;0;0;0;0;0;0;0;0;0;0;0;0;0;0;0;0;0;0;0;0;0;0;0;0;0;0;0;0;0;0;0;0;0;0;0;0;
Республика Дагестан;91 629 692;90 381 337;8 802;5 296 845;5 236 584;52 365 843;841;73 083;71 672;788 389;29;-175;67 685 524;66 954 665;334 773 327;8 226;0;187 462;178 243;1 069 458;170;5 849;5 235;29 470;8;5 121;4 091;20 457;8;77 021;77 002;385 012;27;14 013 541;13 672 879;83 326 786;2 961;3 834 456;3 741 975;1 889;1 954;1 954;2;4 294 693;4 192 802;2 549;112 745;110 099;131;0;0;0;0;0;0;1 112;781;4;1 063;1 063;7;78 709 971;78 030 907;8 226;60 299 405;60 133 850;8 071;1 379 255;1 378 375;323;267 569;268 176;99;5 069 597;4 867 603;1 825;74 711;74 711;26;11 453 419;11 137 722;2 489;67 437;68 803;47;-8 090;4;1;0;0;0;155 680;155 680;24;14 878 266;14 250 520;8 677;0;0;0;1 802 301;1 745 898;63;52 145;52 118;28;21 794 488;2 864;20 996 483;4 199 294;5 343 149;1 068 629;238 819;2 891 846;50 631;10 126;386 067;77 213;602;-67 689;25;12;482 292;96 459;3 970;794;372;95 293;0;0;0;0;21 478 775;4 295 753;5 347 119;1 069 423;239 191;2 987 139;2 885 469;577 095;246 379;49 276;55 177;472 642;825 472;165 094;221 450;44 290;55 177;65 627;31;13;88 405;2 973 874;105 813;0;12;9;21 794 488;155 681;
Республика Ингушетия;14 411 312;13 911 921;1 746;586 386;578 907;5 788 784;108;11;11;122;1;356;10 407 746;10 136 437;50 708 643;1 633;0;328 281;317 956;1 907 737;29;0;0;0;0;0;0;0;0;12 797;12 797;63 985;4;2 183 223;2 005 359;11 642 415;389;838 658;828 926;332;0;0;0;892 469;860 056;430;7 087;7 087;15;0;0;0;1 568;1 568;4;0;0;0;42;42;2;13 208 312;12 815 248;1 665;10 504 927;10 175 916;1 640;214 529;220 227;44;155;155;1;969 275;961 636;286;12 797;12 797;4;1 492 798;1 445 287;297;359;368;2;1 179;1 418;1;0;0;0;10 697;10 697;5;1 589 834;1 485 404;1 714;0;0;0;392 193;391 817;11;8 108;8 107;4;102 643;605;1 177 285;235 457;166 706;33 341;3 519;198 597;53 998;10 800;5 000;1 000;0;9 800;13;4;0;0;0;0;0;0;0;0;0;0;1 177 285;235 457;166 706;33 341;3 519;198 597;313 573;62 715;131 890;26 378;0;36 337;296 474;59 295;131 465;26 293;0;33 002;4;1;216 051;529 624;1 089;0;1;1;102 643;10 698;
Кабардино-Балкарская Республика;48 046 787;47 795 466;4 643;5 320 239;5 305 144;53 051 265;1 175;8 624;7 701;84 709;24;-13;33 465 305;33 309 789;166 546 525;3 924;0;86 742;85 844;515 065;108;0;0;333;0;0;0;0;0;41 879;41 879;209 397;18;6 870 019;6 790 093;42 527 428;1 496;2 101 999;2 106 344;1 003;0;0;0;2 253 701;2 254 872;1 324;7 542;7 542;81;0;0;0;1 063;1 063;4;2 684;2 567;8;143;10;4;43 041 606;43 084 850;4 212;33 543 775;33 688 644;4 163;768 482;764 051;140;165 829;166 048;50;2 577 062;2 575 210;977;41 790;41 790;17;5 959 604;5 852 571;1 241;2 363;2 363;10;0;0;0;0;0;0;7 754;7 754;13;6 559 717;6 268 713;4 609;0;0;0;1 567 497;1 545 832;78;446 812;447 008;33;3 028 840;1 489;7 001 841;1 400 367;1 110 550;222 110;26 571;1 151 686;21 218;4 244;5 152;1 030;858;2 356;6;2;1 283 017;256 603;11 321;2 264;5 909;248 430;0;0;0;0;8 284 858;1 656 970;1 121 871;224 374;32 480;1 400 116;810 042;162 008;111 070;22 214;29 267;110 527;0;0;100 469;20 094;0;-20 094;0;0;0;810 042;19 532;1 522;8;4;3 028 840;5 478;
Карачаево-Черкесская Республика;36 474 800;36 332 158;2 571;2 964 975;2 937 436;29 374 359;329;7 524;7 666;84 158;14;25;23 930 424;23 857 220;119 277 700;2 376;0;91 552;90 850;545 098;70;20 130;20 130;172 974;1;0;0;0;0;112 345;112 273;561 366;19;8 044 514;8 014 761;51 880 166;885;1 181 107;1 165 246;532;8;8;1;1 323 440;1 311 928;811;5 008;5 006;58;0;0;0;75;75;4;1 343;0;0;0;0;0;32 015 387;31 984 619;2 373;23 057 021;23 055 019;2 352;437 735;437 638;52;92 154;91 356;30;1 403 175;1 367 856;484;112 345;112 273;19;6 908 095;6 914 407;774;3 511;3 511;17;2 395;2 395;1;0;0;0;3 806;3 806;10;4 655 713;4 539 500;2 593;0;0;0;184 604;184 923;16;119 823;119 823;13;2 678 438;806;1 945 090;389 018;157 265;31 454;7 015;350 549;66 566;13 313;8 270;1 654;0;11 659;19;6;156 328;31 266;0;0;11;31 255;0;0;0;0;2 101 418;420 284;157 265;31 454;7 026;381 804;924 096;184 819;61 743;12 348;4 552;167 919;0;0;0;0;0;0;0;0;0;924 096;2 374;0;1;1;2 678 438;2 463;
Республика Северная Осетия - Алания;41 903 974;41 548 193;3 551;3 405 910;3 394 901;33 949 009;534;14 133;14 084;154 921;11;0;28 585 988;28 454 228;142 270 630;3 154;0;888 694;873 225;5 239 348;128;837;837;4 183;2;0;0;0;0;70 977;40 657;203 285;23;6 993 907;6 871 421;44 195 892;1 331;1 814 753;1 784 568;776;1 003;996;2;1 953 263;1 899 654;1 064;14 624;14 579;128;0;0;0;1 406;1 406;6;5 366;1 054;2;-8 898;24;4;36 868 892;36 673 934;3 246;26 500 857;26 419 919;3 196;2 059 890;2 078 202;118;211 601;210 510;69;2 420 046;2 382 029;731;64 495;31 729;20;5 636 061;5 554 301;1 138;894;894;19;0;0;0;63;0;0;30 390;30 735;34;7 024 723;6 879 927;3 553;0;0;0;1 885 293;1 905 300;106;170 138;165 026;21;4 424 351;1 205;7 364 156;1 472 831;1 009 817;201 963;86 535;1 184 333;4 603;921;3 859;772;1 634;-1 485;7;3;443 217;88 643;164 828;32 966;228;55 449;0;0;0;0;7 807 373;1 561 474;1 174 645;234 929;86 763;1 239 782;1 720 799;344 160;692 794;138 559;97 589;108 012;60 219;12 044;14 028;2 806;4 399;4 839;13;5;30 926;1 751 725;263 379;0;13;6;4 424 351;30 309;
Чеченская Республика;227 824 047;188 844 890;5 577;5 813 263;5 769 085;57 688 229;580;90 229;90 469;995 161;14;481 833;191 578 351;153 235 845;766 114 406;5 258;0;1 164 870;1 165 822;6 994 929;150;10 889;10 889;52 871;6;0;0;0;0;1 837;1 837;9 186;4;22 314 141;21 764 864;130 668 137;1 489;5 959 941;5 869 007;968;59;59;1;6 381 058;6 335 069;1 344;72 333;69 492;72;0;0;0;0;0;0;410;410;1;190;190;7;221 357 156;182 017 495;5 379;194 733 485;155 437 882;5 328;2 573 628;2 690 548;118;287 187;284 132;68;9 054 978;8 968 914;891;1 837;1 837;4;14 674 493;14 623 246;1 251;11 597;11 587;15;0;0;0;0;0;0;7 707;7 707;13;8 275 990;8 622 153;5 596;0;0;0;1 691 617;1 681 518;24;284 495;280 728;27;1 114 750;1 932;11 815 708;2 363 140;8 025 960;1 605 193;185 678;572 269;159 946;31 989;857 564;171 513;23 464;-162 988;53;15;36 446 458;7 289 291;36 363 847;7 272 769;6 065;10 457;0;0;0;0;48 262 166;9 652 431;44 389 807;8 877 962;191 743;582 726;1 433 729;286 745;338 349;67 669;214;218 862;50 302;10 060;5 687;1 137;0;8 923;8;4;1 478 918;2 912 647;0;0;0;0;1 114 750;7 707;
Ставропольский край;468 457 908;468 088 268;26 224;52 170 692;52 175 471;521 753 237;5 149;32 684;32 632;358 956;33;1 500;289 981 425;289 819 846;1 445 104 344;24 380;0;1 258 389;1 257 677;7 545 365;436;30 852;30 852;44 475;17;0;0;0;0;582 128;578 126;2 890 630;300;103 585 658;103 446 214;705 316 552;13 629;19 298 006;19 270 460;6 769;46 995;46 995;17;20 841 968;20 773 335;9 896;504 864;503 788;827;0;0;0;8 261;8 496;77;31 306;30 077;19;132;132;2;422 655 910;422 566 999;24 987;293 499 722;293 590 730;24 749;9 604 787;9 599 827;915;2 566 003;2 597 520;490;22 493 723;22 500 264;5 949;581 382;577 214;289;93 451 586;93 264 946;12 737;477 058;452 102;217;44;44;1;1 121;1 121;1;348 106;347 872;79;61 020 043;60 698 329;26 245;0;0;0;14 912 997;14 879 281;506;2 732 111;2 733 270;213;79 749 581;7 793;89 991 806;17 998 360;12 060 434;2 412 086;1 937 599;13 648 675;736 726;147 345;659 362;131 872;3 559;11 914;13;5;351 564 958;70 312 992;340 371 874;68 074 375;227 574;2 011 043;0;0;0;0;441 556 764;88 311 352;352 432 308;70 486 461;2 165 173;15 659 718;14 555 645;2 911 129;79 824;15 965;2 509;2 892 655;1 482 075;296 415;0;0;0;296 415;16;7;2 843 974;17 399 619;470 624;0;9;7;79 749 581;347 108;
Республика Адыгея;50 920 390;50 879 468;3 428;6 095 943;6 097 771;60 977 711;468;45 192;45 192;497 109;12;150;34 173 744;34 154 353;170 771 767;3 247;0;601 258;602 814;3 616 882;119;3 675;3 675;35 446;4;0;0;0;0;65 868;65 868;329 338;68;7 829 026;7 809 121;50 955 107;1 835;1 855 366;1 851 714;917;0;0;0;2 109 213;2 104 199;1 337;29 625;29 625;151;0;0;0;2 025;2 025;15;105;105;1;0;0;0;42 158 107;42 172 623;3 232;32 178 180;32 219 894;3 206;1 032 212;1 032 152;149;81 718;82 012;64;1 919 416;1 913 110;804;64 728;64 728;61;6 855 667;6 834 541;1 719;14 662;14 662;24;11 515;11 515;1;0;0;0;85 798;85 798;19;10 187 986;10 141 415;3 500;0;0;0;1 427 198;1 436 265;73;15 259;15 259;33;2 122 782;1 083;10 611 235;2 122 245;535 265;107 053;17 166;1 998 026;0;0;0;0;0;0;0;0;1 271 102;254 221;62 136;12 427;54 200;187 594;0;0;0;0;11 882 337;2 376 466;597 401;119 480;71 366;2 185 620;1 254 501;250 901;11 763;2 353;1 800;246 748;1 377;275;0;0;0;275;8;3;0;1 254 501;0;0;0;0;2 122 782;85 798;
Республика Калмыкия;8 835 498;8 745 186;1 180;1 003 729;996 747;9 961 374;241;27 032;35 109;353 978;16;0;6 304 753;6 207 683;31 039 046;1 020;0;3 851;11 586;69 516;48;0;0;118;0;0;0;0;0;13 060;13 060;65 299;8;1 087 757;1 087 366;7 651 856;431;306 842;306 444;223;4 863;4 863;1;395 516;393 635;333;60 998;60 680;295;0;0;0;228;226;13;189;114;1;0;0;0;7 250 640;7 259 263;1 037;5 661 176;5 668 028;1 023;188 525;188 525;33;17 903;17 903;13;410 667;412 083;215;13 060;13 060;8;954 007;954 362;358;5 896;5 896;19;0;0;0;0;0;0;5 118;5 118;3;2 783 526;2 683 795;1 584;0;0;0;1 045 271;1 045 270;14;88 818;88 818;14;406 763;513;3 474 631;694 927;586 265;117 251;46 005;531 671;0;0;0;0;0;0;0;0;97 434;19 487;0;0;0;19 487;0;0;0;0;3 572 065;714 414;586 265;117 251;46 005;551 158;1 325 828;265 165;151;30;1 589;263 546;0;0;0;0;0;0;0;0;14 463;1 340 291;0;0;0;0;406 763;5 118;
Республика Крым;265 475 914;265 100 752;18 328;19 920 215;20 173 580;201 735 800;2 784;5 528;5 528;60 807;8;411;174 084 890;173 897 303;869 487 580;17 403;0;310 141;303 218;1 819 310;215;0;0;0;0;0;0;0;0;672 020;662 210;3 311 051;169;52 811 989;52 507 086;323 782 219;10 849;16 692 346;16 586 075;5 442;16;16;3;17 670 190;17 550 830;7 392;571 210;567 547;2 525;26;26;1;716;673;54;919;466;3;0;0;0;229 956 873;229 440 945;17 444;165 833 754;165 546 560;17 165;191 398;152 895;51;269 631;269 631;208;17 129 648;17 086 975;5 142;664 935;655 125;164;45 413 323;45 275 383;10 082;454 184;454 376;227;0;0;0;14;14;1;1 211 603;1 213 160;80;42 960 613;42 554 419;20 234;0;0;0;8 717 100;7 376 834;93;5 201 245;4 694 011;137;9 674 557;5 882;63 908 574;12 781 717;7 959 403;1 591 882;2 685 050;8 504 785;25 435;5 087;10 759;2 152;219;2 716;15;7;81 416 628;16 283 325;30 342 496;6 068 499;720 425;9 494 401;0;0;0;0;145 325 202;29 065 042;38 301 899;7 660 381;3 405 475;17 999 186;20 992 075;4 198 416;527 687;105 538;26 394;4 066 484;77 043;15 409;14 730;2 946;14;12 449;20;9;62 534;21 054 609;0;0;0;0;9 674 557;1 212 606;
Краснодарский край;2 214 076 362;2 212 290 012;85 257;204 950 230;204 904 130;3 315 655 748;13 000;37 266;46 727;513 996;95;11 720;1 327 192 316;1 323 757 215;6 619 507 449;80 065;0;23 650 084;25 646 575;153 879 386;1 485;1 159;1 159;7 095;8;6;6;60;1;1 793 295;1 719 323;8 596 616;891;388 048 741;387 252 753;2 516 955 367;49 829;133 239 984;133 871 004;26 992;335 897;334 182;72;141 735 070;142 282 436;36 684;2 943 946;2 893 590;1 955;174;174;1;14 976;14 861;147;1 070 595;1 039 084;55;191;164;17;2 030 204 526;2 030 347 608;81 880;1 474 950 804;1 475 686 198;80 859;55 830 816;55 795 135;4 107;10 603 665;10 640 838;1 593;148 483 651;148 449 408;24 035;1 736 517;1 663 280;843;336 780 859;336 333 114;47 182;1 834 170;1 767 051;684;13 939;13 939;12;6 461;1 812;7;26 386 083;26 397 047;938;293 187 613;290 495 463;84 195;0;0;0;131 309 457;130 662 554;1 910;25 495 081;25 473 323;739;1 089 214 020;25 321;583 012 339;116 602 473;77 416 364;15 483 273;6 908 448;94 210 752;973;195;0;0;13;182;14;6;2 101 618 311;420 323 661;1 837 813 553;367 562 711;265 965;52 494 985;0;0;0;0;2 684 630 650;536 926 134;1 915 229 917;383 045 984;7 174 413;146 705 737;42 487 881;8 497 577;6 277 670;1 255 533;39 183;7 202 861;1 207 318;241 464;1 502;300;121;241 043;80;31;97 370 340;139 858 221;2 664;0;6;3;1 089 214 020;25 196 795;
Астраханская область;89 182 463;89 014 782;5 720;3 064 629;3 063 197;30 632 256;838;18 842;17 579;193 364;17;285;69 043 076;68 977 169;344 883 619;5 333;0;1 209 484;1 209 771;7 253 201;139;0;0;0;0;243;243;2 426;1;23 233;23 258;116 290;40;12 720 319;12 625 109;79 091 899;2 861;2 822 272;2 819 370;1 283;17 732;17 732;4;3 102 236;3 098 055;1 941;109 805;109 709;270;323;323;1;112;14;2;6 773;3 899;9;508;508;4;60 757 511;60 682 868;5 415;42 424 494;42 460 159;5 328;2 362 335;2 362 622;271;189 180;189 179;86;3 842 778;3 866 071;1 138;22 965;22 885;36;11 828 497;11 694 698;2 591;87 340;87 332;69;0;0;0;703;167;4;10 225 071;10 225 511;235;32 486 755;32 395 716;5 425;0;0;0;14 163 232;14 168 435;549;607 259;607 259;51;442 752 019;1 831;15 221 655;3 044 330;1 025 959;205 192;103 886;2 735 252;4 198;840;0;0;0;840;5;2;1 291 770;258 354;218 121;43 624;10 556;204 174;0;0;0;0;16 513 425;3 302 684;1 244 080;248 816;114 442;2 939 426;1 947 360;389 472;54 218;10 844;16 874;361 754;139 811;27 962;0;0;0;27 962;9;4;626 156;2 573 516;177 686;4 666;9;6;442 752 019;10 203 244;
Волгоградская область;417 777 813;417 720 093;21 949;28 656 219;28 638 737;286 387 459;3 930;157 951;157 441;1 731 851;58;66;287 378 024;287 413 615;1 437 086 097;20 172;2 661;12 842 414;12 839 126;77 034 756;592;0;0;0;0;0;0;0;0;837 172;835 524;4 177 622;207;72 917 303;72 882 668;463 728 811;12 584;13 077 950;13 052 280;6 028;84 229;83 722;41;14 986 097;14 950 257;8 737;308 685;307 910;2 301;1;1;4;1 066;1 036;51;44 036;22 641;14;0;0;0;340 169 123;340 290 752;20 884;240 602 293;240 787 476;20 713;11 638 265;11 648 364;605;1 917 066;1 921 939;377;14 696 639;14 655 231;5 384;837 161;835 514;203;70 322 407;70 286 836;11 927;154 917;154 889;255;0;0;0;1 033;1 139;3;866 126;866 542;115;94 621 299;94 372 803;23 272;0;0;0;17 460 736;17 415 145;314;4 211 789;4 210 787;167;90 144 474;6 831;64 300 959;12 860 192;18 619 819;3 723 964;1 646 471;7 489 757;396 956;79 391;0;0;1 740;77 651;3;1;17 525 764;3 505 154;6 252 274;1 250 454;14 340;2 240 360;0;0;0;0;81 826 723;16 365 346;24 872 093;4 974 418;1 660 811;9 730 117;5 949 792;1 189 958;96 115;19 224;8 122;1 162 612;0;0;0;0;0;0;0;0;2 077 483;8 027 275;0;0;0;0;90 144 474;841 884;
Ростовская область;1 213 969 229;1 212 438 477;62 479;99 711 052;99 594 245;995 928 085;9 703;75 659;72 908;801 987;71;10 869;752 412 893;751 533 472;3 757 562 182;58 411;2;14 707 992;14 607 388;87 644 326;1 213;16 150;15 182;94 715;26;16;16;87;2;1 587 711;1 580 854;7 904 270;528;284 387 160;284 004 311;1 807 318 633;37 773;56 994 365;56 872 349;18 319;566 727;570 139;78;61 048 657;61 007 049;25 307;522 665;516 395;1 560;639;639;2;14 382;14 380;106;263 291;252 052;73;19 708;9 740;20;1 108 486 939;1 108 825 639;59 825;726 082 881;726 186 584;59 142;45 729 924;45 723 694;3 179;6 457 590;6 460 625;1 773;67 269 067;67 225 107;16 423;1 500 231;1 493 189;507;261 146 386;261 428 158;35 778;312 623;309 138;384;456;456;3;59 014;57 821;11;42 414 352;42 366 780;490;172 808 792;171 421 131;61 898;0;0;0;108 760 024;109 216 051;1 407;3 564 794;3 561 125;509;1 029 947 958;18 323;165 297 323;33 059 465;50 360 962;10 072 194;4 335 298;18 651 973;243 099;48 620;30 159;6 032;1 218;41 370;63;31;99 915 104;19 983 021;7 925 266;1 585 053;369 428;18 028 540;0;0;0;0;265 212 427;53 042 486;58 286 228;11 657 247;4 704 726;36 680 513;23 981 795;4 796 359;1 734 858;346 971;141 886;4 307 502;1 261 213;252 243;12 104;2 421;3 134;246 688;55;18;15 190 247;39 172 042;275 827;0;17;12;1 029 947 958;42 311 261;
г.Севастополь;62 419 869;62 305 216;6 568;4 018 797;4 019 503;40 195 028;776;16;38;419;3;90;37 928 230;37 947 877;189 739 383;6 284;0;98 663;98 053;588 320;77;0;0;0;0;0;0;0;0;59 495;59 495;297 476;37;16 258 291;16 122 577;97 651 921;4 141;3 651 267;3 638 152;2 081;0;0;0;4 056 287;4 057 583;2 770;48 016;46 930;368;0;0;0;278;278;8;0;0;0;0;0;0;52 715 793;52 760 555;6 295;38 125 050;38 263 349;6 198;61 657;65 538;23;57 013;57 013;49;5 839 730;5 823 971;1 921;59 389;59 389;36;8 562 443;8 480 784;3 807;10 511;10 511;23;0;0;0;0;0;0;6 656;6 158;8;10 548 556;10 383 722;6 941;0;0;0;763 220;757 085;36;66 217;66 177;40;1 168 006;2 035;10 377 952;2 075 592;727 898;145 581;88 676;1 841 335;0;0;0;0;0;0;0;0;224 524;44 905;30 990;6 198;7 735;30 972;0;0;0;0;10 602 476;2 120 497;758 888;151 779;96 411;1 872 307;1 220 788;244 158;15 946 639;3 189 328;16 502;-2 961 672;144 638;28 928;0;0;0;28 928;4;1;22 997;1 243 785;0;0;0;0;1 168 006;6 158;
Республика Башкортостан;1 474 134 184;1 463 717 190;59 771;49 333 613;49 300 728;492 973 164;5 229;12 679;12 294;135 236;25;3 897;999 668 455;991 586 807;4 957 949 856;57 632;1;6 979 248;6 973 468;42 034 262;1 063;1 311;1 079;33 501;5;0;0;0;0;1 939 929;1 936 348;9 681 739;396;333 927 481;331 515 067;2 024 185 978;29 265;76 853 105;76 774 484;17 551;677 294;677 294;54;82 204 635;82 323 878;24 142;979 036;965 453;5 737;0;0;0;847;847;45;106 735;84 413;59;3 917;3 922;21;1 382 648 308;1 373 167 763;57 464;960 624 512;951 545 126;57 061;20 803 795;20 811 248;1 316;3 762 175;3 767 394;738;80 656 527;80 296 245;16 026;1 933 484;1 926 919;386;314 147 492;314 082 457;27 195;804 820;794 150;702;233;233;4;13 098;12 052;11;26 304 032;26 604 905;201;156 340 017;154 912 094;63 189;0;0;0;89 765 780;89 441 756;670;16 481 371;16 472 966;444;876 053 232;19 189;152 527 020;30 505 404;35 545 349;7 109 073;2 565 984;20 830 347;0;0;0;0;0;0;1;0;249 092 617;49 818 523;216 542 033;43 308 406;16 426;6 493 691;0;0;0;0;401 619 637;80 323 927;252 087 382;50 417 479;2 582 410;27 324 038;68 281 485;13 656 297;1 213 229;242 645;59 229;13 354 423;0;0;0;0;0;0;0;0;2 189 675;70 471 160;33 015;589;5;5;876 053 232;26 425 238;
Республика Марий-Эл;126 896 764;126 785 679;6 589;11 414 230;11 408 802;114 087 209;987;3 661;3 695;40 641;8;0;73 415 456;73 373 076;366 866 127;6 253;0;1 131 893;1 131 001;6 786 009;155;24;24;807;1;0;0;0;0;287 989;287 712;1 438 561;126;34 251 957;34 236 887;215 573 788;3 863;5 814 051;5 767 954;1 650;0;0;0;6 389 909;6 342 589;2 550;125 291;109 470;555;0;0;0;409;415;17;6 710;5 637;17;1 916;1 916;2;105 791 889;105 675 349;6 276;67 678 009;67 613 985;6 218;2 551 870;2 550 921;213;206 055;220 563;135;6 288 263;6 278 022;1 447;286 399;286 122;119;28 751 958;28 696 394;3 645;29 335;29 342;76;0;0;0;0;0;0;11 181;11 181;12;22 335 029;22 322 555;6 971;0;0;0;1 078 251;1 077 830;89;315 395;313 693;37;15 835 169;2 027;24 054 539;4 810 908;3 414 650;682 929;590 998;3 536 981;0;0;0;0;0;0;0;0;8 371 553;1 674 310;5 508 224;1 101 644;26 320;546 346;0;0;0;0;32 426 092;6 485 218;8 922 874;1 784 573;617 318;4 083 327;582 690;116 538;82 235;16 447;5 666;94 425;1 612;322;680;136;0;186;5;3;2 031 763;2 614 453;14 133;6 319;2;1;15 835 169;10 328;
Республика Мордовия;171 997 040;171 852 591;7 954;28 173 493;28 167 111;281 671 110;1 341;235;235;2 584;23;45;93 923 037;93 861 254;469 308 020;7 544;0;5 923 461;5 921 573;35 529 440;247;1 897;1 897;20 904;5;0;0;0;0;173 087;173 924;869 619;144;35 788 526;35 721 085;228 027 546;4 188;7 658 574;7 647 043;1 867;3;3;1;8 013 929;8 005 921;3 029;163 694;165 978;511;0;0;0;46;46;10;7 101;3 045;10;-214;0;1;151 873 865;151 925 536;7 476;106 956 935;107 064 043;7 424;1 931 075;1 930 705;207;1 350 989;1 351 407;186;7 938 013;7 942 685;1 661;172 812;173 649;142;33 468 014;33 408 197;3 959;56 872;55 755;127;0;0;0;0;0;0;46 823;46 830;24;25 729 778;25 567 361;8 169;0;0;0;5 466 510;5 502 254;127;1 416 820;1 416 820;91;23 556 807;2 408;15 899 865;3 179 976;1 419 558;283 914;257 310;2 638 752;0;0;0;0;0;0;0;0;4 368 418;873 685;86 820;17 363;56;856 266;0;0;0;0;20 268 283;4 053 661;1 506 378;301 277;257 366;3 495 018;2 623 131;524 626;3 187 569;637 514;1 226;-114 114;33 975;6 795;0;0;0;6 795;18;7;266 586;2 889 717;7 043;0;2;2;23 556 807;43 280;
Республика Татарстан;2 983 409 021;2 973 799 815;110 542;81 403 383;81 522 762;815 227 615;8 344;38 856;38 115;419 269;104;2 642;2 044 307 781;2 041 226 975;10 206 134 876;106 161;26;8 584 394;8 569 003;51 414 015;1 885;0;0;0;0;0;0;0;0;1 378 271;1 363 697;6 818 484;504;672 744 195;671 198 446;4 094 764 414;66 427;164 994 661;160 031 953;42 349;2 238 232;2 235 569;51;175 002 105;169 878 441;53 513;4 471 263;4 469 831;1 581;1 113 748;1 113 435;10;7 147;7 139;57;-680 812;-734 697;89;0;0;0;2 654 210 548;2 647 057 803;107 327;1 798 329 729;1 791 841 038;106 550;59 384 700;60 225 261;3 213;7 247 403;7 256 601;1 431;177 656 488;177 293 975;38 406;1 387 121;1 351 686;482;607 635 908;606 529 302;62 146;2 573 189;2 561 318;653;0;0;0;76 692;59 431;4;19 293 860;19 265 635;322;397 983 940;395 807 217;108 893;0;0;0;84 176 324;84 416 322;1 389;41 462 336;36 707 197;795;1 079 429 271;32 572;236 055 432;47 211 088;56 291 813;11 258 362;3 571 094;32 381 632;1 117 134;223 427;176;35;34;223 358;15;9;719 563 406;143 912 682;418 915 843;83 783 170;255 440;59 874 072;0;0;0;0;955 618 838;191 123 770;475 207 656;95 041 532;3 826 534;92 255 704;56 564 701;11 312 940;22 122 904;4 424 582;23 828;6 864 530;519 920;103 984;71 944;14 389;650;88 945;49;27;13 237 359;69 802 060;259 143;512;28;21;1 079 429 271;19 254 835;
Удмуртская Республика;469 114 022;468 673 765;29 040;20 628 953;20 630 675;206 306 699;3 001;620;620;6 816;6;0;316 708 062;316 318 441;1 581 579 171;28 107;0;2 064 179;2 059 782;12 358 260;480;0;0;0;0;0;0;0;0;464 131;463 906;2 319 532;256;101 170 123;101 148 286;629 543 490;16 036;25 297 170;25 277 091;8 565;18 472;18 472;25;28 077 804;28 051 906;11 760;223 237;222 525;965;0;0;0;2 962;3 148;63;5 835;3 970;21;0;0;0;359 584 401;359 482 680;28 356;234 913 434;234 816 048;28 206;5 473 068;5 470 150;721;874 149;873 755;376;25 713 549;25 756 804;7 751;459 339;458 801;241;92 042 342;92 009 052;15 286;107 656;97 141;213;0;0;0;0;0;0;5 663 432;5 663 701;143;108 763 662;108 451 649;29 182;0;0;0;4 567 164;4 598 966;460;3 584 128;3 598 144;226;222 546 211;8 632;50 950 522;10 190 104;10 540 365;2 108 073;967 913;7 114 118;50 698;10 140;24 362;4 872;8;5 260;15;5;89 722 679;17 944 535;19 956 487;3 991 298;20 334;13 932 903;0;0;0;0;140 673 201;28 134 639;30 496 852;6 099 371;988 247;21 047 021;9 986 885;1 997 377;388 303;77 661;5 104;1 914 612;9 432;1 886;0;0;689;1 197;9;7;1 014 908;11 001 793;0;0;0;0;222 546 211;5 660 385;
Чувашская Республика;262 303 576;262 255 330;14 799;8 662 256;8 689 379;86 893 790;1 576;10 316;10 344;113 789;13;26;172 831 109;172 840 151;864 200 752;14 202;0;1 071 118;1 079 662;6 477 969;267;0;0;0;0;0;0;0;0;379 315;379 023;1 895 114;173;68 023 897;67 960 192;411 060 376;9 183;10 532 895;10 505 581;4 337;15 332;11 434;12;11 325 538;11 296 557;6 234;161 586;160 587;913;0;0;0;5 396;5 396;23;15 881;10 038;14;0;0;0;217 402 022;217 406 302;14 311;134 830 630;134 712 326;14 202;4 938 417;4 933 515;527;779 053;783 541;342;12 622 519;12 599 826;3 822;379 459;378 697;172;63 712 492;63 870 292;8 736;139 453;128 104;124;0;0;0;0;0;0;38 131;38 131;30;47 226 317;47 151 819;15 168;0;0;0;2 143 733;2 130 249;197;379 962;386 016;124;26 724 689;4 487;24 511 838;4 902 370;4 035 503;807 102;231 556;3 863 712;0;0;0;0;0;0;0;0;8 644 958;1 728 992;1 024 060;204 813;4 935;1 519 244;0;0;0;0;33 156 796;6 631 362;5 059 563;1 011 915;236 491;5 382 956;3 330 568;666 115;978 624;195 724;109 756;360 635;0;0;0;0;0;0;0;0;392 063;3 722 631;0;0;0;0;26 724 689;28 395;
Кировская область;218 033 866;217 904 010;14 451;18 102 500;18 098 022;180 980 131;2 336;0;0;0;0;285;135 825 214;135 744 521;678 722 589;13 967;0;2 473 595;2 473 916;14 843 638;315;0;0;0;0;0;0;0;0;392 540;393 197;1 965 983;233;52 693 969;52 688 433;322 619 572;8 242;7 528 641;7 494 625;3 893;2 479;2 435;7;8 545 650;8 505 526;5 828;87 686;87 312;2 229;0;0;0;7 640;7 640;26;1 644;927;12;111;111;3;187 171 451;187 114 857;14 027;124 845 647;124 878 736;13 920;3 197 683;3 197 551;372;537 058;537 100;280;8 872 188;8 857 198;3 467;380 196;380 850;219;49 295 583;49 227 601;7 821;41 168;33 893;207;1 929;1 929;1;0;0;0;24 607;24 611;48;35 011 916;34 889 708;16 225;0;0;0;4 034 518;3 987 250;244;278 302;278 387;143;36 795 992;4 622;30 002 258;6 000 450;6 639 323;1 327 863;729 044;3 943 543;0;0;0;0;0;0;0;0;37 650 115;7 530 024;33 021 245;6 604 249;63 296;862 479;0;0;0;0;67 652 373;13 530 474;39 660 568;7 932 112;792 340;4 806 022;5 822 091;1 164 418;414 288;82 857;33 984;1 047 577;0;0;0;0;0;0;0;0;17 109;5 839 200;0;0;0;0;36 795 992;24 600;
Нижегородская область;1 678 380 787;1 677 801 399;76 723;88 607 987;88 577 261;885 772 536;5 957;14 359;14 361;157 971;29;34 822;1 210 548 083;1 210 795 652;6 053 977 424;71 573;-2;14 876 812;14 885 024;89 309 900;1 327;0;0;0;0;0;0;0;0;1 562 958;1 562 559;7 812 795;447;296 639 577;296 210 929;1 808 560 177;41 773;60 417 565;60 065 824;23 023;324 461;323 137;92;66 096 054;65 720 704;31 727;1 815 289;1 809 437;2 783;12 453;12 453;2;1 404;1 311;36;92 409;73 365;55;0;0;0;1 456 641 054;1 455 199 380;74 526;1 051 115 884;1 050 564 850;73 979;49 916 088;49 888 300;3 486;8 317 366;8 326 401;1 643;68 644 036;68 613 315;21 062;1 550 783;1 550 384;427;275 111 802;274 277 598;39 956;1 992 078;1 980 257;862;0;0;0;11 161;3 473;8;4 615 164;4 610 015;515;282 997 750;283 599 744;77 066;0;0;0;63 878 538;63 635 240;1 112;11 095 524;11 098 266;628;464 363 747;22 157;254 686 939;50 937 389;47 381 318;9 476 263;9 209 650;32 251 476;13 300;2 660;0;0;0;2 660;5;3;74 120 208;14 824 042;21 758 005;4 351 600;178 579;10 293 863;0;0;0;0;328 807 147;65 761 431;69 139 323;13 827 863;9 388 229;42 545 339;28 481 881;5 696 377;591 971;118 395;27 729;5 550 253;34 192;6 838;4 711;942;0;5 896;6;4;195 503 846;223 985 727;249 713;4 176;31;21;464 363 747;4 567 830;
Оренбургская область;564 864 284;564 333 678;18 871;19 563 225;19 527 868;195 278 677;3 423;1 834;1 625;17 878;15;7 159;420 885 292;420 626 504;2 103 132 521;17 647;0;5 093 388;5 091 135;30 548 074;409;0;0;0;0;0;0;0;0;834 977;834 208;4 171 039;171;100 327 835;100 155 040;618 491 164;9 463;16 820 096;16 760 243;5 158;462 468;462 468;12;18 148 363;18 086 215;7 496;221 887;213 771;1 016;0;0;0;4 955;2 343;31;1 328;12 452;13;0;0;0;389 612 378;389 579 282;17 873;271 198 081;271 284 841;17 746;3 091 913;3 090 338;319;6 296 733;6 292 773;261;18 520 339;18 458 211;4 523;833 761;833 070;163;89 531 383;89 478 703;8 682;174 601;174 593;267;0;0;0;1 382;0;0;5 268 585;5 268 362;144;187 385 653;186 900 972;19 128;0;0;0;17 080 515;17 085 480;488;11 755 695;11 751 117;233;184 383 317;5 776;35 678 374;7 135 676;5 887 323;1 177 465;471 435;5 486 776;3 540;708;0;0;0;708;6;5;49 350 583;9 870 116;24 923 116;4 984 624;67 734;4 817 758;0;0;0;0;85 028 957;17 005 792;30 810 439;6 162 089;539 169;10 304 534;14 226 505;2 845 301;813 661;162 731;3 876;2 678 694;10 423;2 085;482;96;0;1 989;11;6;1 006 686;15 233 191;7 835;346;9;5;184 383 317;5 257 954;
Пензенская область;277 959 368;276 771 324;15 886;35 307 252;35 289 239;352 892 827;2 411;28 549;28 551;314 063;12;237;180 975 201;180 751 029;903 743 727;15 084;0;1 102 645;1 099 778;6 598 671;405;0;0;0;0;0;0;0;0;196 297;196 264;981 321;147;45 593 118;44 662 278;283 010 707;8 469;13 958 075;13 943 080;4 312;21 778;21 778;7;14 756 388;14 743 952;6 327;107 712;103 653;771;3;3;2;919;919;31;8 192;3 178;28;0;0;0;236 077 971;236 074 022;15 350;173 443 664;173 705 764;15 249;4 082 258;4 084 730;484;642 605;639 890;273;14 470 194;14 468 340;3 839;196 235;196 203;145;43 174 736;42 912 103;8 030;70 338;66 571;148;0;0;0;0;0;0;6 896;6 896;26;46 373 684;45 188 833;15 991;0;0;0;4 331 915;4 338 809;259;1 110 069;1 121 969;166;24 449 127;4 738;32 255 097;6 451 018;3 740 585;748 114;435 584;5 267 320;0;0;0;0;0;0;0;0;10 957 739;2 191 547;1 863 734;372 747;14 640;1 804 160;0;0;0;0;43 212 836;8 642 565;5 604 319;1 120 861;450 224;7 071 480;2 876 618;575 323;30 725;6 145;7 715;561 463;0;0;0;0;0;0;0;0;584 316;3 460 934;0;0;0;1;24 449 127;2 124;
Пермский край;939 699 894;940 057 423;43 000;28 640 276;28 592 888;285 928 874;3 404;11 277;11 277;124 054;16;-738;705 960 122;706 180 877;3 530 904 272;41 847;0;8 460 134;8 460 114;50 760 683;934;0;0;0;0;0;0;0;0;3 268 677;3 261 278;16 306 391;391;153 774 625;153 976 085;933 471 782;23 460;32 936 310;33 613 379;12 935;1 318 947;1 318 947;26;39 585 102;39 575 309;17 886;3 035 243;3 025 494;2 634;90;90;3;4 552;4 302;56;29 968;23 924;53;0;0;0;697 720 802;697 536 208;41 495;484 353 787;484 874 009;41 200;18 837 280;18 076 411;1 418;3 817 937;3 820 622;670;37 922 913;37 891 963;11 563;3 251 225;3 243 913;373;146 944 560;147 040 090;22 372;2 590 367;2 589 967;384;0;0;0;6 411;4 855;7;45 034 080;45 029 748;166;228 665 781;228 398 719;44 626;0;0;0;28 413 696;27 612 897;471;17 014 929;17 255 099;277;1 109 763 612;12 930;108 894 226;21 778 844;25 078 269;5 015 655;1 754 584;15 008 605;37;7;0;0;0;7;4;2;83 655 701;16 731 140;22 905 558;4 581 111;260 833;11 889 196;0;0;0;0;192 549 927;38 509 984;47 983 827;9 596 766;2 015 417;26 897 801;35 854 005;7 170 803;2 042 716;408 543;94 026;6 668 234;0;0;0;0;0;0;0;0;6 433 880;42 287 885;0;0;0;0;1 109 763 612;45 023 726;
Самарская область;1 445 193 370;1 442 949 148;74 270;54 697 251;54 690 995;546 817 700;6 432;13 502;13 204;145 247;29;2 135;1 037 679 238;1 037 337 333;5 186 741 835;71 880;13;16 874 005;16 877 302;101 263 809;1 033;902;902;19 258;4;0;0;0;0;1 521 525;1 514 579;7 572 893;312;256 603 509;256 590 076;1 577 063 638;38 558;73 034 728;71 180 400;20 886;575 304;579 344;72;77 802 169;75 923 444;28 595;1 192 439;1 153 581;2 043;19 838;19 838;3;2 831;2 830;46;29 799;28 691;55;228;228;4;1 140 662 213;1 140 043 329;71 878;783 958 421;783 446 221;71 372;44 354 495;44 366 781;2 336;4 440 180;4 437 004;1 173;71 842 831;71 784 478;19 135;1 516 259;1 509 313;300;233 270 567;233 251 543;36 703;1 279 448;1 247 992;569;0;0;1;415;395;3;7 464 145;7 455 236;416;327 681 894;325 645 803;74 039;0;0;0;29 265 277;28 889 399;764;21 567 780;21 534 536;475;344 407 763;21 996;154 806 555;30 961 312;38 980 770;7 796 153;3 354 279;19 810 880;7 340;1 468;0;0;0;1 468;7;4;106 685 278;21 337 055;21 558 739;4 311 748;579 608;16 445 699;0;0;0;0;261 491 833;52 298 367;60 539 509;12 107 901;3 933 887;36 256 579;27 188 077;5 437 617;1 574 805;314 962;280 134;4 842 521;140;28;0;0;0;28;8;3;7 812 571;35 000 648;7 901;0;6;6;344 407 763;7 430 783;
Саратовская область;467 302 684;466 450 182;30 994;43 548 201;43 519 032;435 190 423;4 757;47 891;47 891;518 425;41;-513;288 355 553;287 791 322;1 438 964 727;29 030;0;8 487 988;8 449 376;50 694 857;566;0;0;0;0;0;0;0;0;736 766;737 207;3 686 032;193;99 563 019;99 433 201;641 056 083;17 259;24 638 935;24 553 843;8 845;8 400;8 400;23;26 558 788;26 467 019;12 267;205 594;203 836;879;0;0;0;5 723;5 722;32;74 202;69 974;53;0;0;0;397 639 841;397 433 212;29 806;270 575 386;270 651 824;29 545;7 373 415;7 329 707;718;1 392 011;1 385 354;526;25 751 861;25 740 353;8 071;732 847;732 749;177;91 747 674;91 526 344;16 206;74 782;73 644;220;0;0;0;19 310;19 310;1;467 539;467 795;171;84 826 311;84 110 621;30 837;0;0;0;15 278 825;15 241 000;519;2 034 927;2 287 755;238;95 696 803;9 146;52 318 681;10 463 737;8 919 427;1 783 885;1 219 021;7 460 831;1 829;366;0;0;0;366;1;1;18 434 718;3 686 943;917 504;183 500;12 560;3 490 883;0;0;0;0;70 753 399;14 150 680;9 836 931;1 967 385;1 231 581;10 951 714;7 247 766;1 449 552;519 950;103 990;13 937;1 331 625;78 919;15 784;1 922;384;0;15 400;2;2;600 776;7 848 542;3 139;416;2;1;95 696 803;454 345;
Ульяновская область;255 926 692;252 732 097;18 604;18 922 835;18 921 696;189 216 939;1 985;1 920;1 920;21 121;13;8;171 331 967;169 679 278;848 397 778;17 855;1;4 524 446;4 210 927;25 265 560;477;0;0;0;0;-1 143;0;0;0;146 214;145 718;728 590;134;46 965 534;46 174 179;285 912 809;9 108;12 680 023;12 450 185;4 771;31 845;31 845;13;14 033 712;13 598 371;6 922;319 846;296 071;879;0;0;0;475;475;8;35 005;8 083;10;0;0;0;228 090 727;225 951 106;18 013;162 836 071;161 661 704;17 900;6 379 481;6 365 001;514;881 767;882 530;287;14 295 881;14 306 199;4 289;144 951;144 454;128;43 320 678;42 340 112;8 545;242 684;242 546;217;37;37;1;0;0;0;2 215 721;2 211 932;63;35 256 312;34 121 510;18 766;0;0;0;9 172 426;9 136 249;276;208 157;207 933;130;44 195 442;5 751;33 099 778;6 619 954;6 671 368;1 334 273;817 698;4 467 983;0;0;0;0;0;0;0;0;7 744 299;1 548 859;716 546;143 309;84 558;1 320 992;0;0;0;0;40 844 077;8 168 813;7 387 914;1 477 582;902 256;5 788 975;5 757 926;1 151 585;195 183;39 036;50 466;1 062 083;53 446;10 689;3 732;746;164;9 779;13;8;6 542 284;12 300 210;6 626;0;2;1;44 195 442;2 209 346;
Курганская область;168 663 951;168 432 942;6 505;8 722 611;8 718 841;87 188 409;1 316;5 092;5 092;56 017;9;100;107 098 255;106 903 145;534 516 546;6 020;0;855 045;853 677;5 125 922;225;249;205;1 952;3;0;0;0;0;278 743;278 714;1 393 571;129;38 986 431;38 934 591;236 819 082;3 217;12 563 570;12 562 386;1 685;341;341;5;12 716 425;12 737 413;2 438;122 589;123 167;499;3;3;1;5 691;5 697;33;5 419;3 048;7;0;0;0;148 635 329;148 588 808;6 255;95 132 988;95 082 754;6 211;1 975 528;1 989 767;172;307 638;307 902;107;14 343 858;14 338 256;1 504;278 017;278 210;126;36 566 155;36 565 088;2 974;31 045;27 155;92;1 208;43;5;0;0;0;96 102;96 102;24;24 649 180;24 458 758;6 594;0;0;0;4 576 767;4 572 803;277;655 440;654 931;81;15 860 082;2 038;14 577 243;2 915 449;1 824 140;364 827;162 050;2 388 572;0;0;0;0;0;0;0;0;3 073 418;614 683;871 028;174 206;3 656;436 821;0;0;0;0;17 650 661;3 530 132;2 695 168;539 033;165 706;2 825 393;348 476;69 695;625;125;266;69 304;0;0;0;0;0;0;0;0;280 508;628 984;0;0;0;0;15 860 082;93 212;
Свердловская область;2 868 612 295;2 854 872 343;115 745;74 522 072;74 506 966;745 069 634;7 511;96 274;96 276;1 059 031;47;532;1 888 113 362;1 875 654 336;9 378 292 285;112 655;506;167 038 813;166 583 415;999 497 993;2 563;38 220;38 216;191 595;7;3 493;3 493;17 463;7;2 400 108;2 390 965;11 954 827;630;584 587 156;584 373 304;3 529 783 849;68 244;141 915 070;141 514 541;37 985;1 097 789;1 096 609;157;151 849 991;151 258 953;49 020;1 484 947;1 483 096;5 111;3 723;3 723;6;33 413;33 041;130;145 462;67 748;115;0;0;3;2 589 827 113;2 577 956 409;112 718;1 795 864 177;1 786 141 405;111 741;73 870 847;72 246 187;5 478;30 001 458;29 949 325;2 259;148 118 924;148 239 225;34 337;2 374 907;2 365 272;616;538 563 463;537 947 033;65 684;1 078 788;1 075 977;1 155;2 422;2 462;6;15 789;7 156;17;10 693 804;10 663 574;815;385 552 464;383 673 276;117 517;0;0;0;114 411 925;113 444 320;1 419;16 325 734;16 255 874;790;1 105 017 741;35 303;338 796 833;67 759 367;75 600 454;15 120 089;8 263 264;44 376 014;8 038;1 608;3 607;721;1 691;-804;26;15;753 950 481;150 790 096;364 895 827;72 979 166;845 216;76 965 714;0;0;0;0;1 092 747 314;218 549 463;440 496 281;88 099 255;9 108 480;121 341 728;41 764 761;8 352 953;9 165 693;1 833 140;539 486;5 980 327;22 106;4 421;6 008;1 202;1 195;2 024;31;15;53 352 505;95 117 266;15 095;3 811;21;17;1 105 017 741;10 534 704;
Тюменская область;967 542 687;966 248 716;26 884;17 658 186;17 644 336;176 443 350;2 524;104 427;104 440;1 148 845;20;96;696 697 583;695 824 633;3 479 100 230;25 822;470;2 412 877;2 459 988;14 759 925;544;1 300;1 352;7 442;3;2 405;2 405;14 431;5;1 040 085;1 020 179;5 100 895;194;209 370 800;209 312 727;1 259 144 433;14 132;35 807 327;35 624 152;8 684;29 561;29 562;32;40 184 348;39 881 009;11 977;1 805 317;1 802 648;1 521;46;46;1;1 456;1 456;24;16 253;13 024;14;12;12;4;804 796 968;804 103 587;25 774;541 599 254;541 734 531;25 538;11 589 063;11 586 294;540;1 604 808;1 623 371;258;44 364 475;44 497 107;7 788;1 038 558;1 018 643;193;202 513 570;201 854 939;13 331;2 091 947;1 810 236;351;779;779;1;92;92;1;372 627;372 805;78;189 030 307;188 097 279;27 475;0;0;0;24 665 447;24 342 016;457;22 499 308;22 504 555;204;318 757 037;8 224;126 134 327;25 226 866;27 732 373;5 546 474;2 848 646;16 831 746;2 284;457;64 483;12 897;0;-12 440;7;4;52 076 911;10 415 381;14 493 144;2 898 630;15 695;7 501 056;0;0;0;0;178 211 238;35 642 247;42 225 517;8 445 104;2 864 341;24 332 802;62 071 644;12 414 330;5 842 355;1 168 470;723 618;10 522 242;2 414 541;482 908;2 930;586;0;482 322;16;8;4 772 860;66 844 504;0;0;0;0;318 757 037;364 623;
Челябинская область;1 540 098 337;1 540 022 598;76 514;38 364 667;38 319 400;383 193 955;4 289;1 129;1 123;12 356;27;276;1 045 487 599;1 045 498 285;5 227 556 004;74 278;58;21 932 768;21 910 629;131 463 228;1 522;-546;100;501;2;0;0;0;0;1 226 552;1 229 572;6 147 858;397;352 916 505;352 952 942;2 132 539 381;42 853;75 795 623;75 767 129;24 026;322 827;326 978;72;80 123 645;80 069 798;31 090;739 249;706 020;3 049;223;223;4;13 169;13 840;72;520 318;481 493;158;-138;59;12;1 344 061 648;1 344 886 201;74 609;881 322 059;882 473 446;74 030;36 051 688;36 026 181;3 019;11 562 314;11 553 914;1 490;93 057 491;93 082 630;21 893;1 141 818;1 139 638;382;320 433 060;320 141 861;41 005;528 046;495 667;597;0;0;0;18 177;16 662;14;6 726 800;6 728 044;637;230 169 247;229 295 420;76 369;0;0;0;39 530 676;39 565 035;1 769;11 031 935;11 583 221;488;304 496 910;23 163;139 365 941;27 873 187;30 725 211;6 145 039;2 009 698;19 718 450;184 794;36 959;211 545;42 309;4 937;-10 287;25;12;736 612 288;147 322 459;571 398 194;114 279 639;127 273;32 915 547;0;0;0;0;875 978 229;175 195 646;602 123 405;120 424 678;2 136 971;52 633 997;20 850 004;4 170 001;2 597 007;519 402;174 195;3 476 404;199 303;39 861;158 734;31 747;5 303;2 811;18;9;2 971 540;23 821 544;152 416;499;22;17;304 496 910;6 165 055;
Ханты-Мансийский АО - Югра;1 833 030 176;1 832 824 323;18 023;5 803 103;5 799 072;57 990 720;929;1 637;1 637;18 011;8;1 008;1 498 112 786;1 498 345 564;7 491 729 057;17 627;0;1 981 600;1 975 728;11 854 370;459;390;303;1 759;2;258;258;1 288;1;43 544 057;43 542 425;217 712 125;230;226 491 259;226 366 471;1 369 584 769;6 721;54 689 501;54 396 641;4 056;23 783;23 783;7;57 017 401;56 708 570;6 593;720 225;719 028;1 829;0;0;0;440;440;21;44;0;0;3;3;1;1 037 043 748;1 038 393 036;16 856;732 744 174;734 326 557;16 728;5 643 449;5 645 554;213;536 684;536 827;121;52 244 960;52 177 766;3 484;24 126 297;24 124 587;222;221 080 091;220 914 988;6 399;671 014;667 327;426;399;399;3;44;44;1;69 734 560;69 753 977;82;743 025 831;741 433 059;19 164;0;0;0;15 944 947;15 927 941;291;87 061 062;86 854 221;286;2 429 288 602;5 613;57 794 740;11 558 948;11 343 283;2 268 656;851 942;8 438 350;32 721;6 544;716;143;0;6 401;5;4;110 725 732;22 145 147;20 515 443;4 103 089;30 004;18 012 054;0;0;0;0;168 520 472;33 704 095;31 858 726;6 371 745;881 946;26 450 404;29 830 764;5 966 155;1 106 981;221 396;562 172;5 182 587;619 364;123 873;13 050;2 610;7 085;114 178;25;10;1 590 134;31 420 898;862;0;7;3;2 429 288 602;69 750 548;
Ямало-Ненецкий АО;1 451 211 054;1 455 803 589;3 876;844 283;845 672;8 456 718;275;1 907;1 907;20 976;8;484;1 282 690 221;1 288 826 762;6 444 154 577;3 761;0;145 196;145 129;870 773;116;0;0;4 227;0;0;0;0;0;317 176;260 426;1 302 129;138;122 019 625;121 825 776;733 068 236;1 800;43 346 149;42 146 475;1 062;130;130;1;45 153 918;43 874 671;1 572;2 067 694;2 066 512;678;29;29;1;428;428;9;1;1;1;0;0;0;875 865 968;879 228 307;3 499;707 340 757;710 819 049;3 463;793 587;793 585;45;107 577;107 577;33;43 436 151;43 377 808;939;316 918;260 067;137;121 652 827;121 652 852;1 679;2 251 694;2 247 223;295;0;0;0;0;0;0;8 624 623;8 624 220;33;671 413 267;673 994 312;4 199;0;0;0;102 557 019;103 912 847;118;123 046 614;122 243 866;168;895 020 749;1 246;54 993 384;10 998 676;36 254 032;7 250 806;640 685;3 107 185;4 346;869;28 495;5 699;0;-4 830;4;1;130 944 365;26 188 874;5 586 135;1 117 227;10 398;25 061 249;0;0;0;0;185 937 749;37 187 550;41 840 167;8 368 033;651 083;28 168 434;11 396 676;2 279 336;2 404 976;480 994;51 612;1 746 730;266 308;53 262;1 497;299;850;52 113;21;7;716 253;12 112 929;22 562;0;4;1;895 020 749;8 624 223;
Республика Алтай;37 574 914;37 519 945;1 408;1 156 168;1 156 084;11 563 697;201;4 855;4 855;53 452;3;0;25 210 756;25 161 401;125 805 318;1 343;0;230 845;228 188;1 369 127;33;0;0;0;0;0;0;0;0;4 229;4 156;20 782;13;7 392 694;7 391 565;44 872 725;615;3 504 417;3 502 669;403;2 599;2 644;1;3 575 368;3 573 696;584;65 551;65 550;66;0;0;0;53;64;3;1 348;1 348;3;0;0;0;39 694 328;39 721 984;1 320;29 536 798;29 558 022;1 310;173 051;173 051;27;75 066;75 066;17;3 489 313;3 496 919;353;3 475;3 475;10;6 363 883;6 362 709;551;52 736;52 736;21;6;6;1;0;0;0;408 701;412 370;34;5 782 178;5 694 651;1 352;0;0;0;8 237 379;8 236 603;92;46 936;46 936;19;18 719 788;447;2 670 771;534 153;286 194;57 238;36 249;440 666;0;0;0;0;0;0;0;0;15 040 955;3 008 191;2 669 026;533 805;168;2 474 218;0;0;0;0;17 711 726;3 542 344;2 955 220;591 043;36 417;2 914 884;1 114 890;222 978;493 640;98 728;360;123 890;0;0;0;0;0;0;0;0;1 096 490;2 211 380;223 445;0;2;2;18 719 788;412 370;
Республика Тыва;10 115 114;9 985 750;550;166 630;147 830;1 478 298;34;7 202;0;0;0;0;7 567 160;7 683 048;38 415 239;524;0;223 736;195 614;1 173 685;18;0;0;0;0;0;0;0;0;101 669;88 143;440 717;23;1 694 095;1 488 164;8 909 191;161;359 077;349 980;101;0;0;2;354 960;382 951;175;-161 399;12 590;34;0;0;0;2;2;1;0;0;0;0;0;0;8 044 509;8 204 867;507;5 737 730;5 738 753;502;301 984;303 891;5;6 273;6 273;8;624 457;620 465;92;101 669;88 143;23;1 442 654;1 444 307;146;-161 906;11 387;17;0;0;0;0;0;0;1 233 690;1 233 050;20;2 212 438;2 254 648;562;0;0;0;1 518 648;1 677 563;39;9 278;9 278;5;23 767 615;181;2 645 277;529 054;905 146;181 029;172 470;175 555;12 895;2 579;0;0;0;2 579;8;2;345 719;69 144;10 464;2 093;77;66 974;0;0;0;0;2 990 996;598 198;915 610;183 122;172 547;242 529;36 318;7 264;0;0;0;7 264;0;0;0;0;0;0;0;0;0;36 318;0;0;0;0;23 767 615;1 233 050;
Республика Хакасия;73 159 217;72 855 816;3 865;2 952 772;2 787 438;27 874 697;617;4 076;4 167;45 833;11;8 430;57 379 881;57 240 038;286 200 517;3 668;0;186 110;186 110;1 116 660;109;0;0;0;0;0;0;0;0;229 162;229 162;1 145 811;68;9 853 854;9 856 919;59 570 438;1 737;2 323 918;2 323 567;889;3 338;3 338;8;2 544 929;2 543 548;1 462;24 201;24 100;543;0;0;0;294;294;12;5 580;4 570;4;3;3;1;63 924 840;63 746 409;3 581;49 834 971;49 663 200;3 553;1 739 990;1 738 491;80;485 708;485 464;41;2 630 102;2 624 316;755;228 282;228 282;67;8 996 259;8 997 128;1 622;9 528;9 528;76;0;0;0;1 611;1 611;3;15 136 107;15 138 573;82;11 845 620;11 718 698;4 196;0;0;0;17 707 582;17 709 395;124;200 822;199 412;32;146 322 120;1 263;8 317 409;1 663 482;1 738 251;347 649;200 406;1 115 427;2 448;490;692;138;0;352;2;2;5 438 944;1 087 790;60 589;12 118;85;1 075 587;0;0;0;0;13 756 353;2 751 272;1 798 840;359 767;200 491;2 191 014;2 634 422;526 884;127 551;25 510;36 181;465 193;7 829;1 566;0;0;0;1 566;7;2;0;2 634 422;404;0;1;1;146 322 120;15 137 465;
Алтайский край;420 272 392;414 872 859;34 469;57 477 127;57 486 113;574 850 397;7 672;35 028;35 838;394 215;46;647;271 992 746;266 646 954;1 333 230 926;31 767;23;2 244 482;2 243 013;13 457 965;527;0;0;0;0;454;309;1 546;4;338 273;387 541;1 937 706;288;73 771 712;73 628 290;501 695 294;16 581;13 151 440;13 180 159;8 490;283 835;283 135;29;14 412 820;14 444 905;13 298;157 809;157 828;1 232;0;0;0;174;215;19;19 615;10 992;47;151;151;2;368 095 063;363 153 150;33 562;275 660 309;270 742 333;33 346;8 141 855;8 126 052;1 031;2 100 966;2 104 422;665;14 068 405;14 110 627;7 541;384 565;384 489;273;67 655 739;67 591 540;15 643;108 267;109 949;197;-2 216;0;0;1 216;1 189;1;1 812 424;1 813 995;232;66 072 720;65 581 553;33 751;0;0;0;15 421 255;15 429 449;1 580;1 432 113;1 435 807;210;142 974 427;10 387;52 669 082;10 533 818;11 247 512;2 249 503;1 236 778;7 047 537;18 979;3 796;6 621;1 324;6 621;-4 149;3;3;33 748 221;6 749 645;28 937 214;5 787 443;6 414;955 788;0;0;0;0;86 417 303;17 283 463;40 184 726;8 036 946;1 243 192;8 003 325;12 664 712;2 532 943;1 027 919;205 585;12 383;2 314 975;44 419;8 884;298;60;0;8 824;7;4;745 081;13 409 793;12 660;0;4;3;142 974 427;1 801 654;
Красноярский край;1 296 842 573;1 295 159 824;46 760;40 900 618;40 873 014;408 730 139;5 085;26 294;15 531;170 837;48;4 544;992 794 818;992 043 507;4 960 238 543;45 034;20;3 192 331;3 205 621;19 233 630;693;559;4 980;56 262;11;0;0;0;0;3 463 221;3 462 275;17 311 373;352;191 716 348;191 617 803;1 166 627 583;22 761;60 750 030;60 020 315;13 359;459 155;459 155;18;64 744 792;63 937 095;19 336;807 239;803 620;2 692;0;0;0;31 854;31 852;30;54 648;35 614;23;-868;27;9;1 130 599 260;1 128 701 765;45 214;846 606 010;847 829 434;44 896;24 223 314;24 182 527;1 379;1 229 089;1 230 881;499;77 971 821;75 299 992;11 875;3 440 328;3 438 811;337;176 446 110;176 047 223;21 408;697 587;692 788;682;6 654;6 654;1;19;0;0;24 814 426;24 807 514;326;307 507 507;306 524 509;46 488;0;0;0;165 040 871;163 862 241;1 662;75 639 075;75 796 052;387;1 156 240 552;14 276;117 771 943;23 554 388;31 913 799;6 382 758;2 208 539;14 963 091;0;0;0;0;0;0;1;1;81 240 435;16 248 087;3 809 314;761 862;15 477;15 470 748;0;0;0;0;199 012 378;39 802 475;35 723 113;7 144 620;2 224 016;30 433 839;18 297 595;3 659 519;1 504 907;300 981;448 766;2 909 772;0;0;0;0;0;0;0;0;2 665 737;20 963 332;0;0;0;0;1 156 240 552;25 953 286;
Иркутская область;809 794 133;808 059 546;29 690;23 451 795;23 384 935;233 849 355;3 147;6 260;6 722;73 944;16;1 462;574 991 114;573 809 051;2 869 045 251;28 760;0;3 196 142;3 185 695;19 114 167;518;117;117;603;2;0;0;0;0;4 980 260;5 006 467;25 032 333;292;155 776 475;155 435 822;934 769 596;14 503;46 269 103;46 138 400;8 413;1 608;1 648;6;47 390 411;47 229 188;12 448;748 526;744 968;2 551;985;840;4;1 179;1 071;18;29 959;20 578;14;221;221;3;668 239 673;667 762 920;28 450;448 061 332;447 942 690;28 228;18 702 455;18 705 798;1 085;709 946;711 474;267;52 541 721;52 486 417;7 334;3 376 253;3 402 182;289;144 432 171;144 099 394;13 706;415 823;414 966;405;-26;0;0;20 402;18 507;3;40 359 276;40 290 898;421;195 393 227;194 125 392;30 551;0;0;0;93 319 772;93 255 163;1 112;12 549 253;12 557 140;242;743 202 250;9 381;81 457 680;16 291 536;19 513 720;3 902 743;842 300;11 546 493;0;0;0;0;0;0;0;0;118 629 116;23 725 824;2 766 818;553 362;40 036;23 132 426;0;0;0;0;200 086 796;40 017 360;22 280 538;4 456 105;882 336;34 678 919;20 676 198;4 135 239;279 285;55 857;8 588;4 070 794;0;0;0;0;0;0;0;0;2 247 848;22 924 046;0;0;1;1;743 202 250;39 962 749;
Кемеровская область - Кузбасс;884 375 390;883 333 831;25 001;15 667 298;15 628 914;156 289 136;2 413;369;369;4 056;4;0;667 407 792;667 247 683;3 336 230 385;24 142;0;25 808 300;25 780 063;154 680 378;581;0;0;0;0;0;0;0;0;4 309 293;4 238 542;21 192 708;400;127 268 328;127 002 598;768 386 878;11 544;39 054 656;38 838 225;6 087;918 870;823 346;32;44 115 321;43 636 711;9 411;253 834;252 627;1 663;0;0;0;1 625;1 625;17;528 470;403 218;43;0;0;0;804 000 162;804 261 172;23 471;627 730 513;628 617 278;23 314;10 331 844;10 333 073;811;6 373 472;6 374 124;382;42 247 979;42 166 967;5 354;3 875 674;3 805 126;389;113 298 856;112 834 824;10 872;173 651;173 651;391;0;0;0;121 744;114 052;22;58 490 768;58 489 125;271;131 892 425;130 618 129;25 158;0;0;0;109 173 750;109 382 399;679;7 342 404;7 364 592;312;988 003 338;7 620;91 674 972;18 334 995;16 805 426;3 361 082;1 657 048;13 316 865;0;0;0;0;0;0;0;0;97 408 882;19 481 776;20 150 856;4 030 171;134 231;15 317 374;0;0;0;0;189 083 854;37 816 771;36 956 282;7 391 253;1 791 279;28 634 239;22 024 074;4 404 815;1 101 958;220 391;16 597;4 167 827;48;10;0;0;0;10;1;1;1 673 010;23 697 084;0;0;0;0;988 003 338;58 247 720;
Новосибирская область;1 094 702 776;1 093 779 913;78 211;90 064 576;89 993 025;899 926 951;8 800;11 032;11 032;121 357;35;4 055;741 162 424;740 379 071;3 701 766 664;75 579;2;4 868 269;4 873 897;29 083 275;1 154;2 449;2 449;33 531;4;0;0;0;0;694 997;697 924;3 489 510;220;208 875 291;208 917 076;1 290 068 993;40 594;45 714 402;45 691 675;22 217;196 704;196 851;57;49 019 579;48 898 075;31 286;1 069 151;1 071 720;1 990;1 236;1 236;9;2 660;2 660;49;627 768;273 463;101;399;400;2;947 395 431;948 711 050;76 328;647 880 347;649 546 763;75 777;48 835 405;48 846 248;3 984;10 974 633;10 972 126;1 764;49 825 374;49 743 114;20 069;688 857;691 729;202;188 481 229;188 243 967;38 720;879 707;825 008;500;0;0;0;472 095;158 880;6;29 809 176;30 123 896;419;168 118 715;165 830 951;77 368;0;0;0;48 811 241;49 399 095;1 277;2 590 005;2 591 768;354;456 209 756;22 980;204 789 760;40 957 954;59 175 199;11 835 039;3 726 244;25 396 671;78 795;15 759;115;23;342;15 394;14;9;928 258 845;185 651 769;556 086 215;111 217 244;3 868 623;70 565 902;0;0;0;0;1 133 048 605;226 609 723;615 261 414;123 052 283;7 594 867;95 962 573;89 247 021;17 849 403;8 480 913;1 696 183;60 602;16 092 618;108 516;21 703;0;0;0;21 703;10;6;7 642 146;96 889 167;499;0;1;1;456 209 756;29 433 819;
Омская область;432 101 682;431 791 974;26 194;25 954 363;25 948 218;259 484 165;4 209;4 643;6 120;67 324;14;407;314 698 427;314 883 966;1 574 425 379;24 822;0;637 666;638 147;3 828 879;273;229;240;1 300;3;0;0;0;0;432 130;432 401;2 162 006;180;69 203 658;68 817 891;428 161 765;12 172;19 240 287;19 197 628;6 421;73 410;73 050;38;21 176 042;21 064 992;9 751;253 588;252 003;1 150;3;3;1;1 055;568;26;74 541;60 463;46;0;0;0;350 765 210;351 276 656;25 449;256 035 236;257 007 780;25 246;5 020 266;5 019 342;673;1 937 598;1 938 393;697;20 094 717;19 975 411;5 706;431 683;431 433;178;67 069 156;66 727 150;11 490;156 575;156 595;193;0;0;0;13 257;11 108;2;992 981;1 011 076;220;100 171 419;99 382 547;26 180;0;0;0;19 404 526;19 473 202;752;10 744 930;10 765 376;154;83 061 461;7 906;59 047 677;11 809 536;15 220 477;3 044 097;1 302 909;7 462 530;148;30;0;0;0;30;4;1;34 915 364;6 983 073;19 298 519;3 859 705;5 576;3 117 792;0;0;0;0;93 963 041;18 792 609;34 518 996;6 903 802;1 308 485;10 580 322;17 957 439;3 591 489;549 283;109 857;15 160;3 466 472;11 788;2 358;11 503;2 301;7;50;6;4;1 121 096;19 078 535;17 156;0;3;2;83 061 461;1 002 153;
Томская область;423 691 638;423 594 203;14 525;25 846 119;25 843 031;258 430 574;1 533;5;5;50;1;46;326 439 639;326 440 542;1 632 200 713;14 041;0;1 203 224;1 156 494;6 938 966;211;0;0;0;0;0;0;0;0;201 616;201 439;1 007 197;104;56 718 501;56 680 724;344 169 916;7 370;12 430 026;12 424 158;3 952;140 440;140 440;12;13 316 565;13 305 997;5 790;149 565;149 066;1 198;0;0;0;481;481;21;42 712;13 974;31;1 363;1 363;5;334 236 077;334 279 105;14 047;256 845 424;256 938 872;13 944;7 046 052;7 047 398;390;458 832;458 866;204;15 006 042;14 990 403;3 421;201 616;201 439;104;54 575 293;54 539 313;6 987;107 660;107 656;184;0;0;0;3 721;3 453;1;873 718;873 915;50;102 204 362;102 020 452;15 142;0;0;0;13 191 127;13 173 008;362;12 430 988;12 450 461;130;56 649 514;4 510;48 495 385;9 699 078;5 311 143;1 062 231;815 477;7 821 370;885;177;0;0;0;177;2;2;32 036 722;6 407 344;1 871 407;374 281;28 718;6 004 345;0;0;0;0;80 532 107;16 106 422;7 182 550;1 436 512;844 195;13 825 715;5 771 805;1 154 361;33 152;6 630;2 716;1 145 015;38 000;7 600;0;0;0;7 600;12;6;1 560 837;7 332 642;0;0;0;0;56 649 514;858 186;
Республика Бурятия;126 810 172;126 600 073;5 374;8 875 311;8 869 236;88 692 363;949;-327;0;0;0;0;79 102 330;78 822 014;394 108 784;5 005;0;116 115;115 966;695 797;115;84;0;0;0;0;0;0;0;152 133;152 133;760 667;45;28 310 734;28 364 398;172 730 941;2 000;9 625 704;9 653 305;1 182;189 060;189 060;7;10 254 004;10 276 453;2 041;48 956;38 324;696;0;0;0;339;339;9;7 674;2 376;7;0;0;0;118 182 880;118 073 531;5 095;72 790 235;72 698 761;5 029;3 908 398;3 910 427;216;833 599;833 599;47;11 454 849;11 485 831;1 030;151 236;151 232;42;28 956 055;28 982 329;1 848;22 643;10 861;82;0;0;0;1 253;128;1;5 563 576;5 564 029;85;19 784 994;19 728 131;5 632;0;0;0;16 627 191;16 687 896;320;672 922;668 971;28;119 238 586;1 842;23 348 624;4 669 723;6 314 952;1 262 991;685 650;2 721 082;0;0;0;0;0;0;0;0;4 227 280;845 456;16 087;3 218;494;841 744;0;0;0;0;27 575 904;5 515 179;6 331 039;1 266 209;686 144;3 562 826;2 094 734;418 946;655;131;1;418 814;0;0;0;0;0;0;0;0;85 767;2 180 501;0;0;0;0;119 238 586;5 563 551;
Республика Саха (Якутия);264 825 872;263 781 813;5 871;3 992 613;3 796 368;37 963 676;746;22 086;6 257;68 832;11;37 747;200 084 573;199 551 871;997 763 600;5 577;0;272 212;258 170;1 549 009;129;0;0;0;0;0;0;0;0;3 988 270;3 773 092;18 865 458;159;36 141 638;36 151 156;221 899 071;2 461;17 402 788;17 373 569;1 329;398 144;398 144;5;20 286 177;20 232 275;2 223;319 524;319 487;685;0;0;0;0;0;0;3 586;3 534;5;143;143;2;224 587 985;223 844 066;5 484;163 181 026;162 837 355;5 420;1 287 384;1 287 235;100;3 043 718;3 043 718;41;21 953 750;21 864 393;1 165;3 976 731;3 761 831;155;30 946 140;30 859 910;2 254;206 645;197 103;161;0;0;0;0;0;0;58 411 851;58 436 588;165;87 137 979;86 681 588;6 038;0;0;0;104 931 774;104 785 761;544;10 582 333;10 763 985;142;795 167 127;1 955;30 130 297;6 026 058;12 610 359;2 522 074;1 005 733;2 498 251;0;0;0;0;0;0;0;0;97 387 374;19 477 475;7 361 624;1 472 325;215 684;17 789 466;0;0;0;0;127 517 671;25 503 533;19 971 983;3 994 399;1 221 417;20 287 717;14 517 895;2 903 580;215 438;43 088;96 464;2 764 028;1 407 133;281 427;0;0;85 133;196 294;9;3;1 535 682;16 053 577;0;0;0;0;795 167 127;58 280 497;
Приморский край;908 535 252;909 448 277;36 267;43 719 481;43 638 446;436 383 884;5 438;55;48;532;16;366;648 489 480;649 708 683;3 248 460 965;34 738;0;1 970 409;1 960 641;11 763 766;454;6 215;6 215;31 075;9;357;357;1 786;2;516 947;498 752;2 493 760;202;156 652 881;156 470 497;969 705 200;16 978;44 552 556;44 565 098;8 219;203 506;203 506;30;57 185 578;57 171 436;11 752;1 512 363;1 479 728;1 732;284;284;2;159;159;7;53 693;4 254;21;93;59;5;834 427 137;836 064 310;34 882;487 662 649;489 614 639;34 207;133 988 545;133 870 202;5 845;17 589 315;17 593 021;244;49 210 249;49 131 809;7 455;499 871;484 846;188;144 477 466;144 374 153;16 171;1 096 200;1 080 740;415;223;223;2;520;519;5;18 809 986;18 852 121;1 152;113 737 218;112 860 941;35 391;0;0;0;56 076 130;56 060 524;1 848;3 946 321;3 988 635;298;598 325 205;11 267;123 922 027;24 784 400;19 303 248;3 860 649;2 425 275;18 498 476;9 237;1 847;1 784;357;238;1 252;9;5;621 059 310;124 211 862;148 827 476;29 765 494;335 098;94 111 270;0;0;0;0;744 981 337;148 996 262;168 130 724;33 626 143;2 760 373;112 609 746;34 545 210;6 909 043;12 713 383;2 542 677;37 806;4 328 560;82 726;16 545;36 888;7 378;687;8 480;18;11;38 560 446;73 105 656;357 879;0;13;11;598 325 205;18 770 105;
Хабаровский край;478 862 828;478 334 663;21 363;23 222 458;23 220 915;232 209 150;2 681;723;723;7 951;15;69;331 403 531;331 154 165;1 655 761 568;20 634;0;12 030 607;12 029 488;72 176 930;334;0;0;0;0;8 648;7 761;46 566;4;947 678;946 653;4 733 265;204;86 159 548;85 962 771;520 093 779;10 752;21 101 592;21 010 428;6 134;166 147;166 147;14;25 098 084;25 019 747;8 715;590 795;545 754;2 278;0;0;0;488;488;10;627 064;627 064;8;130;130;2;461 776 988;461 490 884;20 328;345 160 952;345 636 474;20 109;13 083 825;13 077 222;1 159;641 969;667 518;146;24 985 698;24 979 444;5 573;946 156;944 570;200;76 310 102;75 818 379;10 209;555 619;363 827;270;6 769;6 769;4;23 056;23 056;5;6 140 599;6 175 882;275;80 446 185;79 903 412;22 643;0;0;0;68 176 676;67 977 508;886;5 166 794;5 264 437;145;319 903 246;6 894;42 584 819;8 516 964;13 299 270;2 659 853;851 307;5 005 804;459 782;91 956;18 608;3 722;748;87 486;9;6;14 536 484;2 907 298;2 030 476;406 096;6 794;2 494 408;0;0;0;0;57 121 303;11 424 262;15 329 746;3 065 949;858 101;7 500 212;5 678 058;1 135 612;689 959;137 993;29 990;967 629;90 071;18 014;7 180;1 436;598;15 980;21;8;4 009 582;9 687 640;1 093 862;46 769;5;5;319 903 246;5 566 466;
Амурская область;244 183 663;242 805 748;9 722;16 174 441;16 114 679;160 935 526;1 852;228 157;228 157;2 509 724;19;86;164 367 012;163 621 892;818 110 782;8 961;0;274 931;267 859;1 607 154;141;21 551;26 427;161 130;10;0;0;0;0;765 746;765 746;3 828 728;85;34 109 775;34 043 374;212 798 104;4 006;27 070 512;26 633 457;1 970;0;0;0;28 263 434;27 763 938;3 135;1 735 545;1 796 235;916;0;0;0;2 746;2 746;8;110;110;2;91;28;2;247 395 030;246 615 522;9 314;175 056 904;174 510 320;9 155;14 451 324;14 388 642;1 441;167 215;167 214;79;27 626 926;27 479 419;1 737;766 319;765 438;82;28 064 370;27 981 174;3 665;1 261 961;1 323 303;115;0;0;0;0;0;0;5 470 331;5 320 883;151;49 864 087;49 510 216;9 625;0;0;0;56 884 270;56 789 072;962;36 688 865;37 163 318;98;205 769 155;3 129;118 470 480;23 694 096;75 634 480;15 126 896;241 305;8 325 895;397 770;79 554;4 953;991;3 041;75 522;9;6;78 572 340;15 714 468;65 213 942;13 042 788;713;2 670 967;0;0;0;0;197 042 820;39 408 564;140 848 422;28 169 684;242 018;10 996 862;2 504 510;500 902;141 812;28 362;20 499;452 041;219 209;43 842;0;0;4 250;39 592;2;2;123 115;2 627 625;0;0;0;0;205 769 155;5 319 778;
Камчатский край;83 071 438;82 980 499;3 232;12 129 041;12 122 978;121 229 780;1 031;599;599;6 590;3;0;49 770 850;49 727 954;248 639 780;3 026;20;162 230;162 289;973 732;38;0;0;0;0;0;0;0;0;989 244;985 456;4 927 280;98;12 158 652;12 165 574;85 964 578;1 471;7 588 622;7 588 299;668;26 582;26 582;2;7 859 747;7 814 435;1 115;53 987;50 179;175;0;0;0;0;0;0;33 162;21 100;4;0;0;0;83 339 275;83 292 498;3 096;58 931 736;58 941 431;3 057;3 428 541;3 421 795;252;14 864;14 864;20;8 640 527;8 623 879;592;985 450;981 487;94;11 292 229;11 264 803;1 349;45 928;44 239;96;0;0;0;12 649;83;1;2 786 264;2 781 987;90;14 232 013;14 145 696;3 070;0;0;0;17 173 196;17 130 360;398;1 516 530;1 512 279;94;163 692 785;958;9 873 907;1 974 780;894 164;178 831;125 548;1 670 401;0;0;0;0;0;0;1;1;5 169 483;1 033 896;68 103;13 621;35 272;985 003;0;0;0;0;15 043 390;3 008 676;962 267;192 452;160 820;2 655 404;853 660;170 732;39 188;7 837;25 932;136 963;0;0;0;0;0;0;0;0;12 289 262;13 142 922;0;0;0;0;163 692 785;2 765 562;
Магаданская область;79 193 571;78 974 196;2 241;1 646 760;1 540 019;15 400 188;368;6 397;6 397;70 365;2;24;62 612 075;62 398 129;311 990 645;2 134;149;58 480;58 502;351 015;42;0;0;0;0;0;0;0;0;789 725;791 858;3 959 288;45;9 498 256;9 602 622;58 076 264;697;4 332 317;4 323 441;423;8 188;6 145;5;4 581 706;4 576 496;823;93 024;91 378;317;0;0;0;39;39;2;0;0;0;0;0;0;90 401 690;89 738 556;2 188;69 580 532;69 534 383;2 162;4 848 335;4 848 258;72;226 544;226 544;14;7 188 381;6 609 826;343;817 878;791 558;42;7 658 697;7 647 896;675;81 323;80 091;80;0;0;0;0;0;1;6 180 551;6 182 352;200;17 518 918;17 265 867;2 180;0;0;0;34 800 002;34 106 634;585;1 334 666;1 367 306;40;344 588 877;774;2 083 648;416 728;85 952;17 191;9 935;389 602;0;0;0;0;0;0;0;0;15 601 474;3 120 295;79;16;343;3 119 936;0;0;0;0;17 685 122;3 537 023;86 031;17 207;10 278;3 509 538;1 429 000;285 799;2 487;497;3 261;282 041;0;0;0;0;0;0;0;0;2 511 528;3 940 528;0;0;0;0;344 588 877;6 182 350;
Сахалинская область;149 276 435;150 162 039;5 133;8 680 827;8 680 827;86 806 853;1 014;11 963;11 963;131 572;13;111;106 673 764;107 127 500;535 636 908;4 891;0;691 291;691 291;4 147 746;93;347;347;1 753;3;2 957;2 957;14 785;4;429 246;432 134;2 160 668;71;26 669 844;27 101 109;170 353 529;2 411;5 335 577;5 335 538;943;428 081;428 081;6;6 119 390;6 117 104;1 784;477 920;477 911;563;0;0;0;266;266;4;764;764;3;0;0;0;151 003 393;152 317 086;4 816;117 559 320;118 456 523;4 774;5 180 003;5 196 420;413;230 446;230 446;79;4 715 536;4 715 536;866;413 820;416 707;63;22 464 712;22 861 909;2 275;439 557;439 545;192;0;0;0;0;0;0;12 699 894;12 700 018;95;37 342 732;37 329 699;5 174;0;0;0;51 240 469;51 655 659;430;375 759;511 677;77;244 225 207;1 626;35 634 400;7 126 881;3 034 760;606 951;504 804;6 015 126;994;199;0;0;0;199;5;2;5 121 898;1 024 379;353 507;70 700;45 169;908 510;0;0;0;0;40 756 298;8 151 260;3 388 267;677 651;549 973;6 923 636;5 146 765;1 029 353;228 150;45 630;14 086;969 637;1 737 996;347 599;0;0;0;347 599;16;7;9 494 064;14 640 829;389 577;385;7;3;244 225 207;12 699 442;
Забайкальский край;115 082 856;114 494 737;5 797;5 620 202;5 572 691;55 726 912;817;584;584;6 428;10;5 475;81 258 184;80 893 124;404 465 621;5 442;10;669 481;656 990;3 941 860;129;0;0;5 960;0;0;0;0;0;1 582 594;1 601 705;8 008 523;112;19 805 338;19 760 769;120 257 525;2 227;5 740 661;5 592 121;1 090;234;234;5;6 141 871;6 003 382;1 918;148 302;146 446;1 494;2;2;1;131;131;5;1 526;1 526;3;0;0;0;112 887 182;112 398 827;5 367;83 002 900;82 617 562;5 271;4 217 876;4 217 911;446;33 944;34 493;35;8 854 370;8 859 428;941;1 475 787;1 494 182;110;15 228 473;15 101 480;1 994;73 780;73 754;136;24;24;1;0;0;0;19 578 412;19 662 570;165;19 894 953;19 644 013;6 518;0;0;0;37 068 174;37 004 974;788;1 391 098;1 391 097;82;294 422 835;2 248;23 945 392;4 789 079;3 850 231;770 046;291 913;3 727 120;5 469;1 094;433;87;0;1 007;5;3;32 298 391;6 459 677;95 212;19 043;3 054;6 437 580;0;0;0;0;56 243 783;11 248 756;3 945 443;789 089;294 967;10 164 700;7 075 468;1 415 095;39 595;7 919;9 452;1 397 724;6 831;1 366;7 524;1 505;562;-701;6;3;10 697;7 086 165;185 983;0;5;4;294 422 835;18 501 141;
Еврейская автономная область;7 056 119;7 026 252;625;622 228;619 110;6 191 102;134;1 599;1 599;17 591;1;0;4 950 803;4 927 970;24 639 850;561;0;9 120;9 120;54 721;6;0;0;0;0;0;0;0;0;65 420;65 420;327 099;13;1 199 969;1 199 637;7 302 057;255;195 697;193 079;102;0;0;0;206 980;203 395;170;29 104;28 951;321;0;0;0;775;775;8;20 312;12 459;3;0;0;1;5 374 647;5 349 653;579;4 146 140;4 121 306;563;325 393;325 310;71;28 526;28 526;7;227 274;226 538;86;65 420;65 420;13;556 585;556 544;223;25 248;25 948;29;62;62;1;0;0;0;1 905 756;1 905 604;15;2 271 454;2 254 530;884;0;0;0;2 440 001;2 435 815;76;4 765;4 765;3;21 197 477;280;2 243 660;448 732;752 394;150 477;43 911;254 344;0;0;0;0;0;0;0;0;29 563;5 913;0;0;0;5 913;0;0;0;0;2 273 223;454 645;752 394;150 477;43 911;260 257;137 016;27 403;16 146;3 229;0;24 174;0;0;0;0;0;0;0;0;0;137 016;67 190;0;1;1;21 197 477;1 833 433;
Чукотский АО;39 230 099;39 257 696;546;422 450;429 636;4 296 349;93;16 159;16 159;177 751;5;0;22 437 441;22 473 999;112 307 916;502;0;23 769;23 769;142 616;11;0;0;0;0;0;0;0;0;583 401;583 401;2 917 007;35;11 135 428;11 136 156;67 389 795;225;4 520 705;4 501 992;121;0;0;0;4 610 517;4 593 623;217;-17 667;69 505;944;0;0;0;0;0;0;129 211;129 211;1;0;0;0;59 995 942;59 897 753;528;40 501 644;40 567 367;521;376 128;376 128;14;96 042;97 637;18;12 923 469;12 923 469;89;545 254;545 254;33;5 350 487;5 350 425;204;200 509;35 065;118;0;0;0;0;0;0;1 112 852;1 112 819;15;9 478 317;9 551 673;1 228;0;0;0;31 238 230;31 098 760;189;2 037 983;2 037 983;28;125 387 045;359;875 521;175 103;110 890;22 177;34 936;117 990;539;108;419;84;0;24;5;2;7 862 836;1 572 567;0;0;0;1 572 567;0;0;0;0;8 738 357;1 747 670;110 890;22 177;34 936;1 690 557;487 851;97 569;222 043;44 408;220 546;-167 385;0;0;0;0;0;0;0;0;0;487 851;0;0;0;0;125 387 045;983 515;
