GA;GB;G1;G2;G3;G4;G5;G6;G7;G8;G9;G10;G11;G12;G13;G14;G15;G16;G17;G18;G19;G20;G21;G22;G23;G24;G25;G26;G27;G28;G29;G30;G31;G32;G33;G34;G35;G36;G37;G38;G39;G40;G41;G42;G43;G44;G45;G46;G47;G48;G49;G50;G51;G52;G53;G54;G55;G56;G57;G58;G59;G60;G61;G62;G63;G64;G65;G66;G67;G68;G69;G70;G71;G72;G73;G74;G75;G76;G77;G78;G79;G80;G81;G82;G83;G84;G85;G86;G87;G88;G89;G90;G91;G92;G93;G94;G95;G96;G97;G98;G99;G100;G101;G102;G103;G104;G105;G106;G107;G108
0100;Республика Адыгея;248 502;225 098;21 067;2 337;65 487;47 222;0;0;0;47 222;0;47 222;0;0;0;18 167;98;98;632 253;269 201;2 695;185 294;0;36 019;0;5 996;6 020;673;41;632;59 703;64 260;5 164;0;0;0;11 438;0;11 314;33 577;53 040;10 858;0;0;0;0;0;10 725;0;133;133;2 097;4 353;45 944;916;0;0;0;22 538;134 282;75 812;39 272;19 198;79 957;43 826;3 844;32 287;200 007;770 449;253 500;299 322;513 716;437 441;595;8 014;293 617;80;2 343;44 699;29 153;63 306;11 523;78 142;22 609;16 264;28 439;16 422;518;11 499;165 627;217 683;176 985;628;745 162;1 345 104;1 074 966;919 058;73 414;82 495;275 670;93 228;60 774;16 623;15 224;28 927;3;17 563;0
0200;Республика Башкортостан;1 766 508;1 577 963;178 248;10 297;7 229 361;2 449 591;404;13;391;2 449 187;2 449 187;0;1 764 135;56 101;1 708 034;198 931;2 816 705;2 816 543;16 285 988;1 018 764;208 112;224 858;87 082;171 654;216;99 889;150 814;19 861;7 895;11 967;265 147;74 810;40 530;2 099 796;0;2 099 796;3 395 661;303 661;409 117;910 199;1 254 473;649 829;774;0;0;10 639;612 622;23 193;19 103;2 601;2 200;430 670;302 841;1 030 271;766 711;2 738 650;15 916;2 626 710;802 253;3 286 035;1 909 310;619 594;757 131;939 346;598 455;48 935;291 956;5 249 018;9 195 064;3 825 976;4 416 056;7 392 032;5 830 764;90 154;31 225;2 692 301;56 287;8 998;1 164 211;331 772;838 405;83 065;1 610 735;183 380;595 897;474 709;416 467;16 892;41 350;1 480 966;4 811 723;1 524 703;5 997;6 339 796;13 449 912;10 750 401;9 814 462;502 353;433 586;2 046 771;664 910;591 150;181 554;127 688;281 908;838;110 509;0
0300;Республика Бурятия;481 267;147 539;310 128;23 600;2 103 313;535 650;535 642;508 602;27 040;8;8;0;1 468 054;378;1 467 676;86 877;12 732;3;1 753 457;198 397;79 909;10 253;0;9 124;0;4 120;5 975;3 211;361;2 850;62 434;117 893;10 350;0;0;0;4 549;33;13 863;81 049;63 227;1 565;0;0;0;0;1 562;3;0;0;0;71 785;644;934;204;1 043 799;5;665 533;61 866;901 836;639 988;0;261 848;205 091;138 349;11 246;55 496;317 651;1 813 807;482 159;1 112 020;433 304;201 354;3 687;3 084;2;732;35 276;101 779;94 163;188 215;36 650;161 139;23 572;67 855;78 700;48 973;12 487;17 240;246 096;540 785;313 682;708;2 253 671;4 300 280;3 445 070;3 082 190;191 540;171 340;608 754;189 098;112 094;35 768;18 282;58 045;342;23 888;0
0400;Республика Алтай;163 246;111 275;50 836;1 135;206 526;21 563;21 563;21 563;0;0;0;0;66 981;0;66 981;1 890;116 091;116 091;137 277;40 925;3 451;24 504;0;1 492;0;550;1 053;195;183;12;6 631;0;1 281;4 527;0;4 527;2 041;1 043;109;10 139;12 962;7 016;0;0;0;0;0;7 016;0;0;0;2;114;5 363;28 190;0;0;0;20 660;130 706;74 875;2 294;53 537;31 484;25 143;1 164;5 177;198 404;437 513;189 311;217 029;199 672;71 266;10 707;1 539;0;939;20 440;80 299;26 728;131 725;56 294;65 145;9 433;35 741;24 203;15 876;7 442;885;57 245;149 524;51 908;280;818 934;1 225 106;801 321;718 736;30 391;52 193;199 068;74 128;19 781;8 164;3 575;8 042;1;5 466;0
0500;Республика Дагестан;494 123;421 658;31 700;40 765;120 757;83 863;0;0;0;83 863;53 201;30 662;2;1;1;27 892;9 000;9 000;884 849;42 728;5 659;3 478;130;180 988;53;3 905;7 578;20 576;345;20 232;6 894;1 702;4 329;13 051;0;13 051;6 101;6 936;13 151;142 275;109 470;265;7;0;0;0;0;78;51;180;163;20 938;30 551;46 686;49;136 962;580;131 907;89 926;533 332;423 313;21 889;88 130;130 220;94 781;22 023;13 416;710 312;1 366 462;502 281;793 365;953 031;634 798;2 511;22 396;411 959;38 961;2 663;155 762;120 847;114 521;16 113;236 490;74 346;60 547;87 961;59 325;1 545;27 091;164 023;564 073;405 699;721;2 754 119;9 288 114;5 878 589;5 143 988;200 937;533 665;860 178;374 400;109 102;44 348;14 616;50 137;84;58 094;0
0600;Республика Ингушетия;87 219;78 610;8 517;92;69 892;64 157;0;0;0;64 157;64 157;0;0;0;0;5 735;0;0;52 732;18 667;12 146;14;18;1 533;0;103;1 687;783;2;781;1 779;153;672;73;0;28;37;0;344;5 067;10 892;7 886;0;0;0;0;0;6 489;0;1 397;0;0;245;1 042;8 682;0;0;0;973;67 506;43 815;23 662;30;41 867;29 157;6 739;5 971;100 501;136 113;62 533;68 919;68 924;33 678;42;1 496;0;29;14 042;2 712;18 463;9 398;2 101;57 950;7 721;17 522;15 690;4 749;10 637;304;18 131;50 361;44 353;60;584 624;1 498 502;872 941;831 504;32 052;9 385;213 236;103 406;10 200;5 189;436;4 575;1;6 641;0
0700;Кабардино-Балкарская Республика;306 815;285 755;11 197;9 863;21 003;2 932;0;0;0;2 932;2 932;0;0;0;0;6 126;11 945;0;362 568;89 804;2 943;30 002;0;36 062;119;6 709;45 589;2 045;253;1 792;4 630;12 141;3 178;83;0;83;10 277;62;8 644;20 855;60 161;35 869;271;0;225;76;0;35 522;0;0;0;23 897;17 693;6 356;5 609;0;0;0;8 654;481 389;236 841;144 154;100 394;108 490;76 574;1 536;30 380;125 371;561 539;221 471;309 779;211 548;113 547;493;5 954;5;3;0;41 607;56 391;61 426;18 450;107 065;8 131;12 550;20 386;16 075;217;4 094;63 679;219 866;97 022;469;1 153 294;2 161 663;1 713 007;1 561 330;77 333;74 344;298 076;156 982;57 974;30 772;5 517;21 685;39;22 194;0
0800;Республика Калмыкия;295 244;279 301;13 385;2 558;14 074;13 963;0;0;0;13 963;13 963;0;0;0;0;110;0;0;64 805;11 332;4 518;58;0;9 344;0;46;3 666;232;79;153;645;388;567;1 190;0;1 190;5 311;0;250;5 189;3 580;665;0;0;0;0;0;665;0;0;0;0;14 253;282;0;0;0;0;8 530;176 626;119 272;35 695;21 660;50 703;39 825;7 840;3 038;47 866;248 859;48 714;176 816;145 008;68 840;85;6 189;13 823;2 347;13;48 823;24 985;35 910;3 751;52 707;12 384;18 569;20 573;8 742;10 322;1 509;35 828;108 250;115 771;523;678 576;1 124 521;702 106;592 206;38 891;71 009;127 358;44 803;20 859;10 435;3 756;6 668;3;8 191;0
0900;Карачаево-Черкесская Республика;233 475;221 804;11 321;350;168 428;0;0;0;0;0;0;0;156 236;0;156 236;12 192;0;0;432 004;45 188;7 685;20 390;2 776;137 020;3;12 483;23 315;440;41;399;4 768;5 267;1 910;0;0;0;2 991;6 006;41 970;111 898;2 237;0;0;0;0;0;0;0;0;0;0;5 436;19 171;4 143;628;0;0;0;7 130;271 830;141 655;65 609;64 565;53 408;38 809;4 773;9 826;125 317;389 431;158 072;208 748;121 177;72 322;495;1 567;1;0;39;23 056;25 760;41 763;17 724;70 506;10 068;11 577;18 120;12 048;53;6 019;41 622;148 317;52 937;248;781 732;1 297 865;858 272;780 968;29 647;47 657;144 761;58 860;25 233;10 563;4 156;10 514;0;22 260;0
1000;Республика Карелия;795 787;96 845;373 298;325 644;1 523 202;59;59;59;0;0;0;0;1 172 482;1 172 482;0;348 881;1 780;0;2 112 510;162 905;3 844;48 251;0;11 164;180;3 112;6 095;540;140;400;293 321;868 197;6 887;0;0;0;33 575;50;7 677;91 528;312 502;121 258;0;0;0;0;22 250;14 961;0;84 047;2 630;1 999;5 152;24 203;102 595;61 383;55 347;0;119 445;644 613;425 617;40 354;178 642;144 007;109 573;3 997;30 437;435 349;1 062 876;396 627;445 627;826 828;383 712;1 029;6 443;0;15 705;1 122;346 583;79 706;228 159;56 388;239 355;16 765;58 154;42 184;25 947;8 516;7 721;377 143;699 835;268 265;1 063;2 118 279;2 852 229;2 492 957;2 172 405;167 949;152 603;511 160;141 912;133 435;47 962;22 328;63 145;6;18 503;0
1100;Республика Коми;691 679;312 677;376 610;2 392;7 051 237;6 098 485;2 059 459;2 059 459;0;4 039 026;3 639 905;399 121;250 067;0;250 067;61 091;641 592;641 570;2 583 165;151 084;1 582;21 253;0;62 779;0;71 845;8 565;2 484;42;2 442;620 528;808 632;13 141;167 570;0;167 563;18 561;0;45 542;37 151;58 202;9 197;9 197;0;0;0;0;0;0;0;0;379;10 054;1 684;0;1 704;1 704;0;503 260;1 424 820;715 050;134 524;575 245;510 310;395 721;1 568;113 021;591 869;1 307 004;430 939;666 386;5 403 502;4 508 763;18 493;11 132;3 781 219;31 221;205 530;536 100;121 888;315 594;23 741;270 586;30 019;120 635;111 662;101 901;1 676;8 085;494 685;966 074;605 453;2 351;3 286 904;4 743 592;4 548 219;3 917 680;299 383;331 156;867 166;330 003;182 026;64 488;31 791;85 746;0;24 102;0
1200;Республика Марий-Эл;807 913;743 787;63 587;539;12 236;0;0;0;0;0;0;0;0;0;0;11 736;500;61;3 462 455;575 814;389 585;57 185;0;9 733;13;15 486;21 283;59 113;188;58 925;96 162;284 334;20 545;69 634;880;68 754;93 384;30 530;13 795;57 817;507 613;1 945;25;0;0;0;677;0;0;1 243;1 239;756 904;309 187;298 198;100 671;3 760;620;0;138 479;485 946;123 493;88 363;274 090;154 370;120 163;7 746;26 461;364 216;911 030;377 760;445 173;665 204;516 272;263;5 126;325 506;9 888;13 250;71 705;54 089;125 585;8 153;156 533;18 219;16 832;75 596;71 377;247;3 972;201 143;239 758;136 582;1 152;1 421 542;1 944 749;1 512 086;1 305 370;91 185;115 531;351 101;88 755;89 335;31 633;14 925;42 777;0;15 954;0
1300;Республика Мордовия;1 291 691;1 254 586;36 029;1 076;2 131;0;0;0;0;0;0;0;0;0;0;2 131;0;0;3 185 405;618 193;313 139;87 651;63 807;86 590;0;6 344;14 045;201;42;159;90 523;13 358;6 097;0;0;0;40 051;115 467;97 659;251 061;546 818;411 565;377;0;0;1 434;1 068;28 509;0;380 176;0;228 127;539 304;21 637;38 115;381 723;0;0;90 092;406 863;364 427;279;42 156;144 844;82 319;3 130;59 395;377 861;1 036 549;385 368;528 713;749 326;633 174;24;11 485;309 506;135;86;46 242;69 689;105 864;21 473;147 153;22 385;23 493;94 186;80 984;517;12 685;291 174;402 127;217 251;1 019;1 335 618;2 199 612;2 006 931;1 751 921;133 957;121 053;472 027;200 209;99 650;37 067;17 711;44 873;31;19 877;0
1400;Республика Саха (Якутия);743 684;435 565;274 263;33 856;13 918 448;3 139 830;2 262 797;2 246 026;16 771;877 033;566 072;310 961;5 100 412;8 372;5 092 040;5 469 806;208 400;2 652;720 479;223 599;35 971;71 584;0;28 953;17;1 554;7 259;14 787;12 014;2 773;32 094;463;27 309;1;0;1;37 472;1;12 010;202 023;29 268;3 811;34;0;0;11;1 840;1 927;17;0;0;261;1 775;33 461;816;5 631;5 590;0;61 725;3 600 020;1 433 228;6 388;2 160 404;313 998;183 351;67 087;63 560;994 936;2 004 341;585 569;1 271 824;5 443 105;2 185 664;275 586;21 008;977 568;400 796;808 109;1 883 021;165 515;257 534;24 060;777 191;97 484;77 576;502 630;416 996;62 275;23 359;594 232;2 354 588;509 164;931;4 986 313;12 593 178;7 066 726;6 064 476;632 359;369 891;2 119 055;391 298;175 485;87 626;23 635;64 225;157;57 612;0
1500;Республика Северная Осетия-Алания;154 209;135 663;4 321;14 225;15 240;300;5;0;5;295;295;0;359;0;359;14 500;81;81;493 954;45 960;22 528;4 287;41;99 439;1 121;5 026;47 491;166;118;48;2 045;1 309;4 008;1 781;0;1 781;3 534;320;12 186;36 227;129 822;123 549;0;0;0;0;0;123 361;0;188;0;58 518;8 483;1 271;119;16 052;2;0;19 076;344 345;167 480;84 116;92 749;110 577;43 254;52 490;14 833;187 121;564 109;185 171;337 366;269 560;183 271;2 950;3 656;98 462;0;41;36 080;50 168;78 701;11 187;112 382;18 355;22 086;29 847;22 522;292;7 033;77 084;172 905;147 145;297;1 159 386;2 039 668;1 768 187;1 569 029;88 587;110 571;360 266;123 436;54 859;21 783;8 495;24 581;834;26 909;0
1600;Республика Татарстан;2 594 314;2 401 126;184 539;8 649;8 642 978;6 333 310;49;49;0;6 333 261;6 333 261;0;12;0;12;51 952;2 257 704;2 257 664;26 649 303;1 623 585;306 804;431 040;81 220;278 711;5 488;77 132;142 068;29 902;9 641;20 261;292 813;415 325;48 174;1 988 663;0;1 988 572;7 292 856;109 144;1 473 582;793 451;1 669 282;326 659;46 376;0;0;174 552;18 822;3 730;254;83 178;11 364;1 035 564;1 186 099;1 250 080;4 623 620;1 119 264;381 517;735 136;1 194 500;3 105 934;2 678 861;17 941;409 132;863 770;616 262;25 144;222 364;6 558 963;12 952 550;5 330 576;4 319 665;9 898 476;7 383 478;126 468;32 148;3 495 652;222 548;302 203;1 301 176;689 071;1 150 341;218 630;2 746 401;181 815;541 968;2 901 252;2 509 236;267 163;124 853;1 992 575;5 437 760;2 176 751;134 404;5 693 302;17 513 512;10 913 195;10 032 348;407 261;473 585;3 200 215;1 564 975;710 310;300 182;92 561;317 567;223;126 014;0
1700;Республика Тыва;147 066;66 034;80 582;450;695 599;154 334;154 334;154 334;0;0;0;0;541 224;0;541 224;42;0;0;149 017;13 372;1 963;2 360;0;242;0;1 476;1 213;124;70;53;5 075;42;1 827;0;0;0;83;0;88;121 574;1 529;1 172;0;0;0;0;0;1 172;1 172;0;0;0;0;3;0;0;0;0;2 369;215 676;93 734;10;121 933;27 375;19 829;87;7 459;47 216;222 779;29 225;176 425;163 273;61 010;395;5 125;0;0;33 747;30 901;37 615;39 886;7 595;109 588;12 281;58 965;16 372;14 393;1;1 978;59 565;178 409;78 696;94;1 320 964;2 584 924;1 555 655;1 299 701;124 759;131 195;322 749;97 926;28 115;11 959;3 597;12 559;0;11 216;0
1800;Удмуртская Республика;1 334 488;1 193 829;115 158;25 501;1 868 304;737 494;0;0;0;737 494;737 494;0;31 895;0;31 895;12 794;1 086 120;1 086 120;9 416 810;625 738;61 237;328 825;5;90 196;92;19 958;100 029;10 719;4 900;5 819;374 638;38 810;31 569;25;15;9;73 244;12 193;112 238;191 124;3 802 116;1 120 887;443 860;0;0;8 935;4 538;621 672;0;41 882;29 196;1 882 753;627 528;527 955;423 592;30 441;85;14 955;441 852;906 776;530 608;141 164;235 004;384 817;213 641;3 480;167 696;970 330;2 995 499;1 160 581;1 434 328;1 861 678;1 224 741;15 360;11 078;384 148;5 610;93 335;399 477;138 515;424 636;26 692;444 810;39 743;36 986;396 032;330 282;13 330;52 420;544 925;1 349 234;698 343;2 944;2 169 515;6 070 851;4 432 788;3 866 589;282 060;284 140;895 038;276 282;203 417;79 074;39 488;84 855;6;43 511;0
1900;Республика Хакасия;127 961;89 580;35 196;3 185;1 738 169;1 081 789;1 081 789;1 081 789;0;0;0;0;644 807;195 483;449 324;10 267;1 306;1 149;1 865 137;170 491;51 127;34 928;1;129 468;0;1 265;4 133;172;171;1;11 648;2 917;5 387;0;0;0;2 576;0;13 296;91 413;1 149 275;1 134 604;119 147;0;0;159;813;1 014 485;5 447;0;0;1 685;713;15 930;63 514;34 694;305;0;166 560;543 600;387 224;167;156 209;115 303;56 743;44 039;14 521;433 983;858 935;239 588;498 126;569 510;335 289;74 612;4 082;0;1;1 030;188 481;44 709;103 633;26 228;127 422;28 384;24 941;84 974;68 243;11 237;5 494;179 096;257 741;276 127;847;1 554 424;2 362 050;1 813 110;1 623 366;130 472;59 271;355 898;125 426;62 701;23 075;9 935;29 690;5;14 562;0
2000;Чеченская Республика;174 126;142 639;31 247;240;174 186;22 821;0;0;0;22 821;22 821;0;0;0;0;2 654;148 712;148 670;187 545;18 410;3 778;3 232;718;15 980;0;1 639;3 363;307;241;66;3 117;291;1 632;969;0;969;1 742;56;4 525;94 690;8 794;1 669;0;0;0;0;671;998;0;0;0;481;2 072;2 328;10 587;15;0;0;16 547;361 384;193 189;112 640;55 554;145 955;75 604;48 718;21 633;334 982;749 753;305 434;391 001;343 301;228 375;3 339;8 802;125 962;494;47;39 582;74 803;61 787;12 010;172 496;19 582;63 533;50 956;26 460;488;24 008;87 849;240 722;81 563;857;1 709 072;5 282 169;2 605 886;2 184 086;184 087;237 714;655 466;337 028;36 501;21 931;3 716;10 854;0;13 927;0
2100;Чувашская Республика;527 503;495 681;29 637;2 185;17 349;0;0;0;0;0;0;0;0;0;0;17 308;41;41;5 112 101;541 158;47 243;54 572;0;55 881;0;41 525;158 526;32 174;376;31 798;151 365;52 885;22 414;984;0;984;456 461;811;63 692;304 891;677 017;333 448;165;0;79;1 121;3 061;42;0;329 059;15 286;622 709;819 854;311 311;445 020;173 393;29;46 103;180 030;663 797;454 049;131 388;78 360;264 152;139 982;29 176;94 994;1 015 447;2 200 254;1 011 085;921 487;790 553;573 447;6 849;22 626;151 629;30 368;92;87 046;99 600;251 078;24 523;313 061;29 867;25 724;120 674;74 658;23 337;22 679;415 757;829 900;226 919;1 798;1 516 817;3 502 757;3 143 570;2 942 595;163 039;37 936;473 829;144 352;159 623;52 359;31 298;75 966;0;26 312;0
2200;Алтайский край;2 257 584;2 035 409;205 110;17 065;521 532;7 107;7 107;1 192;5 915;0;0;0;454 189;134;454 055;60 151;85;85;6 360 454;1 373 571;132 052;343 159;68 075;208 301;0;108 518;29 017;7 878;4 544;3 334;208 681;58 330;41 804;548 631;546 481;2 149;366 633;231 364;448 427;227 308;873 352;120 251;2 431;0;0;782;7 100;19 478;0;90 459;72 020;119 526;89 253;265 349;242 830;723 512;30;0;188 169;1 514 955;1 003 252;72 731;438 972;376 245;270 408;12 247;93 590;1 264 256;5 523 598;2 002 035;3 040 139;1 558 500;809 639;61 335;13 511;70 506;7 203;13 424;517 404;210 830;364 050;47 282;387 850;54 493;88 510;225 140;200 491;3 897;20 752;611 751;986 713;521 281;4 422;4 266 747;6 833 336;6 143 601;5 666 931;272 065;204 605;742 960;277 781;232 256;72 673;47 925;111 659;72;73 603;0
2300;Краснодарский край;7 234 333;7 072 439;54 145;107 749;1 475 538;761 907;47;47;0;761 860;307 332;454 528;188 367;0;188 367;120 763;404 500;404 147;10 915 834;3 285 096;301 378;484 764;509 433;518 288;6 459;30 390;121 797;31 771;4 086;27 684;113 255;134 738;116 765;1 052 149;0;1 052 149;573 233;145 646;257 174;1 116 766;1 764 664;1 083 331;952 222;0;16;8 596;73 994;46 020;212;2 499;1 927;68 650;85 979;510 491;10 939;169 669;34 581;3 427;801 915;3 063 133;1 691 171;697 281;674 681;1 966 304;1 176 237;92 479;697 588;6 931 511;36 255 403;7 996 522;26 226 072;13 495 856;6 522 743;124 708;73 709;3 639 403;372 855;116 616;5 975 584;508 058;3 278 443;1 489 803;2 160 011;83 359;887 585;2 498 751;2 196 258;150 871;151 622;3 193 137;5 973 035;2 200 775;20 609;9 905 736;16 104 747;17 003 094;14 674 983;926 709;1 401 402;4 173 824;1 932 851;948 578;273 274;180 852;494 453;693;276 593;0
2400;Красноярский край;2 644 924;1 500 510;1 101 890;42 524;11 111 058;2 824 319;1 091 636;85 317;1 006 319;1 732 683;1 200 149;532 534;5 183 043;9 675;5 173 368;74 915;3 028 781;3 018 263;25 720 824;622 100;182 023;119 572;571;67 295;34;28 094;29 367;12 059;958;11 101;925 359;13 678;35 047;601 200;2;601 198;796 111;57 153;140 032;566 963;16 566 315;15 601 862;2 203;0;0;55;61 139;15 518 114;946 400;20 352;20 118;364 379;190 318;211 121;254 112;724 788;10 105;504 333;3 515 299;5 150 911;4 087 509;72 641;990 761;1 971 290;376 857;219 536;1 374 897;5 084 618;7 993 587;3 325 729;3 610 471;12 789 054;6 925 900;4 114 199;169 867;463 272;561 469;1 406 296;3 549 042;346 347;1 130 491;150 607;1 329 473;116 042;363 101;277 749;227 934;11 815;38 000;1 478 797;6 072 772;2 089 978;9 893;9 524 981;15 815 607;13 172 896;11 533 915;884 423;754 558;3 271 598;1 423 279;431 536;148 762;81 748;201 026;1 220;89 147;0
2500;Приморский край;3 039 402;416 904;403 807;2 218 691;1 279 037;636 143;636 143;16 644;619 499;0;0;0;553 779;106;553 673;88 905;210;88;5 858 319;910 857;260 627;55 320;0;70 640;68;24 780;14 626;779;140;639;432 948;61 656;41 001;2 076;123;1 954;539 768;21 277;51 223;312 315;174 621;92 644;20 272;5 245;0;358;3 744;28 376;1 270;39 893;0;120 296;78 056;113 982;89 620;1 481 656;797 170;516 887;1 316 074;3 079 684;2 053 918;3 712;1 022 055;738 627;481 007;18 876;238 744;1 458 240;10 617 993;2 820 418;6 801 799;6 210 503;1 120 018;101 918;25 052;363 193;509 879;247 346;4 018 880;314 380;517 709;110 379;887 553;30 544;332 376;1 898 681;1 789 624;90 793;18 264;1 101 525;2 590 320;964 088;7 191;7 882 275;8 039 266;7 554 969;6 656 395;550 287;348 287;1 303 794;425 238;325 972;96 407;71 152;158 413;266;85 388;0
2600;Ставропольский край;3 967 992;3 914 417;37 272;16 303;238 450;207 450;0;0;0;207 450;160 042;47 408;0;0;0;25 825;5 174;5 133;4 240 776;641 861;83 395;216 296;28 875;227 063;91;15 558;111 549;26 254;6 538;19 676;13 825;8 835;61 486;2 837;0;2 835;1 174 723;127 188;75 387;302 958;263 662;24 090;11 990;915;0;2 034;1 947;6 363;45;1 755;1 644;470 847;298 918;67 640;20 284;50 183;0;49;279 627;2 510 924;1 494 641;518 538;497 746;869 094;745 789;4 772;118 533;1 321 032;4 915 558;2 255 631;2 154 732;2 853 581;1 835 568;1 597;33 275;1 102 030;134;2 716;795 441;219 722;488 874;62 222;419 016;45 943;71 577;270 902;195 128;3 318;72 456;765 517;1 719 225;677 199;6 014;4 254 265;6 775 419;7 452 407;6 608 178;324 343;519 885;1 027 693;281 000;294 513;101 266;56 972;136 275;63;97 126;0
2700;Хабаровский край;1 755 735;147 490;707 745;900 500;3 562 311;812 999;812 999;812 866;133;0;0;0;2 668 125;0;2 668 125;77 521;3 666;16;5 026 617;284 858;15 797;24 988;0;16 280;0;3 046;18 024;176;41;135;98 511;3 877;18 316;1 052 161;0;1 052 161;132 991;86 297;55 464;204 821;842 675;677 471;366 177;0;52;1 787;855;275 646;275 397;33 006;0;1 589;1 375;40 098;2 538;1 968 558;550 077;1 417 441;194 962;2 672 885;1 893 397;224 692;554 796;488 834;373 610;19 341;95 883;1 299 542;6 182 901;3 490 350;2 238 537;14 689 967;11 447 954;9 401 003;10 587;1 376 153;184 123;240 513;2 614 295;203 082;470 791;68 707;828 546;41 806;507 845;400 656;370 494;9 747;20 415;845 086;2 119 416;777 141;6 177;8 551 326;6 611 434;6 228 939;5 500 945;445 465;282 529;1 224 063;506 870;344 855;106 394;68 617;169 844;49;51 660;0
2800;Амурская область;983 514;779 114;203 901;499;3 347 822;248 161;248 111;26 491;221 620;50;50;0;3 047 048;15;3 047 033;50 700;1 914;0;1 004 917;252 415;44 881;79 842;0;6 056;0;1 543;3 189;89;43;46;7 843;1 934;3 728;1 181;0;1 181;356 797;6;10 214;66 014;135 387;1 186;317;0;0;42;786;0;0;41;0;581;1 220;3 147;9;37 089;36 428;0;116 475;1 481 404;923 714;8 969;548 722;116 549;42 417;24 322;49 810;2 621 713;1 750 877;609 319;943 578;1 093 622;680 016;157 877;5 351;174 004;24 339;4 451;274 730;110 086;176 975;24 609;190 255;18 111;47 438;954 896;945 542;998;8 356;351 735;1 148 765;518 345;2 807;2 891 910;3 705 748;3 614 100;3 048 451;330 314;235 335;460 812;128 096;124 620;38 255;15 271;71 094;29;19 217;0
2900;Архангельская область;1 107 351;154 303;630 985;322 063;587 052;0;0;0;0;0;0;0;12 029;0;12 029;574 962;61;61;10 195 482;243 938;34 299;34 384;0;37 114;12;3 786;5 950;259;173;86;1 358 369;1 398 843;10 714;0;0;0;88 494;9 532;10 130;77 320;200 368;22 618;0;0;0;0;301;8 241;0;14 077;0;2 649;3 028;87 232;4 460;4 947 291;4 912 133;34 898;1 705 993;890 453;570 047;79 172;241 234;259 580;188 355;23 451;47 774;590 025;1 848 807;573 579;1 026 488;2 520 112;659 406;45 111;8 855;341 548;278 604;440 240;981 345;160 517;303 206;32 790;290 079;41 618;77 693;401 249;382 356;551;18 342;631 156;835 463;285 611;3 150;4 084 508;5 833 569;5 173 095;4 511 492;442 222;219 380;923 530;211 463;190 056;55 114;26 842;108 100;25;24 175;0
3000;Астраханская область;436 792;284 462;6 410;145 920;1 664 413;1 489 370;0;0;0;1 489 370;450 885;1 038 485;0;0;0;14 949;160 094;160 094;787 780;93 566;12 640;1 604;41;4 672;0;19 471;9 345;18 809;274;18 535;6 171;7 529;10 604;2 530;0;2 530;9 605;0;25 282;43 017;39 487;11 122;2 636;0;0;0;15;2 820;0;5 651;0;3 151;63;653;277;370 161;324 726;0;123 387;712 798;490 645;98 892;123 261;332 625;231 468;13 137;88 020;694 271;1 268 491;417 040;728 174;997 244;456 982;116 667;15 821;206 922;103 056;41;367 944;69 221;200 496;33 834;163 034;12 311;28 464;71 156;59 671;1 529;9 956;220 019;652 711;276 877;3 062;2 164 646;3 053 313;3 136 791;2 740 525;223 182;173 084;447 486;145 801;108 084;35 373;22 501;50 209;44;32 288;0
3100;Белгородская область;4 610 969;4 559 347;32 295;19 327;4 896 555;0;0;0;0;0;0;0;4 870 086;4 870 069;17;26 072;397;397;7 553 449;1 878 530;332 506;282 130;129 701;52 989;0;48 393;23 810;9 786;8 093;1 693;22 177;105 066;68 579;18 734;0;18 734;296 110;61 805;108 851;609 929;3 440 810;2 784 281;2 019 600;0;0;652 388;20 506;16 679;1 857;75 108;69 957;111 124;47 402;303 129;133 075;6 957;44;3 748;206 193;1 054 097;512 563;249 388;292 145;411 532;305 976;3 631;101 925;1 678 783;3 919 303;2 154 807;1 267 399;1 499 018;1 093 984;8 599;23 201;49 873;0;199;289 818;115 017;299 161;38 166;423 172;50 148;48 284;242 382;182 646;2 569;57 167;478 287;1 431 008;726 903;1 599;2 731 754;6 555 139;4 300 636;3 801 036;248 241;251 359;1 041 555;340 179;233 412;92 374;40 549;100 489;66;45 379;0
3200;Брянская область;1 675 507;1 594 288;79 745;1 474;12 002;1;1;1;0;0;0;0;0;0;0;11 816;185;185;3 721 823;533 991;49 078;211 094;13 577;63 810;55 479;34 355;96 167;9 571;1 155;8 416;109 697;172 765;14 379;91;0;78;100 633;112;71 772;257 838;246 180;77 418;1;0;0;0;0;15 421;0;61 996;0;285 375;202 239;157 342;246 711;872 008;77;27 370;191 308;752 104;275 351;172 313;304 440;242 343;160 311;17 383;64 649;878 333;2 269 862;978 474;939 128;1 810 878;1 525 818;2 672;15 559;1 003 533;42;0;155 220;129 798;178 411;20 919;235 063;28 976;18 516;136 696;79 482;1 821;55 393;451 117;497 951;364 743;2 572;1 972 142;3 239 319;2 674 734;2 374 966;171 995;127 772;510 209;184 339;160 308;49 154;30 720;80 433;82;26 308;0
3300;Владимирская область;614 042;508 958;102 920;2 164;143 342;0;0;0;0;0;0;0;541;0;541;142 734;67;26;9 964 514;1 964 664;847 526;94 445;41;30 791;119;128 654;117 963;18 641;4 687;13 954;363 361;52 217;36 184;0;0;0;311 533;550 752;376 357;630 993;1 846 730;221 369;31 699;0;0;57 582;16 224;44 989;33;70 875;55 081;757 575;615 921;669 274;171 978;349 280;3 206;66 306;971 527;1 083 383;555 062;223 405;304 916;405 569;282 662;47 462;75 445;685 438;3 707 435;1 523 999;1 868 654;1 659 869;1 275 944;7 206;20 502;98 271;1 948;1 163;269 858;110 956;284 332;59 853;308 978;24 160;56 777;167 746;110 041;18 603;39 102;872 387;1 562 340;467 859;5 327;2 422 131;3 773 426;3 365 219;2 875 863;322 930;166 426;752 041;265 556;197 380;68 928;41 602;86 850;2 114;36 137;0
3400;Волгоградская область;1 844 658;1 759 953;65 200;19 505;185 413;61 800;0;0;0;61 800;17 719;44 081;0;0;0;88 713;34 900;34 900;9 323 503;694 965;46 096;108 448;0;17 253;54 868;114 526;22 774;3 157;2 715;439;14 187;15 236;48 909;554 141;0;554 141;2 230 158;17 635;372 904;766 889;3 295 973;3 026 823;728 810;0;0;1 801 600;11 155;466 396;0;18 862;579;129 679;30 499;521 242;94 005;30 887;28 010;41;293 616;1 623 057;1 016 040;270 666;336 351;442 269;314 137;17 885;110 247;1 311 722;4 204 664;1 660 279;1 994 364;3 263 906;2 179 710;15 346;26 771;1 093 330;23 177;854;849 965;210 200;451 860;42 560;518 785;54 163;89 332;166 316;131 297;7 714;27 305;786 133;2 425 121;832 284;6 955;3 904 127;5 816 457;6 380 085;5 402 747;413 797;563 541;899 816;357 099;315 318;116 435;56 042;142 842;189;91 368;0
3500;Вологодская область;1 741 606;779 510;945 107;16 989;17 624;5;5;5;0;0;0;0;6;0;6;17 533;80;50;14 674 473;600 730;55 468;246 996;0;60 084;35;4 841;22 241;1 129;1 116;12;740 200;191 786;19 143;37 290;37 285;5;3 984 195;41 737;32 299;247 743;7 707 070;7 093 912;6 358 870;0;0;46 386;664 569;20 601;0;3 487;2 404;23 012;20 500;231 145;57 299;10 331;6 896;0;641 663;1 076 714;681 160;105 295;290 259;497 968;235 881;11 400;250 687;2 603 373;3 302 556;1 901 159;1 027 920;2 173 191;1 152 377;45 043;9 839;568 930;18 490;147 761;730 173;124 390;334 035;26 069;621 813;50 423;42 815;451 836;423 760;1 692;26 384;480 314;970 311;401 170;2 601;2 631 170;4 208 460;3 889 360;3 242 447;337 583;309 330;779 640;304 476;230 349;62 527;25 705;142 118;46;47 299;0
3600;Воронежская область;2 958 091;2 885 656;62 999;9 436;290 121;0;0;0;0;0;0;0;0;0;0;150 809;139 312;137 245;7 512 893;2 358 241;131 235;448 825;185 879;44 254;717;14 720;55 997;5 622;3 595;2 026;60 037;20 543;69 729;6;0;6;1 097 041;8 499;204 858;566 573;849 916;353 452;21 168;0;989;199 720;396;55 919;0;76 249;44 504;620 007;235 732;581 537;11 650;374 920;3 539;141 336;332 294;2 186 565;1 383 750;327 387;475 429;367 904;251 956;25 409;90 539;1 711 518;7 214 417;4 079 083;2 376 748;5 918 341;4 855 301;3 584 436;16 955;306 823;387;2 782;848 913;210 958;393 822;55 766;630 874;65 466;134 586;389 577;287 752;70 674;31 151;881 832;4 079 393;1 197 415;5 951;3 681 414;7 344 639;6 774 855;5 925 552;401 200;448 103;1 004 566;413 772;345 357;139 375;69 744;136 238;88;84 224;0
3700;Ивановская область;290 284;248 550;40 946;788;25 755;0;0;0;0;0;0;0;0;0;0;25 754;1;1;2 884 155;245 946;10 400;29 456;0;5 342;0;797 906;347 739;7 741;2 976;4 765;116 222;7 471;17 103;0;0;0;124 781;60 067;126 929;56 016;266 974;33 715;5 186;0;0;0;2 167;1 665;0;24 696;24 307;150 220;60 565;166 747;120 987;293;0;232;205 106;727 795;354 064;140 703;233 028;154 249;94 206;13 738;46 305;457 662;1 646 193;849 184;651 875;561 423;372 721;24 740;12 873;77 643;1 449;1;97 126;90 126;129 300;18 528;186 101;21 962;46 251;65 854;45 446;8 426;11 982;353 806;570 408;241 519;1 196;1 627 550;2 549 277;2 379 832;2 020 777;188 351;170 703;378 269;119 436;140 269;32 155;23 328;84 786;41;25 653;0
3800;Иркутская область;2 661 753;1 068 402;1 589 634;3 717;9 958 171;4 652 582;893 644;388 858;504 786;3 758 938;3 416 503;342 435;3 974 794;579 497;3 395 297;104 282;1 226 513;1 225 615;11 867 898;473 178;55 785;26 638;0;49 121;310;6 842;25 727;6 821;405;6 416;851 441;1 462 562;34 120;1 485 987;0;1 485 987;1 361 462;285 877;81 238;331 409;3 108 211;2 884 496;120 376;0;0;0;2 758;2 748 659;105 480;12 703;12 703;4 821;196 414;135 090;54 627;1 521 923;2 527;1 517 284;390 717;3 340 598;2 695 175;19 976;625 447;655 778;436 687;24 615;194 476;2 319 157;6 465 043;2 856 242;2 814 603;15 350 036;12 063 555;7 671 522;19 456;2 937 387;110 193;366 859;2 507 352;302 077;710 435;155 362;713 550;45 535;277 940;360 266;314 696;11 237;34 333;941 858;3 515 600;1 410 940;8 303;7 680 632;13 631 915;9 327 830;8 001 016;934 869;391 945;1 521 545;472 839;375 912;140 393;65 542;169 977;296;83 254;0
3900;Калининградская область;774 236;438 189;15 824;320 223;412 969;185 893;0;0;0;185 893;185 893;0;0;0;0;173 570;53 507;53 507;3 409 332;966 191;296 746;53 765;0;35 940;51 081;62 378;26 887;4 774;1 432;3 342;42 974;85 763;13 553;0;0;0;86 209;44 484;64 880;126 857;256 372;19 086;1 030;0;0;12 173;674;3 441;0;1 768;0;181 780;13 774;82 159;289 201;629 738;618 880;0;344 337;630 900;252 898;110 383;267 620;377 743;269 785;23 539;84 419;1 029 581;3 945 749;1 145 656;2 416 649;2 139 140;1 196 585;448 789;10 472;62 932;146 969;73 975;610 649;110 962;412 680;93 579;399 362;23 025;52 901;1 586 816;1 565 078;3 094;18 644;515 822;1 178 444;532 501;6 501;3 010 232;3 259 553;2 992 233;2 702 328;172 430;117 475;589 632;233 725;193 436;65 196;34 994;93 247;102;47 868;0
4000;Калужская область;936 934;867 291;62 583;7 060;66 629;0;0;0;0;0;0;0;11;0;11;60 435;6 183;41;10 048 154;1 035 555;481 580;123 511;0;17 342;26 919;19 741;157 000;20 237;1 307;18 929;185 740;460 063;22 931;112 237;0;112 237;214 064;285 190;447 231;1 009 539;1 694 647;583 913;347 286;0;0;13 994;4 549;65 219;0;152 865;139 070;1 249 171;238 028;536 214;1 503 654;481 161;0;14;331 490;799 473;391 944;148 622;258 907;413 639;252 070;16 508;145 061;985 299;2 901 910;1 571 273;864 395;1 241 653;685 530;12 792;21 531;137 543;112;133 798;305 719;116 494;261 927;41 730;397 655;41 384;42 171;575 600;561 699;3 778;10 123;562 923;2 336 572;434 400;10 428;2 423 053;3 337 295;2 871 583;2 465 378;202 022;204 183;643 562;243 758;185 015;75 591;30 911;78 513;131;28 921;0
4100;Камчатский край;4 509 715;146 360;60 684;4 302 671;712 047;7 850;7 850;347;7 503;0;0;0;683 764;76;683 688;15 965;4 468;4 428;782 008;475 203;42 494;43 303;0;19 664;0;1 956;1 310;87;82;5;1 722;324;4 286;0;0;0;1 329;0;1 983;11 647;11 208;1 474;0;0;0;0;1 374;0;0;100;0;83;170;7 351;48;3 699;3 699;0;239 938;1 319 416;1 071 398;0;248 018;358 677;282 518;2 119;74 040;496 499;1 069 530;472 642;493 627;1 408 082;354 079;64;2 772;74 032;86 411;164 484;719 314;83 794;147 068;61 335;164 139;14 644;50 854;67 264;65 328;80;1 856;229 479;836 821;286 280;700;3 813 057;3 239 078;2 753 163;2 325 652;255 674;171 837;637 786;203 383;79 995;27 798;11 627;40 569;1;11 571;0
4200;Кемеровская область - Кузбасс;716 294;647 395;62 548;6 351;27 311 603;27 070 984;27 070 984;27 066 919;4 065;0;0;0;59 017;101;58 916;113 661;67 940;133;11 826 898;644 198;167 597;51 924;0;60 938;22;9 093;49 662;2 041;999;1 043;55 879;6 281;17 934;724 219;470 275;253 885;1 720 855;103 063;71 909;353 358;6 462 275;5 931 082;5 518 736;0;0;91;242;408 444;5;3 569;951;38 977;118 806;485 370;28 120;201 489;1 672;738;672 409;3 656 974;2 806 387;5 910;844 677;764 472;405 290;46 896;312 286;3 101 452;5 652 174;2 916 157;1 492 801;4 329 109;3 542 041;360 999;19 157;108 164;1 123;1 656;601 934;182 355;621 926;74 103;589 932;38 871;157 682;321 572;257 290;14 279;50 003;1 034 613;2 208 891;1 352 818;7 071;4 977 387;9 626 948;9 027 825;7 624 803;675 614;727 407;1 601 177;640 402;332 536;113 477;56 949;162 109;1 357;69 088;0
4300;Кировская область;1 267 590;982 876;283 705;1 009;58 845;0;0;0;0;0;0;0;0;0;0;40 488;18 357;18 357;6 118 473;686 447;131 129;173 564;0;45 951;10;8 254;125 114;101 962;34 932;67 030;721 396;59 307;44 256;176;0;176;1 011 070;130 531;301 341;43 025;1 138 622;584 790;441 778;0;2;8 573;7 213;124 774;0;2 453;2 404;91 691;475 282;91 046;12 620;631 805;4 206;578 709;398 567;951 429;604 333;105 706;241 390;281 446;177 272;15 440;88 734;731 046;2 508 166;964 659;1 278 830;1 080 233;686 584;7 408;9 023;80 396;2 318;2 190;258 874;130 267;305 744;21 121;190 367;30 960;28 092;315 167;298 537;5 807;10 823;396 675;839 138;301 011;1 287;2 454 258;3 861 398;3 476 155;2 975 207;348 656;152 292;600 093;187 233;166 701;69 556;36 577;60 567;34;28 224;0
4400;Костромская область;415 991;250 652;156 946;8 393;14 453;0;0;0;0;0;0;0;0;0;0;14 412;41;41;2 458 256;137 102;24 951;40 413;0;32 178;41;43 816;77 625;12 455;286;12 170;457 816;20 566;36 664;0;0;0;153 990;72 262;23 837;73 022;366 741;226 691;2 605;0;0;192 500;25 879;4 892;4 892;815;151;3 146;56 995;135 690;111 167;28 324;26 285;0;614 819;678 108;312 363;130 705;235 040;148 015;108 074;2 217;37 724;351 792;1 323 648;455 951;528 915;607 565;278 505;1 018;4 734;0;460;13 464;244 595;70 541;126 197;26 146;176 689;17 780;44 624;5 247 951;5 243 172;52;4 727;156 364;382 288;162 677;954;1 294 699;1 975 290;1 524 089;1 292 142;112 891;119 056;315 776;75 863;87 685;27 998;13 737;45 951;64;16 277;0
4500;Курганская область;456 716;379 066;68 217;9 433;98 757;0;0;0;0;0;0;0;81 558;0;81 558;16 439;760;760;3 939 759;1 006 857;54 243;781 012;41;34 791;0;5 135;15 658;1 987;1 701;286;40 470;12 940;4 646;3 835;0;3 834;2 997;179 859;16 086;153 486;781 802;62 327;21 033;0;0;0;1 155;84;0;40 056;445;6 963;30 517;485 028;366 085;712 747;0;0;77 870;314 382;113 949;64 063;136 370;137 517;90 511;2 665;44 341;328 314;1 956 421;1 075 609;722 334;723 289;568 360;12 066;5 797;408 991;257;0;71 429;83 243;101 154;8 908;169 494;16 889;21 851;63 148;54 202;1 569;7 377;158 600;494 412;191 530;2 041;1 776 575;2 576 543;2 165 383;1 795 884;174 459;195 040;330 373;83 036;82 767;39 818;12 342;30 608;0;19 960;0
4600;Курская область;2 587 735;2 563 538;18 314;5 883;2 170 022;0;0;0;0;0;0;0;2 157 853;2 157 850;3;12 002;168;5;3 086 252;1 055 251;272 333;72 589;214 514;30 878;20;82 949;32 769;55 860;2 059;53 801;29 558;114 699;20 512;666;666;0;98 340;240 267;268 318;79 430;96 852;22 414;15 009;0;0;0;1 575;4 843;0;988;947;256 201;316 168;114 154;49 362;78 188;0;49;65 810;1 633 331;1 256 832;155 118;221 381;239 227;132 182;12 515;94 530;998 677;1 931 770;842 665;881 437;865 570;570 600;1 867;10 789;167 743;43;41;200 630;94 256;209 785;19 107;283 842;29 784;39 844;52 202;36 167;4 329;11 706;304 800;795 035;320 501;1 442;2 117 197;4 322 209;3 272 951;2 790 846;267 877;214 229;560 685;182 816;128 424;59 621;18 484;50 319;70;31 321;0
4700;Ленинградская область;1 920 420;1 487 530;365 855;67 035;468 376;257;0;0;0;257;257;0;0;0;0;467 082;1 037;263;15 764 456;1 565 917;307 742;57 035;22;71 238;526 372;254 656;459 821;5 993;3 345;2 648;427 601;1 162 590;172 696;1 875 504;0;1 875 504;2 170 988;45 802;583 741;1 204 400;1 450 937;611 748;111 917;0;0;655;50 960;443 424;44;4 792;1 063;209 346;363 065;701 459;309 249;1 573 419;694 558;4 030;629 662;3 031 707;2 220 152;252 601;558 953;755 941;494 793;32 757;228 391;3 596 865;4 942 129;2 286 000;1 672 069;3 851 419;1 578 525;11 584;33 546;819 034;40 053;6 308;2 219 144;7 389;435 152;60 661;339 318;36 862;74 305;237 302;67 160;3 109;167 033;1 459 463;2 418 264;819 589;6 642;2 499 171;6 730 266;5 697 690;4 938 308;563 037;196 344;1 317 580;551 263;378 383;120 082;52 821;205 480;552;72 335;0
4800;Липецкая область;3 548 184;3 460 084;82 537;5 563;190 269;4;0;0;0;4;4;0;0;0;0;190 259;6;6;11 912 103;1 340 532;251 900;81 726;205 832;112 139;41 983;6 043;56 242;3 429;88;3 341;14 678;183 798;11 642;0;0;0;209 086;47 415;207 172;233 132;8 314 962;7 942 155;7 710 481;0;7 710 122;272;34 300;8 044;0;189 058;187 204;21 673;412 887;363 357;2 150;69 079;0;0;260 704;703 584;287 704;236 087;179 793;334 258;209 577;22 421;102 260;1 050 137;1 957 884;834 217;895 975;1 071 201;728 669;3 602;11 127;195 864;73;24 160;225 643;92 656;154 860;19 211;551 866;43 663;53 542;79 690;62 765;109;16 816;378 955;711 993;363 808;2 466;1 906 049;3 355 625;3 257 670;2 851 383;174 873;231 415;590 212;238 610;150 209;52 073;29 799;68 336;169;31 117;0
4900;Магаданская область;422 653;32 245;49 886;340 522;6 264 195;32 543;32 543;32 543;0;0;0;0;6 167 659;548;6 167 111;789;63 204;0;328 588;39 376;6 157;7 239;0;1 097;0;247;460;5;0;5;174;0;3 929;0;0;0;225 588;0;1 681;3 019;6 792;5 453;41;0;0;0;0;5 412;5 412;0;0;1 171;0;17 736;41;0;0;0;27 272;1 086 920;699 601;0;387 320;83 280;70 318;4 187;8 775;535 509;811 664;540 748;210 627;1 018 543;188 883;587;2 631;54;7 484;70 029;711 440;40 707;51 320;6 790;176 596;20 208;39 930;18 594;16 738;1 057;799;133 030;619 572;307 152;240;1 736 814;1 474 454;1 804 741;1 537 548;148 785;118 408;450 927;153 438;60 748;16 708;5 434;38 605;175;6 395;0
5000;Московская область;3 016 539;2 235 398;750 378;30 763;307 464;69 295;281;281;0;69 014;69 014;0;3 040;10;3 030;179 315;55 813;55 545;57 164 224;8 675 273;1 396 532;1 005 322;1 670;3 548 464;5 041;919 415;864 540;175 437;27 667;147 770;519 904;1 376 048;724 964;237 527;174 734;62 793;4 067 480;2 562 361;2 864 692;3 457 720;9 725 958;3 234 254;725 963;0;0;750 025;438 920;1 260 843;42 975;58 504;35 034;3 971 844;1 780 722;3 224 115;1 037 443;3 188 154;16 061;1 975 640;4 237 122;6 893 658;2 005 228;1 728 127;3 160 303;3 144 808;1 859 407;269 130;1 016 271;12 615 003;73 194 899;31 987 372;34 763 827;22 675 003;8 573 944;350 345;280 433;721 673;25 850;1 324 453;11 687 203;1 063 553;3 374 223;712 357;4 808 313;235 866;1 020 819;5 364 865;1 469 199;2 902 125;993 541;9 870 531;28 032 777;6 138 758;50 695;16 786 749;32 861 786;30 827 267;27 773 549;2 262 764;790 954;6 813 866;3 373 845;2 077 109;502 283;313 192;1 261 635;2 715;1 941 979;0
5100;Мурманская область;2 197 947;69 044;64 683;2 064 220;2 415 231;0;0;0;0;0;0;0;1 626 749;1 450 033;176 716;460 695;327 787;327 644;4 862 296;210 394;2 527;13 864;0;5 612;0;7 724;10 883;226;223;3;5 091;1 281;18 847;484;10;475;44 741;127;10 633;40 332;3 311 442;3 266 109;4;0;0;59;0;3 255 482;0;10 565;188;4 456;245;3 993;50;523 636;521 384;676;662 099;1 837 464;1 180 510;46 911;610 043;495 820;283 073;27 715;185 032;1 230 569;1 318 763;507 455;613 805;2 646 657;518 585;-1 510;7 709;1 157;93 021;1 947;1 928 432;104 672;325 425;54 778;232 743;36 770;56 915;122 453;107 579;1 649;13 225;651 474;1 265 901;414 544;3 824;6 119 133;5 075 929;4 797 338;4 154 372;380 389;262 576;970 383;405 365;160 433;54 355;26 512;79 565;89;29 066;0
5200;Нижегородская область;1 347 133;1 150 538;192 697;3 898;42 568;1;1;1;0;0;0;0;73;0;73;39 376;3 118;3 064;25 449 701;1 245 465;208 633;232 643;38 025;1 136 861;12 822;119 193;210 219;64 836;52 555;12 281;471 838;456 624;75 203;668 221;0;668 221;2 679 501;554 606;829 834;762 155;6 498 047;3 729 263;459 339;0;0;3 029 622;16 048;27 792;43;196 463;176;2 078 509;340 721;830 438;3 442 465;2 006 048;630 549;1 095 772;966 095;2 403 368;1 347 951;315 211;740 207;865 927;447 736;132 406;285 785;4 414 057;15 050 159;6 531 293;5 951 199;11 853 682;10 023 808;4 902 190;39 608;2 243 912;296 493;1 628;1 195 510;336 243;767 121;106 991;2 540 960;81 881;1 301 914;866 700;747 086;14 232;105 382;1 744 804;12 304 117;1 454 122;10 080;6 498 738;11 381 296;9 411 851;7 522 382;649 574;1 239 895;2 277 631;1 013 592;532 582;211 894;107 904;212 784;567;113 065;0
5300;Новгородская область;436 693;299 989;129 807;6 897;18 414;0;0;0;0;0;0;0;0;0;0;18 346;67;0;3 938 443;321 585;133 603;48 488;4;13 203;0;31 592;16 933;1 383;1 277;105;440 892;108 361;60 958;86;0;86;1 313 463;1 367;41 630;470 863;158 319;23 476;95;0;87;0;947;22 434;0;0;0;225 880;116 220;134 015;41 353;47 847;221;47 507;392 493;551 498;261 877;85 212;204 409;280 540;205 757;254;74 529;426 935;1 634 474;793 840;726 366;814 387;591 082;711;7 859;332 826;287;0;161 764;61 254;279 697;58 163;125 602;25 756;21 204;78 297;69 023;6;9 268;270 468;438 273;133 108;1 334;1 238 298;1 644 443;1 623 104;1 347 710;169 039;106 355;417 440;92 379;88 321;34 836;15 466;38 019;0;16 968;0
5400;Новосибирская область;1 805 380;1 622 837;167 974;14 569;1 000 842;784 062;764 456;764 456;0;19 606;19 606;0;48 006;0;48 006;143 386;25 389;9 647;11 011 237;1 577 264;536 829;176 755;22;136 182;135;79 258;171 516;26 720;13 260;13 460;153 951;148 061;133 221;121 781;0;121 409;1 001 133;607 269;312 336;1 072 110;1 642 261;772 119;6 756;0;0;129 890;187 395;385 668;27 187;62 409;53 986;1 142 649;510 003;461 998;73 505;1 122 715;7 284;738 085;517 169;1 937 462;993 169;18 804;925 489;687 967;447 482;22 941;217 544;2 409 857;11 520 924;6 760 886;3 651 587;14 903 145;10 096 955;7 740 815;37 209;121 166;4 978;1 586 954;2 211 002;1 003 256;756 505;93 216;2 567 053;56 052;957 716;18 393 527;17 609 162;43 297;741 068;2 043 052;7 138 641;1 959 734;27 419;5 664 385;12 688 864;9 360 339;8 331 509;521 866;506 964;2 425 063;895 352;527 671;154 380;96 408;276 882;356;133 584;0
5500;Омская область;1 284 229;1 193 612;85 060;5 557;8 701;3 168;0;0;0;3 168;0;3 168;0;0;0;4 757;776;776;6 636 113;859 559;281 796;175 541;0;55 094;3 788;18 669;39 220;12 383;5 060;7 323;24 477;48 844;46 310;1 145 636;14;1 145 621;711 312;6 973;375 255;142 900;622 667;163 509;3 723;0;0;107 785;5 704;212;0;46 085;2 972;869 017;24 192;262 174;7 745;516 031;15 571;499 608;843 867;1 524 016;825 386;132 264;566 367;351 030;110 245;159 443;81 342;1 719 912;4 025 374;1 663 714;1 801 656;4 888 951;3 914 620;45 864;17 698;2 025 718;84 117;6 963;707 680;175 571;350 764;39 558;560 228;40 545;165 284;118 269;84 657;2 616;30 996;928 650;2 728 195;469 003;6 085;3 446 855;6 440 998;5 934 531;5 055 566;384 385;494 580;1 144 882;518 390;255 492;97 067;51 618;106 806;144;53 208;0
5600;Оренбургская область;1 151 162;1 104 158;41 645;5 359;5 949 769;3 256 429;5 377;0;5 377;3 251 052;2 063 588;1 187 464;1 458 164;66;1 458 098;443 994;791 181;791 024;5 947 317;406 752;121 959;86 847;7;31 554;0;10 846;20 552;14 033;91;13 942;20 391;3 743;12 480;482 921;0;482 921;373 588;894;51 912;360 166;3 621 103;2 485 265;1 777 870;0;1;236 768;9 324;456 587;7;4 716;0;4 316;67 372;136 128;56 479;101 777;42;0;170 310;1 690 434;1 130 159;285 837;274 438;476 560;207 322;10 126;259 112;1 061 832;2 905 187;904 196;1 654 219;2 682 167;1 629 234;222 341;17 181;600 644;239;158;884 732;167 804;308 292;31 433;319 812;39 277;78 888;292 313;264 218;6 007;22 088;610 687;1 151 984;585 484;6 476;3 523 609;6 322 139;5 209 173;4 632 841;312 049;264 284;848 300;322 663;236 062;81 780;34 792;119 490;69;52 199;0
5700;Орловская область;1 289 184;1 284 716;2 300;2 168;10 570;0;0;0;0;0;0;0;1 294;1 294;0;9 276;0;0;2 393 232;397 042;42 990;12 312;90 623;4 450;0;15 526;48 722;3 382;29;3 354;8 998;10 709;7 520;2 660;0;2 660;9 288;45 088;71 661;406 513;390 298;112 006;16 634;0;0;77;3 377;19 716;19 079;72 203;61 574;308 277;48 460;409 854;127 727;1 708;0;0;75 349;445 249;219 598;90 592;135 059;198 906;108 242;4 990;85 674;429 099;1 887 641;815 112;919 846;601 787;375 659;3 728;8 457;116 379;0;48;146 696;79 384;109 139;13 569;147 372;18 613;22 186;89 942;54 732;480;34 730;216 914;266 722;200 562;755;1 513 574;2 792 538;1 993 302;1 673 908;168 624;150 770;333 749;91 946;102 222;35 782;18 208;48 232;46;24 011;0
5800;Пензенская область;1 416 142;1 384 322;27 917;3 903;13 792;0;0;0;0;0;0;0;0;0;0;13 616;176;135;4 440 722;641 520;27 533;93 356;115 584;237 355;0;17 016;36 018;29 235;18 464;10 771;101 563;176 776;24 958;851;0;851;59 288;70 329;32 456;171 774;655 270;119 540;21;0;0;821;2 969;4 709;0;111 020;14 844;1 050 602;78 177;485 051;90 127;18 231;0;1;464 125;616 477;365 165;134 436;116 875;229 855;115 269;10 781;103 805;553 855;3 043 962;1 073 263;1 734 670;885 679;580 258;925;14 922;129 550;2;38;193 201;112 180;184 305;20 036;290 837;29 247;22 636;94 774;81 952;4 255;8 567;436 972;1 135 109;1 377 372;1 579;2 103 758;3 562 831;3 217 119;2 880 772;145 400;190 947;560 209;193 677;174 785;55 076;27 563;92 146;32;33 689;0
5900;Пермский край;1 122 026;814 357;287 000;20 669;2 724 597;1 364 665;0;0;0;1 364 665;1 364 665;0;29;0;29;97 069;1 262 833;1 262 792;22 236 230;757 741;161 684;245 838;722;84 782;153;76 172;91 153;14 986;2 488;12 498;425 596;531 285;354 051;954 997;243 246;711 751;7 172 181;123 286;277 694;601 922;3 911 223;1 643 833;504 059;0;121 744;32 768;108 309;874 973;0;123 724;78 231;524 054;617 988;2 048 304;21 155;2 402 955;7 602;2 221 998;1 244 552;2 235 591;1 621 313;235 415;378 863;623 374;448 071;18 948;156 355;2 704 553;6 716 869;2 970 651;2 880 891;3 596 490;2 614 956;50 047;33 267;1 213 801;57 163;124;668 556;255 691;727 838;63 324;2 892 419;36 703;2 118 362;403 608;296 789;44 775;62 044;1 126 229;3 498 699;909 266;6 978;4 964 564;8 751 498;7 134 676;6 515 731;454 508;164 437;1 415 749;566 725;370 380;148 845;71 534;150 001;353;105 837;0
6000;Псковская область;618 888;496 378;115 494;7 016;48 882;0;0;0;0;0;0;0;0;0;0;48 839;43;43;2 000 737;655 573;400 313;127 757;0;4 071;0;13 088;87 319;46 230;5 591;40 639;67 174;4 356;22 413;165;0;165;22 660;300;76 528;63 586;83 324;11 507;910;0;0;1 245;0;0;0;9 351;1 295;35 320;409 001;208 790;12 220;11 576;529;41;177 043;580 990;214 688;38 618;327 685;221 297;120 030;879;100 388;337 109;1 218 072;401 092;698 207;835 733;560 177;403;9 512;224 061;680;3 558;211 474;59 844;144 687;37 577;133 032;10 188;30 359;38 640;34 554;382;3 704;186 178;201 532;130 313;1 581;1 408 976;1 679 845;1 685 581;1 403 029;138 400;144 152;350 467;80 940;91 156;38 035;17 380;35 741;1;16 691;0
6100;Ростовская область;3 738 227;3 610 295;38 168;89 764;1 381 300;1 205 356;1 202 937;1 202 937;0;2 419;20;2 399;0;0;0;163 098;12 846;4 466;14 837 679;1 289 977;153 415;131 761;109;67 177;34 784;211 941;602 340;87 157;5 829;81 328;52 894;193 968;67 703;217 932;6;217 926;606 376;25 348;711 846;773 653;4 261 360;1 891 748;282 069;0;0;979 159;69 139;409 352;815;152 029;142 520;454 704;393 532;1 761 791;118 420;2 094 213;9 262;1 381 084;810 563;3 249 550;2 267 808;513 263;468 479;1 338 359;1 018 802;49 136;270 421;2 940 200;12 394 849;6 444 334;4 656 236;11 294 997;8 015 006;5 901 447;47 324;293 746;162 875;227 536;2 501 813;387 767;800 152;113 794;1 059 072;77 002;232 277;1 040 345;942 957;30 400;66 988;1 664 237;4 136 469;1 396 620;8 499;8 287 256;12 867 083;10 613 013;8 725 921;1 111 904;775 188;1 905 437;664 614;556 289;186 315;140 149;229 824;177;179 639;0
6200;Рязанская область;1 059 293;972 962;78 028;8 303;54 198;187;187;0;187;0;0;0;0;0;0;53 947;22;22;6 478 893;564 677;43 857;142 761;7 138;43 991;0;97 944;63 436;142 033;134 611;7 421;133 785;12 805;31 747;751 400;0;751 400;134 458;109 444;252 791;621 507;779 349;433 772;2 519;0;0;3 737;73 602;138 042;107 079;215 872;188 312;1 542 026;142 954;304 252;241 195;9 924;21;0;499 175;1 093 786;645 361;163 879;284 546;255 681;171 008;15 095;69 578;902 702;3 198 313;1 485 551;1 373 606;1 315 638;910 888;20 588;16 207;467 343;37 849;409;268 024;98 468;187 143;26 982;751 087;10 929;515 322;168 637;140 387;7 323;20 927;483 029;821 301;246 809;1 635;2 083 499;3 950 046;2 989 536;2 634 186;157 496;197 854;774 730;266 185;160 562;55 771;33 806;70 985;0;34 044;0
6300;Самарская область;1 332 600;1 240 106;88 033;4 461;3 311 129;1 774 465;198;198;0;1 774 267;1 774 267;0;2 813;0;2 813;59 048;1 474 802;1 474 802;19 894 151;1 138 393;143 339;134 935;67;212 966;3 196;66 000;32 114;18 308;1 332;16 976;48 956;66 561;34 170;2 263 463;0;2 263 463;3 466 149;299 372;536 814;756 793;2 254 545;785 767;3 159;3 039;0;29 112;12 241;710 718;520;30 536;5 385;191 819;795 426;683 054;4 604 266;1 952 826;34 088;1 854 496;468 960;2 192 943;1 352 361;434 153;406 429;710 670;383 682;41 599;285 389;3 634 733;9 782 682;5 002 946;3 165 523;11 944 085;9 668 680;5 147 546;29 200;2 289 478;144 198;791;1 786 763;343 653;829 843;119 304;1 717 342;54 443;575 153;23 451 309;23 231 336;170 357;49 616;1 794 928;4 885 466;1 682 316;16 050;5 911 269;10 424 763;9 768 812;8 308 184;707 828;752 799;1 612 697;792 797;574 562;249 013;78 903;246 645;116;219 823;0
6400;Саратовская область;1 695 114;1 640 272;44 464;10 378;976 197;616 523;157;5;152;616 366;463 105;153 261;1 030;0;1 030;40 857;317 787;317 787;7 073 026;1 045 601;398 447;104 822;34 035;14 614;0;43 359;68 841;2 502;2 301;201;18 076;30 649;35 093;439 351;0;438 634;364 301;69 174;257 467;376 727;996 685;413 244;372 251;0;0;21 673;14 936;735;5;3 649;84;925 585;421 465;594 728;176 082;560 123;7 860;199 745;632 603;2 360 110;1 835 685;305 710;218 715;512 666;382 191;23 205;107 270;2 043 458;4 382 866;1 881 942;1 940 960;6 330 533;5 413 719;3 447 467;24 188;1 101 961;33 316;2 448;691 884;189 166;366 988;34 223;677 823;34 459;61 868;280 256;170 157;3 593;106 506;878 357;1 673 110;728 626;5 259;3 920 417;8 020 972;6 728 132;5 598 255;532 664;597 212;1 093 533;358 731;325 102;103 076;53 593;168 433;186;90 049;0
6500;Сахалинская область;2 099 961;380 907;77 849;1 641 205;4 348 943;3 392 741;709 912;97 127;612 785;2 682 829;2 265 329;417 500;104 381;442;103 939;45 710;806 111;794 911;641 671;319 897;17 958;29 725;0;36 060;0;868;3 099;0;0;0;16 002;197;14 571;0;0;0;34 124;17;7 929;104 645;27 169;2 087;0;0;0;0;2 087;0;0;0;0;13 903;0;145;139;285;285;0;62 621;1 453 683;630 415;-1 038;824 306;303 823;171 511;53 784;78 528;2 026 690;1 695 563;712 385;780 271;2 784 580;1 050 638;435;23 553;391 103;296 943;286 134;1 036 644;114 221;371 618;76 006;327 085;60 668;69 675;173 913;167 344;1 453;5 116;687 101;1 838 356;531 206;3 158;3 856 003;4 834 858;4 726 668;4 199 759;387 345;139 564;1 233 237;571 052;146 086;45 477;17 361;83 248;57;23 837;0
6600;Свердловская область;1 961 333;1 591 462;366 418;3 453;4 670 978;135;46;0;46;89;89;0;3 729 462;1 991 682;1 737 780;838 914;102 468;29 769;39 883 872;1 478 173;204 140;443 906;41;112 910;2 593;70 785;157 920;16 159;8 294;7 864;508 841;118 583;142 321;2 054;1 331;722;2 235 920;156 572;624 139;2 223 274;21 444 070;17 726 057;4 757 999;0;299 644;3 980 255;190 426;8 472 939;99 926;324 438;33 402;1 677 379;1 105 201;1 876 482;124 356;3 729 126;1 869;100 981;2 077 014;4 109 260;2 513 702;364 037;1 231 522;2 039 191;985 512;145 802;907 877;5 382 882;20 635 983;11 474 922;7 644 062;15 683 519;12 149 224;8 025 933;53 218;1 458 675;4 098;1 063 149;1 994 658;472 390;1 481 944;195 391;2 650 731;130 508;947 207;7 707 677;7 496 902;86 370;124 405;3 210 967;8 384 276;2 728 132;22 093;10 053 537;19 386 867;14 701 389;13 263 579;918 753;519 057;3 485 946;1 494 404;887 908;311 742;146 522;429 643;973;179 407;0
6700;Смоленская область;370 097;291 815;70 798;7 484;46 101;0;0;0;0;0;0;0;0;0;0;46 022;79;79;4 157 993;480 265;196 753;55 291;0;13 693;28;35 797;204 253;6 394;226;6 167;205 201;3 934;15 564;139;0;139;694 858;5 879;294 951;234 136;374 170;197 151;155 113;0;0;1 105;18 772;3 287;0;18 873;3 206;536 154;307 713;101 023;83 524;266 735;0;173 206;293 582;1 537 339;1 169 623;99 784;267 932;299 275;192 127;12 898;94 250;683 591;2 366 253;1 272 286;774 691;1 381 546;1 013 252;2 309;10 754;196 030;42;118;278 412;89 722;127 862;17 780;199 586;30 594;23 208;90 596;38 825;43 748;8 023;319 368;591 788;270 681;2 221;1 872 763;2 690 920;2 671 966;2 260 917;247 698;163 352;466 744;130 233;123 803;46 296;19 724;57 783;256;24 288;0
6800;Тамбовская область;2 348 124;2 241 610;104 215;2 299;4 712;0;0;0;0;0;0;0;341;15;326;4 370;0;0;2 906 612;663 773;64 407;31 942;218 486;42 413;2;74 929;49 160;5 644;1 642;4 002;67 310;8 525;3 532;0;0;0;394 853;0;12 355;93 943;169 140;75 560;7 888;0;0;0;51 204;0;0;16 468;0;649 893;39 856;149 105;1 543;242 804;48;0;237 832;708 358;438 104;150 880;119 375;114 454;51 116;9 029;54 309;424 720;1 530 290;648 078;710 188;1 144 402;843 110;361;10 590;586 226;19;1;219 396;81 876;133 977;9 173;194 416;8 848;33 213;61 226;53 528;608;7 090;278 928;740 126;322 608;1 582;1 708 392;2 771 948;2 287 317;1 954 465;129 903;202 949;349 050;88 326;124 327;47 970;23 216;53 140;4;28 536;0
6900;Тверская область;742 364;596 049;137 641;8 674;38 585;12;0;0;0;12;12;0;673;0;673;21 649;16 251;16 209;5 983 058;625 403;204 267;83 033;303;129 971;84;64 028;121 941;160 545;89 271;71 274;416 776;94 446;154 509;257;0;257;189 994;32 699;134 490;178 289;1 330 241;61 047;9 319;0;0;2 876;327;3 230;11;45 295;41 097;145 754;218 659;416 443;96 436;1 175 349;5 943;62 000;296 744;1 830 921;1 179 379;200 751;450 791;305 980;171 182;31 032;103 766;1 014 658;2 989 126;1 382 536;1 228 564;1 646 581;1 065 968;22 065;22 916;231 667;20 293;107 864;236 420;216 036;301 114;110 665;265 802;32 155;40 552;97 903;73 327;1 791;22 785;599 167;1 161 560;537 373;3 347;2 680 873;3 937 656;3 514 662;2 997 536;255 527;261 599;722 169;203 919;190 241;67 941;33 454;88 846;116;41 490;0
7000;Томская область;899 121;623 897;270 716;4 508;2 983 003;2 293 961;76;0;76;2 293 885;1 768 505;525 380;33 691;0;33 691;16 136;639 215;639 198;3 846 337;389 473;137 600;58 299;0;120 702;64;3 866;17 417;14 448;211;14 237;246 929;1 597;52 040;134 515;0;134 515;490 957;99 430;30 293;180 444;912 249;836 008;5 906;0;0;439;0;819 776;0;9 886;0;289 165;450 487;132 803;55;24 557;14 111;0;254 846;1 431 026;857 927;123 705;449 394;248 814;143 489;19 092;86 233;1 033 158;4 628 748;2 191 772;2 204 087;2 513 546;2 008 620;5 172;11 074;1 227 960;86 023;13 816;300 311;104 776;278 506;19 441;481 045;16 018;78 326;142 756;127 934;4 411;10 411;412 860;2 238 831;359 859;4 912;2 451 559;6 563 114;3 938 084;3 542 684;212 666;182 734;549 056;84 504;186 107;69 605;39 942;76 560;228;29 607;0
7100;Тульская область;928 408;916 362;10 094;1 952;230 488;191;191;0;191;0;0;0;0;0;0;228 560;1 737;0;11 809 034;1 056 527;159 917;166 996;323;132 818;0;50 103;93 730;63 098;12 261;50 837;42 961;151 702;27 570;954;492;462;2 055 111;68 058;178 612;612 256;5 657 595;2 484 535;1 939 725;27;6 600;20 458;144 121;114 863;41;265 367;146 910;454 240;252 661;351 740;217 861;132 025;166;197;209 412;1 502 646;447 701;342 305;712 640;365 243;200 823;24 576;139 844;1 428 720;3 298 921;1 628 477;1 204 391;1 362 957;825 234;1 120;25 246;145 472;5 259;32;421 862;110 570;227 453;39 227;434 427;15 482;42 964;162 227;135 831;2 494;23 902;569 929;2 380 575;805 347;5 836;2 459 051;5 003 566;4 253 433;3 572 125;359 796;321 511;1 051 474;393 677;239 289;87 137;39 934;112 219;897;37 444;0
7200;Тюменская область;1 404 299;1 148 372;200 511;55 416;3 642 056;1 474 847;0;0;0;1 474 847;1 406 365;68 482;5 040;31;5 009;25 691;2 136 479;2 136 430;6 288 891;328 020;78 450;55 652;0;35 572;0;12 743;19 700;554;58;496;101 949;44 061;22 666;491 075;0;491 075;1 411 090;80 150;116 693;317 761;807 455;420 492;288 685;0;0;1 273;97 423;32 999;0;112;112;682 729;166 356;720 905;78 295;25 275;23 586;191;825 842;1 493 084;1 082 963;148 441;261 680;402 752;163 538;7 082;232 132;4 457 623;4 163 733;1 801 024;1 636 432;7 290 115;5 474 316;46 551;20 499;4 379 989;118 451;133 418;1 367 595;196 335;521 095;68 101;756 478;43 332;163 996;404 849;267 527;74 026;63 296;866 652;5 354 292;610 108;7 155;3 624 205;6 882 822;6 664 215;6 035 740;415 358;213 117;1 256 085;554 577;273 777;85 944;74 510;113 323;154;52 709;0
7300;Ульяновская область;458 314;411 187;44 241;2 886;193 707;147 937;373;373;0;147 564;147 564;0;0;0;0;45 121;650;608;4 574 603;337 276;9 945;42 209;62 653;27 680;0;45 874;62 165;1 921;245;1 675;151 582;29 832;86 834;49 864;0;49 864;19 463;2 334;197 547;229 605;740 602;331 160;18 169;0;14;8 186;14 063;35 023;0;255 719;160 655;715 351;136 765;239 201;972 572;181 820;14 818;140 405;346 315;891 897;582 654;97 153;212 090;352 201;275 812;14 073;62 316;558 920;2 524 593;921 711;1 330 253;1 153 128;657 092;6 199;11 411;0;6 912;210 982;175 174;102 968;280 342;23 710;573 626;35 243;24 382;109 976;60 564;8 140;41 272;367 970;2 354 652;357 989;8 171;2 319 017;3 898 698;3 372 072;2 908 442;264 621;199 008;577 785;261 086;141 630;47 477;25 771;68 382;42;35 018;0
7400;Челябинская область;1 640 468;1 531 581;91 780;17 107;2 062 256;16 042;16 000;422;15 578;42;0;42;1 602 635;154 367;1 448 268;435 173;8 407;1 348;30 615 312;1 593 850;116 222;216 586;732;69 662;58;49 442;84 157;106 385;4 891;101 493;115 847;112 693;37 531;181 129;180 241;836;2 824 318;92 741;358 314;1 555 327;14 768 439;10 744 131;7 987 521;692 377;0;1 143 269;621 590;782 408;0;209 342;47 638;897 815;375 479;2 025 276;1 754 041;732 998;1 689;441 200;2 879 810;2 082 715;1 193 659;65 260;823 797;1 055 780;633 593;38 119;384 068;2 794 057;8 760 470;4 486 196;2 884 729;7 938 988;6 840 099;4 306 882;33 427;866 856;455;10 137;822 421;265 876;692 261;81 465;1 027 809;61 744;224 359;1 522 434;1 328 520;36 158;157 756;1 373 281;6 363 354;1 285 012;7 489;6 265 842;13 123 256;10 412 396;9 201 546;717 353;493 497;1 973 707;906 332;595 615;282 427;88 090;225 098;1 365;120 784;0
7500;Забайкальский край;353 993;140 340;212 775;878;4 029 482;239 904;239 054;6 303;232 751;850;0;850;3 550 883;21 939;3 528 944;83 211;155 482;0;1 788 274;107 371;30 728;13 627;0;14 342;0;2 399;4 509;707;88;619;11 437;117;5 381;143;0;143;874 064;215;8 078;31 762;565 166;508 814;1 549;0;0;121;632;504 178;224;2 334;218;87;423;13 639;0;2 044;2 044;0;146 390;1 155 403;697 587;434;457 382;109 512;72 762;9 676;27 074;1 096 209;1 569 821;480 563;932 859;7 748 283;7 285 811;6 996 587;7 955;0;285;18 622;334 181;109 384;203 395;18 970;172 041;20 060;65 408;133 468;104 800;25 197;3 471;383 031;969 233;297 072;705;4 356 813;4 786 488;3 825 000;3 160 235;537 838;126 927;550 285;172 908;118 669;53 850;20 045;44 774;121;25 880;0
7600;Ярославская область;751 073;691 705;50 989;8 379;36 251;57;0;0;0;57;57;0;0;0;0;36 080;114;91;8 399 422;386 998;125 378;99 481;0;20 576;19 367;103 862;81 685;93 404;46 116;47 289;91 897;164 642;69 220;763 585;0;763 585;969 333;47 722;699 493;240 269;426 996;60 162;10 395;0;0;272;416;551;0;48 528;38 871;292 381;420 988;729 313;632 971;1 815 390;270 547;1 378 767;329 330;1 543 045;481 087;159 863;902 095;477 492;303 199;21 582;152 711;1 253 958;3 101 824;1 692 070;880 608;8 487 817;7 617 147;6 439 496;11 398;561 910;30 611;83;583 615;256 361;375 078;92 982;787 183;19 298;188 466;133 674;117 811;503;15 360;489 910;1 426 855;497 817;2 324;2 528 892;4 760 440;4 036 281;3 287 451;442 070;306 760;940 607;394 203;256 276;92 485;36 306;127 485;5;38 607;0
7700;город Москва;1 449 298;912 625;321 097;215 576;15 535 392;7 279 879;384 612;377 494;7 118;6 895 267;6 717 910;177 357;616 413;3 924;612 489;545 111;7 093 990;6 869 984;79 368 600;9 267 322;1 775 556;1 762 406;12 775;496 240;22 904;708 082;1 295 626;515 305;62 316;452 988;753 184;934 267;1 527 078;2 360 683;3;2 360 680;6 125 983;4 440 524;2 737 843;1 743 693;8 586 546;3 238 171;345 606;0;780;74 979;50 838;2 684 253;69 239;82 494;19 370;10 461 823;2 875 435;4 538 133;1 373 474;7 446 980;58 325;6 007 901;11 157 475;18 833 477;15 165 514;989 823;2 678 140;7 252 182;2 857 889;1 290 662;3 103 631;71 577 878;241 139 945;154 631 452;67 902 015;99 079 963;55 166 128;18 728 103;434 681;2 707 920;1 000 405;12 199 937;25 531 800;5 181 693;17 475 668;2 838 756;100 570 540;3 857 025;18 791 866;213 947 417;178 102 957;21 073 018;14 771 442;38 531 485;178 150 049;32 983 731;750 583;56 255 343;102 445 176;86 800 112;77 655 828;4 046 300;5 097 984;25 320 677;9 569 220;11 031 543;4 710 417;3 057 222;3 263 905;100 270;13 273 888;0
7800;город Санкт-Петербург;497 595;264 211;182 849;50 535;1 914 641;651 799;430;430;0;651 369;651 369;0;10 632;561;10 071;48 335;1 203 875;1 168 182;50 360 763;2 641 249;280 738;269 836;1 346;1 832 793;569 614;361 166;350 956;137 496;53 154;84 342;488 905;801 259;743 264;5 504 156;0;5 504 156;1 516 799;2 897 701;1 328 418;1 612 852;4 868 701;831 171;228 879;3 433;0;395 658;86 768;41 775;7 469;78 091;2 115;5 568 883;2 324 995;5 712 363;1 555 344;5 959 807;4 443 681;1 271 554;3 584 042;6 572 549;3 320 862;869 093;2 382 593;2 860 703;37 106;1 856 208;967 389;26 079 577;81 283 260;41 363 228;34 061 895;38 628 700;24 869 195;10 507 303;292 524;1 756 853;610 855;2 100 504;10 065 660;982 486;5 685 793;793 713;25 059 720;332 417;12 962 497;35 077 232;33 716 162;472 162;888 908;8 841 412;38 215 853;7 495 640;75 364;13 067 420;46 677 472;34 822 383;30 932 511;1 755 754;2 134 118;9 380 117;2 813 687;2 276 457;864 257;453 934;958 265;69 535;1 057 754;0
7900;Еврейская автономная область;55 385;21 404;33 901;80;369 434;467;467;0;467;0;0;0;339 985;337 984;2 001;28 982;0;0;145 881;19 183;5 525;1 595;0;93;0;136;3 328;1 687;0;1 687;7 663;2 554;301;0;0;0;529;335;3 351;94 476;3 154;377;0;0;0;0;132;0;0;245;245;0;269;45;0;661;0;0;8 116;230 056;57 664;8 671;163 721;54 844;44 103;3 394;7 347;62 305;181 774;27 027;138 335;63 521;30 128;31;803;0;104;0;15 423;17 866;19 668;2 818;41 707;7 287;17 504;8 797;8 418;65;314;75 745;67 883;24 488;144;582 428;696 477;692 335;544 138;91 002;57 194;100 222;28 093;20 974;6 904;2 981;11 088;0;4 057;0
8300;Ненецкий АО;129 179;75 928;4;53 247;505 012;504 581;0;0;0;504 581;497 808;6 773;0;0;0;217;214;214;54 404;39 718;28 265;154;0;382;0;3;474;0;0;0;733;0;280;0;0;0;769;0;458;9 302;289;41;0;0;0;0;0;0;0;41;0;41;0;24;0;41;0;0;1 890;295 155;183 915;18 060;93 180;20 479;1;5 905;14 573;130 245;123 968;49 403;67 666;258 179;45 177;41;406;0;7 782;128 112;64 563;12 545;52 154;2 583;78 217;10 029;19 581;41 253;41 115;0;138;45 487;85 487;36 267;65;479 847;636 755;416 798;356 987;32 632;27 178;116 366;22 930;20 218;8 569;3 713;7 935;0;634;0
8600;Ханты-Мансийский АО - Югра;332 312;65 266;241 768;25 278;61 986 618;44 240 228;0;0;0;44 240 228;44 240 228;0;0;0;0;46 027;17 700 363;17 700 322;3 525 642;156 890;15 703;1 521;0;15 373;0;6 317;5 952;89;89;0;177 936;187;21 436;1 010 731;0;1 010 731;50 725;684;11 048;169 536;268 774;4 209;1 501;0;0;1 565;1 144;0;0;0;0;6 064;8 832;21 864;17 391;10 313;10 247;0;1 565 500;4 131 236;3 008 084;51 697;1 071 455;753 999;372 690;230 368;150 941;4 603 751;3 388 595;1 095 930;1 437 120;15 536 934;12 243 331;237 518;27 515;8 899 326;174 049;1 597 983;1 331 022;190 549;812 546;67 643;1 086 677;62 379;179 528;1 408 062;489 529;849 487;69 046;1 432 536;2 229 190;1 852 661;13 688;7 790 239;13 932 957;12 240 644;11 141 708;569 987;528 949;2 576 432;1 293 361;492 112;235 250;70 255;186 608;1 495;58 745;0
8700;Чукотский АО;239 305;219 124;8 940;11 241;2 130 701;81 950;81 950;1 572;80 378;0;0;0;2 044 554;0;2 044 554;0;4 197;1 968;67 247;31 885;4 011;7 548;0;746;0;47;291;0;0;0;0;0;253;0;0;0;0;0;44;0;168;0;0;0;0;0;0;0;0;0;0;3;0;0;0;695;695;0;33 115;1 229 490;877 432;19 304;332 754;7 602;1 827;3 440;2 335;243 613;358 931;199 596;156 600;531 025;32 714;55;1 368;0;111 470;119 487;238 269;29 085;10 564;3 788;48 188;14 078;4 381;19 753;17 402;2 350;1;88 722;150 986;36 242;0;934 993;910 712;646 507;545 977;42 576;57 953;157 879;6 710;17 203;7 699;922;8 582;2;1 377;0
8900;Ямало-Hенецкий АО;316 563;178 544;29 271;108 748;31 782 900;27 367 452;0;0;0;27 367 452;4 105 658;23 261 794;224;0;224;89 681;4 325 544;4 325 500;1 078 569;90 611;48 522;458;0;3 501;32;866;2 468;208;29;179;12 212;4;4 618;414 911;0;414 911;11 160;0;1 957;89 603;139 413;136 321;136 321;0;0;0;0;0;0;0;0;189;17;584;198;2 216;0;0;303 801;3 348 234;2 168 324;48 667;1 131 243;74 521;170;21 119;53 232;3 005 036;4 372 018;3 753 854;396 146;6 389 606;4 622 587;373 569;14 136;2 875 559;84 212;504 252;1 061 518;117 037;570 862;109 128;518 148;67 768;45 868;411 907;391 731;17 941;2 235;699 719;2 351 681;1 025 936;2 689;6 306 266;6 643 480;5 322 215;4 957 173;181 549;183 492;1 455 718;658 257;275 424;163 391;20 524;91 509;175;15 614;0
9100;Республика Крым;867 204;761 210;82 778;23 216;856 753;729 717;0;0;0;729 717;2 385;727 332;0;0;0;103 901;23 135;3 227;2 165 199;312 118;134 614;50 541;0;193 398;21 752;7 719;10 026;1 808;949;860;10 477;5 520;23 524;1 840;0;1 840;726 496;882;36 618;158 170;55 539;4 054;40;0;0;0;3 689;234;234;90;0;106 659;17 076;59 575;2 992;283 138;255 475;113;129 872;1 481 318;1 061 006;273 886;146 426;833 337;672 720;8 638;151 979;915 397;4 438 550;1 398 841;2 721 723;2 480 964;1 387 704;878 151;14 441;237;8 567;16 544;723 135;345 014;813 480;207 497;418 584;35 397;197 420;905 871;861 261;24 827;19 783;1 002 518;1 044 872;541 443;8 597;3 438 117;5 807 101;5 499 390;5 068 573;193 303;237 515;885 548;232 279;289 426;71 136;57 504;160 786;444;64 329;0
9200;город Севастополь;121 775;82 364;9 996;29 415;44 538;0;0;0;0;0;0;0;0;0;0;44 538;0;0;583 711;46 359;3 931;3 307;0;24 007;42;3 122;4 863;1 610;59;1 552;3 324;2 332;4 571;42;42;0;6 628;4;9 315;30 020;22 489;569;0;0;0;0;527;0;0;42;0;4 383;20 895;11 952;5;260 475;260 475;0;127 273;285 791;180 076;49 719;55 996;94 021;56 477;7 042;30 502;431 612;1 038 294;300 714;649 995;415 819;284 225;66;2 099;0;6 659;21;123 571;1 343;157 568;25 473;163 697;4 326;23 573;47 899;36 014;3 507;8 378;353 386;403 649;150 865;1 553;1 801 083;1 601 209;1 452 037;1 364 339;42 732;44 966;338 577;93 010;100 179;21 527;19 161;59 491;41;22 220;0
;;;;;;;;;;;;;;;;;;;;;;;;;;;;;;;;;;;;;;;;;;;;;;;;;;;;;;;;;;;;;;;;;;;;;;;;;;;;;;;;;;;;;;;;;;;;;;;;;;;;;;;;;;;;;
;;;;;;;;;;;;;;;;;;;;;;;;;;;;;;;;;;;;;;;;;;;;;;;;;;;;;;;;;;;;;;;;;;;;;;;;;;;;;;;;;;;;;;;;;;;;;;;;;;;;;;;;;;;;;
;;;;;;;;;;;;;;;;;;;;;;;;;;;;;;;;;;;;;;;;;;;;;;;;;;;;;;;;;;;;;;;;;;;;;;;;;;;;;;;;;;;;;;;;;;;;;;;;;;;;;;;;;;;;;
;;;;;;;;;;;;;;;;;;;;;;;;;;;;;;;;;;;;;;;;;;;;;;;;;;;;;;;;;;;;;;;;;;;;;;;;;;;;;;;;;;;;;;;;;;;;;;;;;;;;;;;;;;;;;
;;;;;;;;;;;;;;;;;;;;;;;;;;;;;;;;;;;;;;;;;;;;;;;;;;;;;;;;;;;;;;;;;;;;;;;;;;;;;;;;;;;;;;;;;;;;;;;;;;;;;;;;;;;;;
;;;;;;;;;;;;;;;;;;;;;;;;;;;;;;;;;;;;;;;;;;;;;;;;;;;;;;;;;;;;;;;;;;;;;;;;;;;;;;;;;;;;;;;;;;;;;;;;;;;;;;;;;;;;;
;;;;;;;;;;;;;;;;;;;;;;;;;;;;;;;;;;;;;;;;;;;;;;;;;;;;;;;;;;;;;;;;;;;;;;;;;;;;;;;;;;;;;;;;;;;;;;;;;;;;;;;;;;;;;
;;;;;;;;;;;;;;;;;;;;;;;;;;;;;;;;;;;;;;;;;;;;;;;;;;;;;;;;;;;;;;;;;;;;;;;;;;;;;;;;;;;;;;;;;;;;;;;;;;;;;;;;;;;;;
;;;;;;;;;;;;;;;;;;;;;;;;;;;;;;;;;;;;;;;;;;;;;;;;;;;;;;;;;;;;;;;;;;;;;;;;;;;;;;;;;;;;;;;;;;;;;;;;;;;;;;;;;;;;;
