GA;GB;G1;G2;G3;G4;G5;G6;G7;G8;G9;G10;G11;G12;G13;G14;G15;G16;G17;G18;G19;G20;G21;G22;G23;G24;G25;G26;G27;G28;G29;G30;G31;G32;G33;G34;G35;G36;G37;G38;G39;G40;G41;G42;G43;G44;G45;G46;G47;G48;G49;G50;G51;G52;G53;G54;G55;G56;G57;G58;G59;G60;G61;G62;G63;G64;G65;G66;G67;G68;G69;G70;G71;G72;G73;G74;G75;G76;G77;G78;G79;G80;G81;G82;G83;G84;G85;G86;G87;G88;G89;G90;G91;G92;G93;G94;G95;G96;G97;G98;G99;G100;G101;G102;G103;G104;G105;G106;G107;G108;G109;G110;G111;G112;G113;G114;G115;G116;G117;G118;G119;G120;G121;G122;G123;G124;G125;G126;G127;G128;G129;G130;G131;G132;G133;G134;G135;G136;G137;G138;G139;G140;G141;G142;G143;G144;G145;G146;G147;G148;G149;G150;G151;G152;G153;G154;G155;G156;G157;G158;G159;G160;G161;G162;G163;G164;G165;G166;G167;G168;G169;G170;G171;G172;G173;G174;G175;G176;G177;G178;G179
  Республика Адыгея;174536;1866276;0;194105;0;0;0;0;-699;16357;0;0;0;0;4760722;23408;131050;0;4182170;0;0;0;0;141874;0;1352;0;0;0;0;0;220156;0;518210;5393246;0;10590;0;0;0;0;0;0;0;0;0;0;0;0;0;15625;0;0;0;0;0;0;0;0;0;0;0;0;0;0;0;0;0;0;0;0;65990;0;0;0;42300;20248;309943;33754;63647;391373;2633;-6;47387;0;0;0;84927;18544;0;26110;0;0;0;133054;25805;0;124601;8966;24720;10822;0;0;0;0;0;0;0;6623;89;0;1;0;0;0;0;0;0;0;0;0;0;0;0;0;0;0;0;0;0;0;0;0;0;0;1;1;0;0;0;0;0;0;0;0;0;0;0;0;0;0;0;0;0;0;0;0;0;0;0;0;0;0;0;0;0;0;0;0;218;0;672;7812;160;0;0;0;0;0;0
  Республика Башкортостан;4807365;28930855;0;1997571;0;0;0;25501;326598;258958;91;94472;734;1566;56922822;394275;759201;3228;61877929;67670;0;0;0;0;0;1695;43911574;-13277294;0;32255838;11741;84538;0;7261915;9054338;0;803;0;0;-1952396;-1012;0;-1316235;0;0;0;0;0;13817617;0;1711674;0;0;0;0;0;0;0;0;0;0;0;0;0;0;0;0;0;0;0;0;988050;0;0;0;192324;181164;2635077;94954;889714;3019502;9014;-24;901334;0;16;0;483897;363993;0;234812;0;0;0;619738;133852;83829872;18566;0;172931;1092098;0;0;0;0;0;0;0;149154;3685;4;104;0;0;0;0;0;0;1;0;0;64;0;1;0;0;0;0;0;0;0;0;0;0;2799;58;53;0;0;1;0;0;255;2153;0;0;0;0;30;9;0;0;0;2;0;0;0;0;0;0;0;0;0;0;0;0;-1;0;0;14239;115;1134229;32052;93;0;559;0;0;0;0
  Республика Бурятия;712407;5959685;0;515192;0;0;0;83101;251;206;0;0;0;0;15030680;222900;120158;0;-4082215;0;0;0;0;0;0;0;0;0;0;0;0;0;0;22980;0;0;0;0;0;0;-491;0;0;0;0;0;0;0;0;0;77439;0;0;0;0;0;0;0;0;0;0;0;0;0;0;0;0;0;0;0;0;125025;0;0;6;36913;17514;911908;0;95651;678798;1106;0;330683;0;0;52;47235;27527;0;153617;0;0;52;151404;23653;0;0;0;15076;1764588;0;0;220901;0;0;0;0;34530;0;2;182;0;0;0;0;0;0;0;0;0;0;0;0;0;0;0;0;0;0;0;0;0;0;0;0;0;0;0;0;0;0;0;0;0;0;0;0;0;0;0;0;0;0;0;0;0;0;0;0;0;0;0;0;0;0;0;0;0;10956;0;2760;4969;0;0;0;0;0;0;0
  Республика Алтай;299236;1114135;0;2983;0;0;0;0;371;0;944;4661;0;5474;3067421;7925;23186;0;2668787;0;0;0;0;0;0;0;0;0;0;0;0;0;0;890;0;0;167;0;0;0;-2522;0;0;0;0;0;0;0;0;0;38142;0;0;0;0;0;0;0;0;0;0;0;0;0;0;0;0;0;0;0;0;19787;0;0;0;36355;0;147348;716;29584;140405;50;0;14616;0;0;0;46103;0;0;12298;0;0;0;56845;0;0;0;0;5484;122019;0;0;0;0;0;0;0;2805;1081;0;1;0;0;0;0;0;0;0;0;0;0;0;0;0;0;0;0;0;0;0;0;0;0;101;0;2;0;0;0;0;0;0;0;0;0;0;0;2;9;0;0;0;0;0;0;0;0;0;0;0;0;0;0;0;0;0;0;0;534;0;0;4414;5;0;0;0;0;0;0
  Республика Дагестан;416553;4259480;1;289154;0;-9;0;15;1525;0;0;1;0;0;21563160;50979;83014;0;8212646;32;0;1;0;65394;15752;59;0;48;0;0;0;96395;204533;48635;1294555;503834;0;0;0;0;-332;0;-92;347;42887;0;0;0;0;0;232803;0;0;0;0;0;0;0;0;0;0;0;0;0;0;0;0;0;0;14;0;87844;125535;0;0;56473;2589;898819;72770;87366;1787715;10940;-88;201895;352598;455;1417;82798;4925;0;157893;361787;217;22;126619;10230;996802;38483;9743;30545;2501;0;0;0;0;0;0;0;7158;416;138;1400;0;0;0;0;0;0;5;3;0;93;4;0;0;0;0;0;0;0;0;0;0;0;83;34;18;0;0;109;170;58;373;0;0;0;0;0;1;185;0;1;0;0;0;0;0;0;0;1;0;0;2;1;0;0;5;0;0;1628;0;0;61872;0;0;0;0;0;0;0
  Республика Ингушетия;51806;425097;0;3790;0;0;0;0;0;0;0;0;0;0;2482739;6026;8176;0;833679;0;0;0;0;0;0;0;0;0;0;0;0;0;0;0;0;0;0;0;0;0;0;0;0;0;0;0;0;0;0;0;4359;0;0;0;0;0;0;0;0;0;0;0;0;0;0;0;0;0;0;0;0;83712;0;0;245;18115;0;201439;336;6408;143495;0;0;47307;0;0;140;13522;0;0;25896;0;0;23;18225;0;428346;0;0;7256;0;0;0;0;0;0;0;0;36651;0;0;0;0;0;0;0;0;0;0;0;0;0;0;0;0;0;0;0;0;0;0;0;0;0;0;0;0;0;0;0;0;0;0;0;0;0;0;0;0;0;0;0;0;0;0;0;0;0;0;0;0;0;0;0;0;0;0;0;0;71;0;0;30785;0;0;0;0;0;0;0
  Кабардино-Балкарская Республика;117193;1721044;0;27590;0;0;0;157;449;1;0;0;0;0;5709536;27048;30844;0;3041487;329654;0;0;0;0;2;0;0;0;1;0;0;521764;0;129195;1251508;0;1663;-1207;0;0;0;0;0;0;0;0;0;1875;0;0;45609;0;0;0;0;0;0;0;0;0;0;0;0;0;0;0;0;0;0;0;0;88774;0;0;0;49961;25854;585739;7263;28819;319082;7895;0;128699;0;0;1;68734;25757;0;48685;0;0;0;24127;10621;1253;0;0;5744;856;0;0;0;0;0;-32;0;31150;135;0;0;0;0;0;0;0;0;9;0;0;1;0;0;0;0;0;0;0;0;0;0;0;0;2382;2;9;0;0;1335;0;0;56;228;0;0;0;0;3;176;3;35;0;0;0;0;0;0;0;208;0;0;0;4;0;0;81;0;0;61;0;672;12468;286;0;0;0;0;0;0
  Республика Калмыкия;29747;2261345;0;94438;0;0;0;0;19;0;0;0;0;0;2363840;11595;38058;0;1308281;0;0;0;0;0;0;0;0;-80;0;0;0;0;0;46;0;0;0;0;0;0;0;0;-16955;0;0;0;0;0;0;0;11113;0;0;0;0;0;0;0;0;0;0;0;0;0;0;0;0;0;0;0;0;69966;0;0;0;13589;2353;267317;11596;25964;184393;2513;0;86337;0;0;0;19620;8245;0;55467;0;0;0;91892;6648;758246;37890;0;983;0;0;0;0;0;0;0;0;2283;0;538;12;0;0;0;0;0;0;0;0;0;0;0;0;0;0;0;0;0;0;0;0;0;0;0;0;0;0;0;0;0;0;16;0;0;0;0;0;0;0;0;0;0;0;0;0;0;0;0;0;0;0;0;0;0;0;0;0;0;10741;0;0;5244;0;0;0;0;0;0;0
  Карачаево-Черкесская Республика;127458;1396664;0;15932;0;0;0;0;12;0;0;0;0;0;3524171;18825;174325;0;2990269;2;0;0;0;0;0;428;0;0;0;0;0;0;0;62887;0;0;109;0;0;0;0;0;0;0;0;0;0;0;0;0;101140;0;0;0;0;0;0;0;0;0;0;0;0;0;0;0;0;0;0;0;0;75418;0;0;0;65822;14468;227063;359;46791;230180;1176;-5;92105;0;0;0;22616;4382;0;63880;0;0;0;52189;7592;0;0;0;6729;87365;0;0;0;0;0;0;0;5569;0;0;0;0;0;0;0;0;0;0;0;0;0;0;0;0;0;0;0;0;0;0;0;0;0;0;0;0;0;0;0;0;0;0;0;0;0;0;0;0;0;0;0;0;0;0;0;0;0;0;0;0;0;0;0;0;0;1;0;0;41;0;0;9434;0;0;0;0;0;0;0
  Республика Карелия;475381;3806596;0;1868624;0;0;0;4435;8407;47549;0;315;0;1373;13636680;112047;127195;0;11030512;8823;0;0;0;0;0;0;0;0;0;0;0;0;0;15586;527268;0;0;0;0;0;-603;0;-37326;0;0;0;0;0;0;0;152982;0;0;0;0;0;0;0;0;0;0;0;0;0;0;0;0;0;0;0;0;79837;0;0;0;15878;52292;666645;4252;165665;772759;1650;0;172654;0;0;0;68358;50392;0;21797;0;0;0;34058;22443;0;0;0;195779;825686;0;0;0;0;0;0;0;2057;2025;41617;450;0;0;0;0;0;0;0;0;0;0;0;0;0;0;0;0;0;0;0;0;0;0;0;1;8;0;0;9;0;0;19;0;0;0;0;0;0;2;0;0;0;0;0;0;0;0;0;0;0;0;0;0;0;0;0;0;0;7319;0;55545;8324;0;0;146;0;0;0;0
  Республика Коми;1135426;8951910;0;7059253;0;0;0;475;14125;823145;0;5207;0;529768;25765555;154121;187340;0;12096824;0;0;0;0;0;0;0;3872675;5492;0;5276404;0;0;0;239913;1830947;0;0;0;0;0;-12320;0;28263;0;0;0;0;0;3486174;0;54297;0;0;0;0;0;0;0;0;0;0;3;0;0;0;0;0;0;0;0;0;409473;0;0;0;28686;47513;2263723;3269836;322465;925298;2676;0;199332;0;0;0;32549;25072;0;37752;0;0;11;16740;8068;78819044;709577;781254;61108;105951;0;0;292083;0;0;0;0;21025;0;0;56;306234;0;0;0;0;0;0;0;0;0;0;0;0;0;0;0;0;0;0;0;0;0;0;0;0;0;0;1;0;0;0;0;0;0;0;0;0;0;0;0;0;0;0;0;0;0;0;0;0;0;0;0;0;0;1;0;0;38859;9;0;10377;0;0;1206;0;0;0;0
  Республика Крым;707897;6734781;0;8;0;0;0;15206;5291;27744;0;172249;0;110074;26542497;158116;414851;0;20132674;620;0;0;0;2199;4467;3637585;0;0;0;0;0;478501;163386;1325523;1832428;482068;830;-2122;0;0;-183;0;0;3956;285;0;0;0;0;0;192915;0;0;0;0;0;0;0;0;0;0;0;0;0;0;0;0;0;0;0;0;0;0;0;0;0;0;515013;0;142718;928722;8764;-132;321982;0;0;0;141551;11309;0;104877;0;0;0;302419;3591;116878;7576;61754;117540;53647;0;0;0;0;0;0;0;107537;374;4607;52;0;0;0;0;0;0;0;0;0;0;0;0;0;0;0;0;0;0;0;0;0;0;0;0;0;0;0;0;0;0;0;0;0;0;0;0;0;0;0;0;0;0;0;0;0;0;0;0;0;0;0;0;0;0;0;0;0;1880;0;0;16978;3;0;0;0;0;0;0
  Республика Марий-Эл;359184;2575558;0;245205;0;0;0;2378;40449;0;0;273;0;2298;8705279;24285;69896;0;8183744;708;0;0;0;0;0;1142;0;-306427;0;0;0;0;0;133270;4703;0;16;0;0;0;0;0;329952;0;0;0;0;0;373132;0;106051;0;0;0;0;0;0;0;0;0;0;0;0;0;0;0;0;0;0;0;0;122173;0;0;0;22516;32777;353441;33899;116814;659286;1862;0;116335;0;0;0;17401;20885;0;28950;0;0;0;16382;8539;0;0;0;23579;0;0;0;0;0;0;0;0;17695;818;0;61;0;0;0;0;0;0;0;0;0;0;0;0;0;0;0;0;0;0;0;0;0;0;-6;0;-49;0;0;0;0;0;-94;0;0;0;0;0;0;-96;0;0;0;0;0;0;0;0;0;0;0;0;0;0;0;0;0;0;0;24;0;5869;6536;0;0;5;0;0;0;0
  Республика Мордовия;654084;4192810;0;131393;0;0;0;402;18010;915;0;1006;0;892;9993672;46143;111945;0;10154195;20417;0;0;-454;0;0;0;0;0;0;0;0;0;0;2016397;7720402;0;0;0;0;0;0;0;0;0;0;0;0;0;0;0;187026;0;0;0;0;0;0;0;0;0;0;0;0;0;0;0;0;0;0;0;0;94637;0;0;0;34660;34038;652671;33755;187985;718504;2394;0;357203;3;0;0;84442;65805;0;36853;0;0;0;63564;14296;0;0;0;13199;21473;0;0;0;0;0;0;0;22445;273;0;0;0;0;0;0;0;0;0;0;0;0;0;0;0;0;0;0;0;0;0;0;0;0;0;1;1;0;0;0;0;0;0;0;0;0;0;0;0;0;0;0;0;0;0;0;0;0;0;0;0;0;0;0;0;0;0;0;0;301;0;45723;9160;1;0;0;0;0;0;0
  Республика Саха (Якутия);5024838;28182010;-1;15243660;0;0;0;6964;47025;1229238;376243;23909;0;26243;40869744;264158;149773;0;-18042299;0;33;0;21;0;0;0;39592;240678;0;24913;0;0;0;42367;583810;0;0;20;0;0;-313607;0;-547868;0;0;0;0;0;0;0;18223;0;0;0;0;0;0;0;0;0;0;0;0;0;0;0;0;0;0;0;0;97599;0;0;11;7859;74499;4200247;-118413;364024;680624;1778;0;96717;0;0;905;50261;317991;0;63669;0;0;248;47975;51211;84388458;163274;236649;128819;6787851;0;10731925;502263;0;0;0;0;13248;768;-10;6210;0;10434495;0;0;0;0;2;0;0;-5;0;0;0;0;0;0;0;0;0;0;0;0;9;0;4;0;0;0;0;0;0;3;0;0;0;0;0;-315;0;0;0;0;0;0;0;0;0;0;0;0;0;0;0;0;0;0;0;156874;0;362;18918;8;0;100;0;0;0;0
  Республика Северная Осетия-Алания;107634;1430103;0;88031;0;0;0;362;153;0;0;0;0;0;6738942;27993;88968;0;2797444;6242;0;0;0;0;0;213385;143;0;612;330;0;888954;13545;315919;545767;0;1765;-5153;0;0;0;0;0;0;0;0;0;0;0;0;36730;0;0;0;0;0;0;0;0;0;0;0;0;0;0;0;0;0;0;0;0;66829;0;0;0;22815;16822;215242;47221;31660;551500;48222;1;167759;2;0;28225;13923;45310;0;41742;0;0;14;57395;27083;0;0;0;19297;808;0;0;6;0;0;0;0;71252;158;0;0;0;0;0;0;0;0;1;0;0;0;0;0;0;0;0;0;0;0;0;0;0;0;6;0;1;0;0;25;0;0;1;-3;0;0;0;0;0;0;0;0;0;0;0;0;0;0;0;0;0;0;0;0;0;0;0;0;0;83;0;0;16988;0;0;0;0;0;0;0
  Республика Татарстан;6895408;43449088;4523930;27946131;0;0;0;59675;7674534;726501;593;90594;0;1290253;77724648;478875;1090539;3438;122485343;22595;123;0;0;0;0;67711;19591188;-18847629;2525;27396760;2638;5330;0;11706595;17681637;0;0;11092;0;-2439499;-87890;0;8408072;0;0;0;0;34738;3175908;0;2929362;0;0;0;265;0;0;0;0;-4273;0;0;0;0;0;166986;0;0;0;0;0;1368384;0;0;0;208222;540727;6601573;48037;1522819;4497919;24794;-110;3503713;0;0;0;1277429;2024209;0;512554;0;0;0;425351;247561;227920843;0;0;71819;10987;0;0;0;0;0;0;0;37532;221;0;566;0;0;0;0;0;0;1;0;0;11;0;0;0;0;0;-1;0;0;0;0;0;0;4;1;2;0;0;5;0;0;0;2;0;0;0;0;11;10;0;0;0;1;0;0;0;0;0;0;0;0;0;0;0;0;0;0;0;16079;0;32913023;107476;8;0;0;0;0;0;0
  Республика Тыва;46441;441043;0;1458;0;0;0;0;1998;172300;0;0;0;0;4405011;2165;31264;0;-2752;0;0;0;0;0;0;0;0;0;0;0;0;0;0;0;526;0;0;0;0;0;1071;0;0;0;0;0;0;0;0;0;41368;0;0;0;0;0;0;0;0;0;0;0;0;0;0;0;0;0;0;0;0;29985;0;0;0;4385;3700;161374;-473;32504;157691;-1;1;50000;0;0;0;11086;5396;0;45113;0;0;26;10566;6323;0;0;0;6307;209869;0;0;20396;0;0;0;0;7692;-206;0;26;0;0;0;0;0;0;0;0;0;0;0;0;0;0;0;0;0;0;0;0;0;0;0;0;0;0;0;0;0;0;0;0;0;0;0;0;0;0;0;0;0;0;0;0;0;0;0;0;0;0;0;0;0;0;0;0;0;2364;0;0;5654;0;0;0;0;0;0;0
  Удмуртская Республика;1907077;12980435;1;1512468;0;0;0;1105;51700;23790;2;6071;0;81907;24766885;170012;235115;-84;39230464;36233;0;0;0;0;0;2;0;0;530672;0;0;0;0;383555;6623288;0;0;0;0;-3521;-23817;0;-39475;0;0;0;0;0;0;0;254421;0;0;0;0;0;0;0;0;0;0;0;0;0;0;0;0;0;0;0;0;501785;0;0;0;78392;2389;1253444;99348;334247;1290200;2415;0;718352;0;0;0;137531;2963;0;160231;0;0;0;136679;681;72705087;0;0;34716;38;0;0;0;0;0;0;0;24311;0;0;45;0;0;0;0;0;0;0;0;0;0;0;0;0;0;0;0;0;0;0;0;0;0;0;0;0;0;0;0;0;0;0;0;0;0;0;0;0;0;0;0;0;0;0;0;0;0;0;0;0;0;0;0;0;0;0;0;0;5119;1;5008;52014;2018;0;10;0;0;0;0
  Республика Хакасия;341892;4410365;0;21707;0;0;0;5581;932;9452;0;1295;0;0;8428872;128732;114709;0;3017359;0;0;0;0;0;0;0;0;0;0;0;0;0;0;1476725;0;0;882;0;0;0;0;0;0;0;0;0;0;0;0;0;482221;0;0;0;0;0;0;0;0;0;0;0;0;0;0;0;0;0;0;0;0;268020;0;0;76;32419;10398;591933;0;77973;392805;825;0;338908;0;0;7406;93263;7511;0;116423;0;0;163;57494;5045;0;0;0;12273;868491;5;0;621811;0;0;0;0;20006;909;0;78;0;0;0;0;0;0;0;0;0;0;0;0;0;0;0;0;0;0;0;0;0;0;2;0;1;0;0;1;0;0;0;0;0;0;0;0;0;1;0;0;0;0;0;0;0;0;0;0;0;0;0;0;0;0;0;0;0;1463;-1;0;5028;1844;0;142;0;0;0;0
  Чеченская Республика;122571;1028545;0;16956;0;0;0;4736;3;0;0;2;0;0;11058156;14817;40328;0;1857896;0;0;0;0;0;0;0;0;71476;0;0;0;0;0;0;0;0;0;0;0;0;0;0;0;0;0;0;0;0;0;0;90937;0;0;0;0;0;0;0;0;0;0;0;0;0;0;0;0;0;0;0;0;59502;0;0;1641;58511;14416;672928;73658;48705;930518;0;4;101760;0;43;1992;20143;5543;0;55630;0;0;132;53778;8859;412362;1445;0;5105;37;0;0;0;0;0;0;0;9956;0;0;0;0;0;0;0;0;0;0;0;0;0;0;0;0;0;0;0;0;0;0;0;0;0;9;0;229;0;0;8;0;0;242;1;0;0;0;0;0;0;46;0;0;0;0;0;0;0;0;0;0;0;0;4;0;0;3;0;0;1376;0;0;19455;0;0;0;0;0;0;0
  Чувашская Республика;999679;8266740;0;241734;0;0;0;1222;102944;6636;17;2852;0;2737;14032531;70836;152193;0;18996759;-7678;34803;0;0;0;0;0;0;0;0;0;0;0;0;1133870;2534001;0;0;0;0;0;0;0;-22054;0;0;0;0;0;0;0;174811;0;0;0;0;0;0;0;0;0;0;0;0;0;0;0;0;0;0;0;0;237832;0;0;0;75897;20235;663362;27780;173441;977951;9;0;472102;0;0;0;35267;18727;0;74134;0;0;0;123116;13223;0;0;0;31726;17;0;0;0;0;0;0;0;5914;206;0;39;0;0;0;0;0;0;0;0;0;0;0;0;0;0;0;0;0;0;0;0;0;0;0;0;0;0;0;0;0;0;-1;0;0;0;0;0;0;1;0;0;0;0;0;0;0;0;0;0;0;0;0;0;0;0;0;0;0;158;0;853742;12590;10;0;0;0;0;0;0
  Алтайский край;1935479;15172847;0;699562;0;0;0;69762;74786;30911;0;878;0;0;28337895;265203;225006;0;23834717;20168;0;0;0;0;0;0;0;0;0;0;0;10696;24;3985979;1123922;0;12576;0;0;0;-1593;0;358;0;0;0;0;0;0;0;2342311;0;0;0;0;0;0;0;0;0;0;28;0;0;0;0;0;0;0;0;0;596402;0;0;0;117121;20798;1153410;35914;406826;2040151;22814;0;881354;0;0;0;248780;40119;0;208734;0;0;0;415055;24045;0;0;0;22308;632490;0;0;1738;0;0;0;0;39479;2574;0;3106;0;0;0;0;0;0;1;0;0;0;0;0;0;0;0;0;0;0;0;0;0;0;2;0;8;0;0;5;0;0;0;0;0;0;0;0;0;19;0;0;0;0;0;0;0;0;0;0;0;0;0;5;0;0;0;0;0;3095;0;190272;14156;0;0;1454;0;0;0;0
  Краснодарский край;11083483;57149804;0;4168982;0;0;0;441434;137192;980248;1455554;122042;2934;1854503;88536381;907851;1941160;31866;80479096;4;0;0;0;613948;209208;30278708;-13;40405;0;24199;0;2834071;332545;2480608;2193386;126451;111906;7;0;0;-2110;0;-1666820;12857;27695;0;0;0;-3857723;0;4807541;0;0;0;119;0;0;0;0;0;0;0;0;0;0;0;0;0;0;0;0;2397972;0;0;0;805253;647488;7614989;1292691;1210593;7215760;255030;23;3376129;882;8;0;1044591;772853;0;1347313;0;0;0;1375395;470431;5711175;956882;-230557;91736;73426;0;0;0;0;0;0;0;306464;1769;4474;483;0;0;0;0;0;0;50;0;0;177;0;0;0;0;0;0;0;0;0;0;0;0;32;1;47;22;-118;7;0;0;138;3;0;0;0;0;2;26;0;33;0;1;0;0;0;0;0;0;0;0;0;137;0;0;1;0;0;7012;1245;1158450;82719;405;0;10;0;0;0;0
  Красноярский край;12309825;62273748;13215328;58554553;0;0;0;193597;123610;8161750;1;875;0;2036;77362526;442183;722492;-12;176181105;-2879;0;0;0;0;0;0;13072687;275628;0;19041636;0;0;0;687883;1447080;0;2576;2359;0;0;-869735;0;570326;0;0;0;0;0;-28016;0;606786;0;0;0;0;0;0;0;0;0;0;891;0;0;0;0;0;0;0;0;0;539488;0;0;844;51958;37170;4599388;2;633120;2204318;6726;-73;849877;-1;0;3040;209394;74367;0;202599;0;0;339;283657;58798;129275648;283341;197920;-213997;29410042;0;0;638129;0;0;0;0;153018;23267;0;1440;4129075;10476912;0;0;0;0;-3;0;0;12;0;0;2;0;0;0;0;0;0;0;0;0;8;3;2;0;0;1;0;0;101;1;5;0;0;0;2;0;11;0;0;0;0;0;0;0;0;0;0;9;0;1;0;0;19;0;0;210795;2;3352;34337;40;0;0;0;0;0;0
  Приморский край;4391739;21694811;15;725059;0;0;0;14344;102886;561426;6;81172;0;9441;50050102;240796;1082649;16;13839734;0;0;0;0;0;0;42;1;0;917149;200;0;0;0;2044800;2790114;0;1934;0;0;0;195;0;-1691140;0;0;0;0;859;0;-828340;346498;0;0;0;0;0;0;0;0;0;0;126;0;0;0;0;0;0;0;0;0;736625;0;0;41;57131;45016;2180464;479501;392195;1819081;69887;69;2074654;-228;18;30158;227518;146633;0;430273;0;0;415;105452;27312;0;0;0;93656;150218;0;0;129810;0;0;0;0;21994;15822;567775;1145;0;0;0;0;0;0;10;0;0;0;0;0;0;0;0;0;0;0;0;0;0;0;0;1;84;0;0;2;0;0;0;0;0;0;0;0;1;0;0;0;0;0;0;0;0;0;0;0;0;0;0;0;0;0;0;0;0;2249;0;3927628;26242;18;0;10;0;0;0;0
  Ставропольский край;2193666;15044329;0;1327018;0;0;0;41330;63235;120705;56225;3410;0;1106258;31388217;393402;572724;-4;29958269;16503;0;0;0;120753;5057;12760;0;-3237321;5;9;0;1373461;12750;1246249;5297926;184503;741;0;0;0;0;0;0;0;0;0;0;0;0;0;1389508;0;0;0;0;0;0;0;0;0;0;0;0;0;0;0;0;0;0;0;0;1167319;0;0;0;225283;69853;1606621;185513;469666;1896105;22332;1;1326550;0;0;1;232242;124549;0;680377;0;0;0;423329;73266;5593311;178482;6572;30463;48713;-11;0;0;0;0;0;0;21591;124;0;24;0;0;0;0;0;0;2;0;0;-71;0;0;6;0;0;12;0;0;0;0;0;0;5;0;4;0;0;5;0;0;1115;0;0;0;0;0;14;377;-7;0;0;0;0;0;0;0;0;0;0;8;0;1;0;0;88;0;0;16397;0;31572;43665;1134;0;807;0;0;0;0
  Хабаровский край;2081681;16083612;0;878533;0;0;0;25968;186053;1013702;0;4140;0;6963;41427217;379916;328431;-13;18536897;0;0;0;-5376;0;0;0;11912482;210;0;13917175;0;0;0;3817512;1157297;0;8819;0;0;0;-41280;0;2413856;0;0;0;0;0;0;0;5764636;0;0;0;0;0;0;0;0;0;0;0;0;0;0;0;0;0;0;0;0;470706;0;0;162;38144;58216;2310803;577931;391471;1505356;4444;0;700478;0;-231;16276;174387;93953;0;144838;0;0;30;52934;19831;0;0;0;74512;4747304;0;0;228146;0;0;0;0;27594;10233;243927;13696;0;0;0;0;0;0;0;0;0;1;0;0;0;0;0;5;0;0;0;0;0;0;1657;0;0;1;0;96;0;-51;0;1;0;0;0;0;1;253;0;9;0;0;0;0;0;0;0;7;0;8;0;253;0;0;2;0;0;37119;130;75;11871;0;0;22612;0;0;0;0
  Забайкальский край;543102;5952922;0;2667491;0;0;0;1984;5094;565;0;0;0;0;21501820;121709;119539;0;-5631978;0;0;0;0;0;0;0;0;0;0;0;0;0;0;74802;0;0;0;0;0;0;-3949;0;0;0;0;0;0;0;0;0;13707;0;0;0;0;0;0;0;0;0;0;0;0;0;0;0;0;0;0;0;0;225064;0;0;1;20526;60064;1186593;-19;112701;584764;2114;0;164475;0;0;27;66061;98116;0;56763;0;0;11;63268;52636;0;0;0;73038;3393618;0;0;362244;0;0;0;0;29811;77;0;4;0;0;0;0;0;0;0;0;0;0;0;0;0;0;0;0;0;0;0;0;0;0;60;0;4;0;0;0;0;0;9;0;0;0;0;0;0;3;0;0;0;0;0;0;0;0;0;0;0;0;0;0;0;0;14;0;0;14438;-2;226;10363;5;0;1098;0;0;0;0
  Амурская область;1684067;14033535;0;982860;0;0;0;6476;43015;494444;0;111083;0;43031;23823098;239858;247993;0;-45526206;-3731;0;0;0;0;0;0;0;0;0;0;0;0;0;24257;0;0;2498;0;0;0;0;0;0;0;0;0;0;0;0;0;653513;0;0;0;0;0;0;0;0;0;0;0;0;0;0;0;0;0;0;0;0;361225;0;0;78;52558;31586;2538095;195785;217468;779257;1260;0;366223;0;0;42770;493306;116537;0;153078;0;0;66;75721;14082;0;0;0;79379;4249129;0;0;73594;0;0;0;0;15259;5022;0;37;0;0;0;0;0;0;0;0;0;0;0;0;0;0;0;0;0;0;0;0;0;0;0;0;0;0;0;0;0;0;-6;0;0;0;0;0;0;0;0;0;0;0;0;0;0;0;0;0;0;0;0;0;0;0;0;0;0;13504;147;30590;7115;172;0;1476;0;0;0;0
  Архангельская область;881487;7163436;0;353573;0;0;0;17515;6801;92021;20;11;0;0;28451812;234088;261156;0;11868726;0;0;0;0;0;0;0;0;0;0;0;0;0;0;54477;6385239;0;967;-1;0;0;-257721;0;-274757;0;0;0;0;0;0;0;123133;0;0;0;0;0;0;0;0;0;0;0;0;0;0;0;0;0;0;0;0;232106;0;0;0;38541;49057;1115777;718723;261590;1075099;1769;0;490772;0;0;0;95223;88030;0;61013;0;0;0;66497;46570;0;0;0;79558;31393;0;2304483;0;0;0;0;0;12866;899;61081;138;0;0;0;0;0;0;1;0;0;0;0;0;0;0;0;0;0;0;0;0;0;0;0;7;20;0;0;0;0;0;1;4;0;0;0;0;0;0;0;0;0;0;0;0;0;0;0;0;0;0;0;1;0;0;1;0;0;4443;20;845;8250;23;0;0;0;0;0;0
  Астраханская область;11166780;7003185;0;2490044;0;0;0;131929;8735;45022;0;10441;0;432;14532777;150487;146012;0;3849874;0;0;0;0;0;0;0;12176535;-41815;0;5637528;0;0;0;16095;0;0;0;0;0;0;0;0;-46475;0;0;0;0;0;0;0;92447;0;0;0;0;0;0;0;0;0;73;0;0;0;0;0;0;0;0;0;0;265018;0;0;0;46614;27061;1257204;380249;161499;857736;4140;0;182975;0;0;1;266137;86814;0;79850;0;0;0;111234;29400;24620138;13161423;28338326;8290;19337;0;0;0;0;0;0;0;569;0;3185;2823;0;0;0;0;0;0;6;0;0;6;0;0;0;0;0;0;0;0;0;0;0;0;6;0;1;0;0;1;0;0;122;2;0;0;0;0;0;3;0;0;0;0;0;0;0;0;0;0;0;0;0;1;0;0;2;0;0;36379;21191;0;11050;0;0;0;0;0;0;0
  Белгородская область;3702946;23577892;5;4425495;0;0;0;10215;107026;100254;3;14848;0;733;28604633;226932;2903389;99;28453637;36027;0;0;0;0;0;0;0;723;0;0;0;0;0;150332;1537020;0;81;-120771;0;0;0;0;0;0;0;0;0;0;0;0;1582573;0;0;0;0;0;0;0;0;0;0;8;0;0;0;0;0;0;0;0;0;867550;0;0;0;176367;143209;1993256;7342;453044;1595626;6314;2;3251897;0;0;0;265686;165631;0;536391;0;0;0;242644;81832;0;0;0;439187;1441255;0;0;0;0;0;0;0;84044;154;0;0;0;0;0;0;0;0;0;0;0;0;0;0;0;0;0;0;0;0;0;0;0;0;0;0;0;0;0;0;0;0;0;0;0;0;0;0;0;0;0;0;0;0;0;0;0;0;0;0;0;0;0;0;0;0;0;0;0;67;0;105366;37173;40;0;0;0;0;0;0
  Брянская область;737838;5801673;0;602800;0;0;0;25997;64003;6162;217;0;0;150;15505695;170552;299963;0;9190139;-38;0;0;0;0;0;1439164;0;0;0;0;0;0;0;496846;1904586;0;190240;0;0;0;0;0;0;0;0;0;0;0;0;0;4328663;0;0;0;452;0;0;0;0;0;305;2543;0;0;0;0;0;0;0;0;0;454372;0;0;0;74229;147259;626641;14590;226179;906551;42784;2;456059;0;0;0;142664;189300;0;104969;0;0;0;130730;90274;0;0;0;12275;11003;0;0;0;0;0;0;0;26261;680;0;0;0;0;0;0;0;0;0;0;0;0;0;0;0;0;0;0;0;0;0;0;0;0;165;4;112;0;0;188;0;0;0;0;0;0;0;0;31;9;0;0;0;1;0;0;0;0;0;0;0;0;0;17;0;0;0;0;0;39;0;1139320;8871;0;0;0;0;0;0;0
  Владимирская область;2419502;15075486;0;413295;0;0;0;9036;179016;1606752;195;821;0;2075;23057210;117423;397422;3228;31993703;3517;0;0;0;0;0;1611;0;0;0;0;0;0;0;547145;2352417;0;3763;0;0;0;0;0;0;0;0;0;0;0;0;0;402844;0;0;0;0;0;0;0;0;0;0;9482;38;0;0;0;0;0;0;0;0;164981;0;0;0;63805;84224;963585;75387;236019;1463119;2394;0;954331;0;0;0;283965;489209;0;195234;0;0;0;331809;180918;0;0;0;113876;6550;0;0;0;0;0;0;0;46074;1056;0;0;0;0;0;0;0;0;1;0;0;23;0;0;0;0;0;3;0;0;0;0;0;0;4;0;3;0;0;0;0;0;1129;0;8;0;0;0;29;137;90;0;0;0;0;0;0;0;0;0;0;18;0;0;0;0;143;0;0;59;0;76711;11756;1889;0;0;0;0;0;0
  Волгоградская область;1877433;16813035;0;2861619;0;0;0;3026;81655;38697;0;3144;0;556;33064061;518961;487809;3;29381407;7;0;0;88;0;0;48285951;23700851;82486;0;13822146;189750;61;66;2176942;3769;0;374;0;0;0;0;0;5399547;0;0;0;0;0;6121584;0;1082583;0;0;0;0;0;0;0;0;0;-2;0;0;0;0;0;0;0;0;0;0;505339;0;0;0;28330;31229;1968748;202323;346043;1920971;7087;1;1453985;0;-2;0;160500;105814;0;255422;0;0;0;344755;108572;9135144;174259;585337;44072;71746;0;0;0;0;0;0;0;18742;40;0;859;0;0;0;0;0;0;4;0;0;0;638341;0;0;0;0;0;0;0;0;0;0;0;9326;28;1858;0;0;10606;0;0;0;0;0;0;0;0;44;0;160;0;0;0;0;0;0;0;0;15;0;0;0;0;0;0;0;0;0;27492;0;141141;38838;3;0;40;0;0;0;0
  Вологодская область;2149391;10289420;2817899;9414232;0;0;0;41992;97764;200096;296;9671;8;12444;24335367;556963;515212;-7;-1255618;0;0;0;0;0;0;0;-2911;0;0;0;0;0;0;33265;7871630;-22833;0;0;0;0;-52753;0;-16895;0;0;0;0;0;0;0;1887272;0;0;0;0;0;0;0;0;0;0;0;0;0;0;0;0;0;0;0;0;706579;0;0;0;89212;108163;1324394;1443541;300391;1346369;0;0;837318;0;0;0;121991;42312;0;95479;0;0;0;121049;25736;0;0;0;38991;16029;0;0;0;0;0;0;0;9185;4798;13;362;0;0;0;0;0;0;0;0;0;0;0;0;0;0;0;0;0;0;0;0;0;0;1;0;0;0;0;0;0;0;0;1;0;0;0;0;0;1;0;0;0;0;0;0;0;0;0;0;0;0;0;0;0;0;0;0;0;44;0;170201;12726;3;0;0;0;0;0;0
  Воронежская область;2352853;20111241;1;9831070;0;0;0;45425;114239;162648;679;1482;0;2197;38719534;378337;1803905;-25;35821576;17;0;0;49;0;0;0;0;0;0;0;0;0;0;2544342;815437;0;2318;0;0;0;0;0;0;0;0;0;0;0;0;0;2040269;0;0;0;0;0;0;0;0;0;19;0;0;0;0;0;0;0;0;0;0;452578;0;0;0;127691;111808;2876124;120798;481392;2861773;4739;0;1241269;17;0;0;609996;458689;0;270882;0;0;0;666630;206824;0;0;0;124526;62765;0;0;0;0;0;0;0;98188;818;0;0;0;0;0;0;0;0;10;0;0;0;0;0;0;0;0;0;0;0;0;0;0;0;23;1;143;0;0;0;0;0;3;0;0;0;0;0;0;0;0;0;0;0;0;0;0;0;0;0;0;0;0;0;0;0;0;0;0;385;0;43343;50516;10;0;0;0;0;0;0
  Ивановская область;511968;4599251;0;187842;0;0;0;914;23358;6642;0;156;0;81;11579798;160080;107157;4198;9510590;86;0;0;0;0;0;0;0;751;0;0;56;0;0;1220148;461415;0;0;0;0;0;0;0;945;0;0;0;0;0;0;0;642436;0;0;0;0;0;0;0;0;0;0;0;0;0;0;0;0;0;0;0;0;210412;0;0;0;19814;34762;494033;84983;94370;763324;1346;0;625996;0;0;0;62465;50643;0;133708;0;0;0;70753;24381;0;0;0;22543;37;0;0;0;0;0;0;0;15603;26;0;17;0;0;0;0;0;0;2;0;0;14;0;0;0;0;0;5;0;0;0;0;0;0;2;0;3;0;0;1;0;144;0;0;0;0;0;0;12;3;13;0;0;0;0;0;0;0;0;0;0;0;0;0;0;0;27;0;0;96;0;18458;22696;5;0;0;0;0;0;0
  Иркутская область;7696410;51478543;0;2573949;0;0;0;4317;60009;712400;75;1566;3086;2087;56702497;381559;622264;63297;83146676;131;187;0;0;0;0;0;7112558;-843353;0;12480382;136145;0;0;2288785;0;0;1491;0;0;0;-232853;0;1523897;0;0;0;0;0;0;0;280159;0;0;0;0;0;0;0;0;0;0;0;0;0;0;0;0;0;0;0;0;597687;0;0;20;75670;152692;3129629;43093;643201;2073743;5;-209;1540258;0;0;10105;278284;291468;0;313124;0;0;657;205249;97477;113309730;29163;167503;200183;4386735;0;0;310606;0;0;1;0;110484;16029;-49;242;542175;0;0;0;0;0;0;0;0;0;0;0;0;0;0;0;0;0;0;0;1;0;3;40;433;0;0;0;0;0;0;0;0;0;0;0;0;2;0;0;0;0;0;0;0;0;0;0;0;0;0;0;0;0;0;0;0;359034;0;242;41574;40;0;5;0;0;0;0
  Калининградская область;1284215;9391280;0;586937;0;0;0;103141;188680;294310;537;54467;159;48470;21003786;94537;418876;23791;76915442;4672;0;0;0;0;0;9365440;0;-4600;7705593;0;0;0;0;65686;737989;-154;454;6;0;0;-15529;0;-448411;0;0;0;0;0;0;0;3078315;51448;0;0;0;0;0;104834;0;0;325;17909;0;0;0;0;0;0;0;-267;0;445354;0;0;0;0;0;1006441;262881;459198;1235330;100540;6;676430;0;0;-5;23;-82;0;286329;0;0;0;0;0;1891343;0;0;90026;156821;1897052;0;0;0;0;0;0;26418;737;7148;307;0;0;0;0;0;0;12;0;0;0;0;0;0;0;0;0;0;0;0;0;0;0;61;0;89;0;0;122;0;0;0;0;0;0;0;0;6;18;0;0;0;3;0;0;0;0;0;0;0;0;0;8;0;0;0;0;0;3616;500;27748271;15383;10;0;465;0;0;0;0
  Калужская область;2155531;16551362;0;241160;0;0;0;677172;18596;283936;101;6370;0;4586;22985234;116214;401370;2944;40139366;0;0;0;0;0;0;8622288;0;0;2126168;0;220816;0;0;6602044;974726;0;0;0;0;0;-87737;0;1831;0;0;0;0;0;-399866;0;1511475;0;0;0;0;0;0;0;0;0;0;0;0;0;0;0;0;0;0;1;0;189898;0;0;0;73186;100608;1080555;53239;159865;1066234;0;0;335341;9;0;17;330281;188629;0;96223;0;0;0;293006;88152;0;0;0;117843;42265;0;0;0;0;0;0;0;35401;1247;0;0;0;0;0;0;0;0;0;0;0;1;0;0;0;0;0;0;0;0;0;0;0;0;7;0;4;0;0;3;0;0;57;7;0;0;0;0;0;0;0;0;0;0;0;0;0;0;0;0;0;0;0;0;0;0;0;0;0;157;0;32893539;17526;5;0;0;0;0;0;0
  Камчатский край;591176;3967699;0;164837;0;0;0;358;21878;0;0;3121;0;0;20948059;79528;144247;0;2393137;0;0;0;0;0;0;0;0;0;0;0;0;0;0;219061;0;0;0;0;0;0;-14175;0;-565577;0;0;0;0;0;0;0;11923;0;0;0;0;0;0;0;0;0;0;0;0;0;0;0;0;0;0;0;0;103225;0;0;689;11140;20317;671326;5975;132125;718976;1591;-103;193866;0;0;6323;47485;27166;0;40089;0;0;3062;11953;14513;0;41024;23214;30708;263895;0;0;392;0;0;0;0;21884;3654;543779;18506;0;0;0;0;0;0;0;0;0;0;0;0;0;0;0;0;0;0;0;0;0;0;0;0;68;0;0;0;0;0;0;0;0;0;0;0;1;0;0;0;0;0;0;0;0;0;0;0;0;0;0;47;0;0;0;0;0;13799;7;0;4939;0;0;0;0;0;0;0
  Кемеровская область - Кузбасс;4504352;31616678;0;487310;0;0;0;438334;76141;468495;53;15119;0;6727;50953745;163706;1180427;7530;-11220242;669;39970;0;6;0;0;205;2570232;-16539;0;107984;0;0;0;723709;3114041;-5151;40;0;0;-767323;3182;0;1481003;0;0;0;0;0;-2844431;0;385161;0;0;0;0;0;0;0;0;0;0;0;0;0;0;0;0;0;0;0;0;559055;0;0;0;9541;11105;2710049;17136;557997;1833328;3527;27;2716147;-1;0;0;338441;115215;0;268588;0;0;0;38828;13871;0;0;0;90983;707620;0;0;7116255;0;0;0;0;34103;1737;64;30;0;0;0;0;0;0;0;0;0;0;0;0;0;0;0;0;0;0;0;0;0;0;0;0;0;0;0;0;0;0;0;0;0;0;0;0;0;2;0;0;0;0;0;0;0;0;0;0;0;0;0;0;0;0;0;0;0;7716;4;57;55341;26;0;5;0;0;0;0
  Кировская область;631477;6344498;0;189919;0;0;0;7153;3588;75;0;34247;0;58684;17596050;281419;150197;0;12241630;129620;887175;6505;-10005;0;0;294;0;0;0;0;0;0;0;624011;863438;0;158;0;0;-63;-965;0;-17;0;0;0;0;0;0;0;304544;0;0;0;0;0;0;0;0;0;9853;0;0;0;0;0;0;0;0;0;0;360869;0;0;0;29780;59977;705276;76960;230991;1203922;2376;0;134487;0;0;0;51421;46980;0;59281;0;0;0;63074;28491;29453;0;0;54816;324;0;0;0;0;0;0;0;13838;3545;0;15;0;0;0;0;0;0;0;0;0;0;0;0;0;0;0;0;0;0;0;0;0;0;0;9;228;0;0;0;0;0;0;0;2;0;0;0;47;0;0;0;0;0;0;0;0;0;0;0;0;0;0;0;0;0;0;0;0;1010;0;29856;11774;40;0;0;0;0;0;0
  Костромская область;930755;4528936;0;616254;0;0;0;81431;8966;95262;1195;1841054;2612;1019049;9251284;73164;114718;-10;10004716;0;0;0;0;0;0;0;0;0;0;0;0;0;0;15477;307378;0;0;0;0;0;-3174;0;-869;0;0;0;0;0;0;0;216705;0;0;0;0;0;0;0;0;0;0;0;0;0;0;0;0;0;0;0;0;243798;0;0;0;32774;32902;362253;6397;129910;690792;1155;0;303250;0;-3;-49;78902;23869;0;117889;0;0;0;49894;16136;0;0;0;16908;54;0;0;0;0;0;0;0;17895;2605;0;68;0;0;0;0;0;0;0;0;0;20;0;0;0;0;0;126;0;0;0;0;0;0;39;12;10;0;0;0;0;0;245;0;2;0;0;0;28;204;0;0;0;0;0;0;0;0;0;0;0;44;0;0;0;0;137;0;0;7;0;485;10697;45;0;5;0;0;0;0
  Курганская область;456583;3734845;0;581830;0;0;0;482;4545;2555;0;0;0;0;10571317;134467;78023;0;9838108;314;0;0;0;0;0;1;0;0;0;0;0;0;0;358836;1611;0;0;0;0;0;0;0;0;0;0;0;0;0;0;0;323909;0;0;0;0;0;0;0;0;0;0;1954;0;0;0;0;0;0;0;0;0;202813;0;0;0;29064;24988;531052;25325;127462;740723;707;0;247999;23;0;0;48444;39204;0;34110;0;0;0;114007;17792;0;0;0;19622;97503;0;0;0;0;0;0;0;6670;15;1;639;0;0;0;0;0;0;0;0;0;-6;0;0;0;0;0;0;0;0;0;0;0;0;0;0;0;0;0;0;0;0;21;1;0;0;0;0;0;-5;0;0;0;0;0;0;0;0;0;0;0;-2;0;0;0;0;0;0;0;697;0;358342;10143;70;0;0;0;0;0;0
  Курская область;2382289;15137236;0;3899841;0;0;0;14946;166515;57535;0;1164;0;447;17699747;242487;152885;0;8104991;520779;0;0;6068;0;0;0;0;0;0;0;0;0;0;120251;0;0;14306;0;0;0;0;0;0;0;0;0;0;0;0;0;782334;0;0;0;0;0;0;0;0;0;0;0;0;0;0;0;0;0;0;0;0;289712;0;0;0;42626;27812;1483056;13256;240245;1640344;2821;0;764577;0;0;0;325861;57461;0;95274;0;0;0;194526;25589;0;0;0;46872;680106;0;0;0;0;0;0;0;41052;0;0;0;0;0;0;0;0;0;0;0;0;0;0;0;0;0;0;0;0;0;0;0;0;0;0;0;0;0;0;0;0;0;0;0;0;0;0;0;4;1;0;0;0;0;0;0;0;0;0;0;0;0;0;0;0;0;0;0;0;36;0;9695;13130;24;0;5055;0;0;0;0
  Ленинградская область;6687920;40600654;6241916;25018522;0;0;0;281268;495221;1273733;194;26;0;0;45070684;313385;612964;23503;46974542;69907;-11136;0;44;9;0;107420706;10574176;1;0;8718942;0;1931733;27870;142667;124381;0;15697;0;0;0;0;0;1807544;0;0;0;0;25123274;-5172545;0;1825835;0;0;0;0;0;996;0;0;0;0;62420;2486;0;0;0;0;0;0;0;0;17618;0;0;0;163678;321712;4765096;954134;414114;2855096;33766;0;101360;-427;0;0;1043738;1896273;0;16785;0;0;0;804344;601712;0;0;0;394531;58124;0;0;0;0;0;0;0;38113;4;355;248;0;0;0;0;0;0;0;0;0;0;0;0;0;0;0;0;0;0;0;0;0;0;0;0;0;0;0;0;0;0;11;0;0;0;0;0;0;0;0;0;0;0;0;0;0;0;0;0;0;0;0;0;0;0;0;0;0;187;0;164993;30944;0;0;2;0;0;0;0
  Липецкая область;902674;8067705;3145533;11041905;0;0;0;19450;28256;3723447;0;1064;0;8737;19808642;122758;207248;1157868;-7936564;0;0;0;0;0;0;524923;0;0;0;-688;-1064;0;0;773765;0;0;305;0;0;0;0;0;0;0;0;0;0;0;0;0;1646310;0;0;0;0;0;0;0;0;0;0;0;0;0;0;0;0;0;0;0;0;257321;0;0;0;60362;44736;1159882;22378;290257;1035312;40256;0;949635;0;0;0;254980;80134;0;151826;0;0;0;219174;25962;0;0;0;58563;59482;0;0;0;0;0;0;0;72229;41;0;0;0;0;0;0;0;0;0;0;0;0;0;0;0;0;0;0;0;0;0;0;0;0;0;0;0;0;0;0;0;0;0;1;0;0;0;0;0;0;0;0;0;0;0;0;0;0;0;0;0;0;0;0;0;0;0;0;0;121;0;62;23483;0;0;9;0;0;0;0
  Магаданская область;519236;11547221;0;1468;0;0;0;2739;12265;12250;0;0;0;0;11077768;80753;144424;0;-12163268;0;0;0;0;0;0;0;170;0;0;0;0;0;0;2172;0;0;0;0;0;0;-8206;0;-11823;0;0;0;0;0;0;0;6006;0;0;0;0;0;0;0;0;0;0;0;0;0;0;0;0;0;0;0;0;35192;0;0;0;0;0;685107;0;118839;154255;1311;0;38858;0;0;0;0;-757;0;14507;0;0;0;0;0;0;0;0;38992;2045308;0;0;8493;5150788;0;0;0;4922;799;49139;1240;0;0;0;0;0;0;0;0;0;0;0;0;0;0;0;0;0;0;0;0;0;0;0;0;0;0;0;0;0;0;0;0;0;0;0;0;0;0;0;0;0;0;0;0;0;0;0;0;0;0;0;0;0;0;0;0;0;24623;94;0;10299;0;0;0;0;0;0;0
  Московская область;29862608;164553365;7;4462228;0;0;0;4635294;679857;8880577;6778;311311;34862;240356;238285530;1306920;11666719;176694;414164425;77831;2326;0;128386;0;0;256960;0;0;5472438;0;189279;2306517;0;13445558;39948060;-4184;413931;1099385;0;-1384;-687890;0;-91303;0;0;0;0;0;-34485;0;28691820;0;0;0;74;0;0;0;0;0;5848;74327;2209;0;0;0;96;0;0;0;0;7295978;0;0;0;127964;139488;13210552;138980;2295277;14301143;65934;9225;20668531;842;44;951;1107593;924974;29;8152254;0;0;0;150000;143003;0;0;0;410179;34506;0;0;0;0;0;0;0;322860;311;35;0;0;0;0;0;0;0;981;0;0;3;0;0;0;0;0;112;0;0;0;0;0;0;2100;16;2450;0;0;176;0;0;1;3;1;0;0;1;215;9;0;1;0;1;0;0;0;0;0;0;0;0;0;21;0;0;0;0;0;664;0;2555601;214848;12020;0;122;0;0;0;0
  Мурманская область;1423145;13134120;0;18370680;0;0;0;20766;164015;140454;0;0;0;0;35922367;56997;158222;625;-91910860;0;0;0;0;0;0;0;0;0;0;0;0;0;0;91034;0;0;13;0;0;0;0;0;-932107;0;0;0;0;0;0;0;61208;0;0;0;0;0;0;0;0;0;0;0;0;0;0;0;0;0;0;0;0;349004;0;0;0;2047;40545;-3180955;0;117411;496643;3405;0;640291;0;0;0;5634;70218;0;23950;0;0;0;1508;11429;0;0;0;200377;2437835;0;0;0;0;0;0;0;10473;37;333349;549;0;0;0;0;0;0;0;0;0;0;0;0;0;0;0;0;0;0;0;0;0;0;0;0;6;0;0;0;0;0;0;0;0;0;0;0;0;0;0;0;0;0;0;0;0;0;0;0;0;0;0;0;0;0;0;0;0;463;711;173;12978;40;0;1569;0;0;0;0
  Нижегородская область;5452709;37467856;48;4976534;0;0;0;53962;384532;518192;58;6898;0;63832;69746891;664417;1562388;4116;78061094;6468;0;0;0;0;0;329837;36153887;-25094;1128220;14053728;18219;53476;2173;7086957;5319799;0;37;0;0;-10115;0;0;-73708;0;0;0;0;0;12387284;0;2787329;0;0;0;0;0;0;0;0;0;0;0;0;0;0;0;0;0;0;0;0;1323548;0;0;0;160877;255444;2473492;239077;742963;3932966;44926;31;1472425;0;0;47;201648;273643;0;417740;0;0;0;390311;149964;0;0;0;77464;5923;0;0;0;0;0;0;0;57150;2089;15;107;0;0;0;0;0;0;24;0;0;0;0;0;0;0;0;-3;0;0;0;0;0;0;0;62;252;0;0;240;0;0;-62;0;0;0;0;0;57;384;40;0;0;0;0;0;0;0;0;11;0;0;0;25;0;0;0;0;0;350;0;20180621;45811;0;0;0;0;0;0;0
  Новгородская область;732068;5398750;0;848011;0;0;0;-83554;917251;3565976;13;4842;0;0;10179134;58403;93498;0;3296090;1009926;1736903;0;0;0;0;0;0;0;0;0;0;0;0;50867;110904;0;236;0;0;0;0;0;0;0;0;0;0;0;0;0;337862;0;0;0;0;0;0;0;0;0;0;0;0;0;0;0;0;0;0;0;0;81415;0;0;0;38331;72369;749061;96809;162651;731502;1317;-2;240386;0;0;0;78379;84150;0;34811;0;0;0;121937;72465;0;0;0;19032;9064;0;0;0;0;0;0;0;9308;218;3;420;0;0;0;0;0;0;0;0;0;4;0;0;0;0;0;7;0;0;0;0;79;0;15;0;85;0;0;1;0;319;0;0;0;0;0;0;0;258;0;0;0;0;0;0;0;0;0;0;0;4;0;0;0;0;1;0;0;765;0;65754;8216;0;0;0;0;0;0;0
  Новосибирская область;5120711;37149175;0;182497;0;0;0;61585;228666;1350977;363;90866;1173;119447;59208466;341402;1215120;3857;46365295;356040;-3970;0;4;0;0;2662;0;2010;0;1813;0;422;0;8471340;2006774;0;16494;286;0;0;-2134394;0;0;0;0;0;0;0;-25641;0;4709248;0;0;0;0;0;0;0;0;0;1209;0;0;0;0;0;0;0;0;0;0;866058;0;0;0;64007;57667;2877803;38616;519861;2331616;6097;-3;2692064;-26;124;130;338853;255397;0;281454;0;0;0;177253;56912;717508;0;0;225424;76707;0;0;1196699;0;0;0;0;28782;161;0;2069;0;0;0;0;0;0;14;0;0;0;0;0;0;0;0;0;0;0;0;0;0;0;11;19;64;0;0;-4;0;0;16;0;0;0;0;0;1;39;0;1;0;1;0;0;0;0;0;0;0;0;0;2;0;0;0;0;0;3400;0;78083;45968;106;0;0;0;0;0;0
  Омская область;2251541;15648719;0;435053;0;0;0;1110;16414;57090;0;1068;0;2621;29221570;386485;1947418;0;39046642;5;0;0;0;0;0;68587;50252457;-339008;0;31895162;290904;0;0;7325600;6638161;0;39;0;0;-238269;0;0;4007185;0;0;0;0;0;0;0;1178835;72;0;0;0;0;0;0;0;0;0;4724;0;0;0;0;0;0;0;0;0;258519;0;0;0;32602;23107;624438;14204;260796;1455773;3370;0;594261;0;0;1;149414;12568;0;165069;0;0;0;255689;10259;1051273;625;93;7329;186;0;0;0;0;0;0;0;56119;1588;-2;-2;0;0;0;0;0;0;1;0;0;0;0;0;0;0;0;0;0;0;0;0;0;0;8;1;6;0;0;5;0;6;0;0;0;0;0;0;0;4;0;0;0;0;0;0;0;0;0;0;0;0;0;1;0;0;1;0;0;2367;0;508;26136;40;0;0;0;0;0;0
  Оренбургская область;3006941;20116498;0;1777055;0;0;0;54195;33661;14540;0;22223;0;70676;29240146;200512;316648;-13;59312563;108654;0;0;0;0;0;0;2468605;13166;0;3315498;27;0;0;175540;884898;0;366;0;0;0;-2406;0;454;0;0;0;0;0;0;0;797588;0;0;0;0;0;0;0;0;0;0;153;0;0;0;1126;0;0;0;0;0;202545;0;0;0;57902;0;2500258;248661;398949;1016997;3900;0;717807;0;0;0;218389;9;0;256090;0;0;0;286739;0;149420999;12773000;776119;78056;1437565;0;0;237;0;0;0;0;94881;880;0;73;0;0;0;0;0;0;1;0;0;0;0;0;0;0;0;1;0;0;0;0;0;0;1;0;2;0;0;-109;0;0;261;0;0;0;0;0;0;48;0;0;0;0;0;0;0;0;0;0;0;0;0;0;0;0;4;0;0;30314;0;2243;26051;83;0;5;0;0;0;0
  Орловская область;541801;4209370;0;509732;0;0;0;26608;8955;24638;0;542;0;202;10315095;112725;86180;0;7892490;-54;0;0;0;0;0;0;0;10721;0;0;0;0;0;16572;18127;0;0;0;0;0;0;0;0;0;0;0;0;0;0;0;477398;0;0;0;0;0;0;0;0;0;0;0;0;0;0;0;0;0;0;0;0;99460;0;0;0;31929;11545;455331;16084;129607;857541;2037;0;248091;0;0;0;191763;35846;0;79584;0;0;0;153260;20044;0;0;0;22098;610;0;0;0;0;0;0;0;18311;238;0;0;0;0;0;0;0;0;0;0;0;0;0;0;0;0;0;0;0;0;0;0;0;0;0;1;1;0;0;6;0;0;3;1;0;0;0;0;0;0;0;0;0;0;0;0;0;0;0;0;0;0;0;0;0;0;0;0;0;7;0;5175;15148;0;0;0;0;0;0;0
  Пензенская область;810859;6150944;0;493322;0;0;0;3312;54106;16981;0;8922;2887;0;16165204;310634;144036;38279;18531013;43407;0;0;0;113312;0;0;0;0;0;0;0;1350575;0;1166720;5919710;0;100676;164903;0;0;0;0;0;0;0;0;0;0;0;0;396443;0;0;0;0;0;0;0;0;0;0;0;0;0;0;0;0;0;0;0;0;522042;0;0;0;94158;79135;884134;38428;217821;1481262;4291;0;460146;14;0;0;249185;71015;0;157914;0;0;0;161095;38799;488145;0;0;17508;21110;0;0;0;0;0;0;0;17060;911;0;0;0;0;0;0;0;0;19;0;0;0;0;0;0;0;0;0;0;0;0;0;0;0;6;0;232;0;0;1;0;0;1;0;0;0;0;0;57;2;0;0;0;0;0;0;0;0;0;0;0;0;0;1;0;0;0;0;0;434;0;53262;23071;0;0;41043;0;0;0;0
  Пермский край;4768972;34307078;0;2410892;0;0;0;16938;112095;494659;0;30748;0;4446;47979300;325460;851826;4016;60840926;0;0;0;0;0;0;0;18240187;645971;0;20686603;426295;0;0;46802;6651419;0;0;0;0;-498119;0;0;-197285;0;0;0;0;0;3898566;0;1503153;0;0;0;0;0;0;0;0;0;0;0;0;0;0;0;0;0;0;0;0;1091401;0;0;0;101663;669;2056568;413403;590424;2817289;6066;992;2910526;214;0;5;177674;36006;0;569763;0;0;0;175223;-161;124823723;362955;0;115825;646702;0;0;0;0;0;0;0;59557;0;0;181;0;0;0;0;0;0;0;0;0;48;0;0;0;0;0;0;0;0;0;0;30;0;0;0;0;0;0;-1671;0;0;4304;0;0;0;0;0;0;1313;471;0;0;0;0;0;0;0;0;0;0;204;0;0;0;0;2157;0;0;8174;0;5565;25112;43;0;80;0;0;0;0
  Псковская область;253240;2643290;0;641719;0;0;0;937;1054;13001;0;46;0;638;9754461;37740;115331;4;4276499;0;0;0;0;0;0;0;0;0;0;0;0;0;0;7760;0;0;402;0;0;0;0;0;0;0;0;0;0;0;0;0;830978;0;0;0;0;0;0;38262;0;0;0;5709;0;0;0;0;0;0;0;0;0;91783;0;0;153;18417;20874;354878;25644;173589;716030;448;0;134353;0;0;35;72861;48866;0;30837;0;0;210;143476;39740;0;0;0;21121;959;0;0;0;0;0;0;0;13284;1261;0;940;0;0;0;0;0;0;1;0;0;2;0;0;0;0;0;0;0;0;0;0;0;0;5;0;1;0;0;5;0;0;26;5;0;0;0;0;0;4;0;0;0;0;0;0;0;0;0;0;0;0;0;0;0;0;0;0;0;5;0;36498;8620;0;0;0;0;0;0;0
  Ростовская область;4647817;37361133;8;7755647;0;0;0;301849;606423;198282;9;4598;0;5915;64038278;854568;1238852;0;32379627;3192;0;0;0;0;357;50175804;0;6265;0;0;-37;102329;20518;5160902;0;0;1146;0;0;0;-136690;0;-762039;58;34;0;0;0;-2631023;0;3295335;0;0;0;0;0;0;0;0;0;0;3772;0;0;0;0;0;0;0;0;0;903928;0;0;0;153319;81214;4227843;517077;623621;3416062;125999;0;4009941;36;0;0;509006;306985;0;1038208;0;0;0;918193;195579;0;253872;10415;171148;48474;-8;0;364435;0;0;0;0;39590;979;893;1350;0;0;0;0;0;0;4;0;0;0;0;0;0;0;0;0;0;0;0;0;0;0;726;4;330;0;0;3;0;0;0;1;0;0;0;0;11;6;0;0;0;1;0;0;0;0;0;0;0;0;0;1;0;0;0;0;0;4827;0;6430216;40477;1344;0;1;0;0;0;0
  Рязанская область;1487054;10907865;-4;983912;0;0;0;3908;169328;206305;0;5406;0;1403;18879684;234610;290359;19;38776869;0;0;0;0;0;0;0;35934163;477317;0;23009402;82210;0;0;1441384;0;0;2791;0;0;0;0;0;-29281;0;0;0;0;0;0;0;1009915;0;0;0;0;0;0;0;0;0;1947;67;0;0;0;0;0;0;0;0;0;644893;-2;0;0;114004;98877;891550;174795;227522;1027724;56;141;982878;0;0;0;234417;125803;0;123372;0;0;0;241270;53594;0;0;0;56234;5897;0;0;804;0;0;0;0;25899;0;0;0;0;0;0;0;0;0;0;0;0;14;0;0;0;0;0;33;0;0;0;0;0;0;7;0;1;0;0;0;0;556;0;0;8;0;0;0;25;0;54;0;0;1;0;0;0;0;0;0;0;15;0;1;0;0;1;0;0;3429;0;85875;22260;5;0;0;0;0;0;0
  Самарская область;6265914;42518880;2;3049791;0;0;0;23840;285410;563149;29;62377;1974;38557;62438340;272822;786974;297;128612214;1755;0;0;0;0;0;456877;34582211;696637;559343;22179280;197259;67712;0;9018119;589551;0;15557;0;0;-1176122;0;0;794900;0;0;0;0;0;0;0;2253378;0;0;0;0;0;0;0;0;0;0;522;0;143;0;839;0;0;0;0;0;1030382;1392870;0;0;233140;63783;3520676;28813;838757;3701677;8093;0;1363653;1886068;320;0;344035;113427;0;188781;240892;0;0;406155;69614;111965468;0;0;72152;10226;0;0;0;0;0;0;0;74253;1239;0;214;0;0;0;0;0;0;0;4;0;0;0;0;0;0;0;186;0;0;0;0;0;0;11;0;8;0;0;7;0;0;0;0;17;0;0;0;808;8;0;0;0;0;1;0;0;0;0;0;0;0;0;1;1;0;0;0;0;22624;0;47737499;43072;0;0;12569;0;0;0;0
  Саратовская область;1513311;13596961;0;4285522;0;0;0;19658;50216;19121;2041;24019;0;1043;33522780;301685;308501;0;40367428;0;0;0;0;0;0;8405580;12145906;73910;0;7495204;0;0;0;550944;0;0;51;0;0;0;0;0;-28056;0;0;0;0;0;0;0;646471;0;0;0;0;0;0;0;0;0;6;0;0;134;0;0;0;0;0;0;0;564490;0;0;0;80213;258656;1610071;228386;499926;2346976;6685;1;346131;0;0;0;166143;304659;0;69305;0;0;0;319431;181889;9080133;571269;151268;67312;61;0;0;0;0;0;0;0;14138;1054;0;776;0;0;0;0;0;0;0;0;0;0;0;0;0;0;0;0;0;0;0;0;0;0;1866;3;87;0;0;2;0;0;0;0;0;0;0;0;12;28;0;0;0;0;0;0;0;0;0;0;0;0;0;0;0;0;4;0;0;33894;0;29309;27933;324;0;0;0;0;0;0
  Сахалинская область;1432979;9534109;0;294581;0;0;191223091;34644;4616;546876;0;0;0;0;31912656;83786;698229;0;-6034877;0;0;0;0;0;0;0;162594;0;0;0;0;0;0;266182;0;0;0;0;0;0;-163927;0;-561684;0;0;0;0;0;0;0;12229;0;0;0;0;0;0;0;0;0;0;0;0;0;0;0;0;0;0;0;0;167259;0;0;0;0;0;1212518;555453;247055;566471;2846;0;347469;0;0;0;-108;0;0;71082;0;0;0;0;0;7273182;6517;6188;147626;303572;0;0;293501;0;0;0;0;19795;199;391909;2805;0;0;0;0;0;0;20;0;0;0;0;0;0;0;0;0;0;0;0;0;0;0;0;0;5;0;0;0;0;0;0;0;0;0;0;0;0;0;0;0;0;0;0;0;0;0;0;0;0;0;0;0;0;0;0;0;0;7538;4012;0;10661;0;0;85938;0;0;0;0
  Свердловская область;8429131;59729307;2188462;18735934;0;0;0;311666;468729;25824337;-11589595;192576;2675;378390;104159535;655323;3168084;10121;103978262;0;0;0;0;0;0;40977;0;0;0;0;0;0;0;5811110;0;0;782;0;0;0;-1088852;0;0;0;0;0;0;0;0;0;12388970;1088;0;0;0;0;0;0;0;0;44;12272;0;0;0;0;0;0;0;0;0;1996802;0;0;0;7654;16537;5007231;304625;598433;2413578;7119;0;4288634;0;0;0;20188;8657;0;870770;0;0;0;9213;8835;0;0;0;262013;2879879;0;0;0;0;0;0;0;86808;-23;-579;97;0;0;0;0;0;0;995;0;0;0;0;0;0;0;0;0;0;0;0;0;0;0;134;2;8;0;0;669;0;0;0;0;0;0;0;0;4;1;0;1;0;1;0;0;0;0;0;2;0;0;0;1;0;0;0;0;0;8101;0;48296;93092;665;0;98;0;0;0;0
  Смоленская область;933420;7027281;0;3281857;0;0;0;23720;11498;43597;703;1407;182;0;15111818;77863;462116;8442;5020072;6207;0;0;0;0;0;0;0;0;0;0;0;0;0;587294;0;0;2928;0;0;0;0;0;0;0;0;0;0;0;0;0;18842802;0;0;0;0;0;0;1163212;0;1269048;11104;10074;0;0;0;0;0;0;0;0;0;109420;0;0;0;26406;54619;968928;138166;348609;930778;3136;0;227843;0;0;0;91314;107227;0;70329;0;0;0;118415;57983;0;0;0;41817;0;0;0;0;0;0;0;0;31176;4442;0;36;0;0;0;0;0;0;0;0;0;0;0;0;0;0;0;13;0;0;0;0;0;0;1;0;1;0;0;0;0;0;20;18;0;0;0;0;5;76;1;0;0;0;0;0;0;0;0;0;0;1;0;0;0;0;0;0;0;48;0;33069;15249;0;0;0;0;0;0;0
  Тамбовская область;777323;5529963;1;484063;0;0;0;3551;65506;52072;0;1890;0;326;12685308;141993;178104;0;5408930;287676;0;0;0;0;0;2115;0;0;0;0;0;0;0;366511;205663;0;447;0;0;0;0;0;0;0;0;0;0;0;0;0;392744;0;0;0;0;0;0;0;0;0;0;0;0;0;0;0;0;0;0;0;0;323826;0;0;0;63000;28949;771956;19841;218147;1042224;0;0;514573;0;0;0;261933;58836;0;129733;0;0;0;262716;29065;0;0;0;10750;735;3;0;0;0;0;0;0;36341;-20;0;0;0;0;0;0;0;0;0;0;0;0;0;0;0;0;0;0;0;0;0;0;0;0;0;0;0;0;0;0;0;0;0;0;0;0;0;0;0;0;0;0;0;0;0;0;0;0;0;0;0;0;0;0;0;0;0;0;0;61;0;0;11482;3;0;0;0;0;0;0
  Тверская область;1272235;10320078;0;5449179;0;0;-5;8148;40968;136997;0;1396;0;425;21422414;147147;287254;-1;19062333;0;0;0;0;0;0;969;0;1705;0;0;381603;85778;0;1424054;263248;0;1065;4934;0;0;-12252;0;-25184;0;0;0;1545;0;0;0;465751;0;0;0;0;0;0;0;0;0;0;9449;0;0;0;0;0;0;0;0;0;283452;0;0;0;83122;83068;1932563;180836;251158;1391506;2205;7;621686;0;0;0;413209;228225;0;224755;0;0;0;388335;91176;0;0;0;35876;626;0;0;0;0;0;0;0;59130;4789;0;7;0;0;0;0;0;0;0;0;0;1;0;0;0;0;0;1;0;0;0;0;0;0;33;7;37;0;0;82;0;0;1757;2;4;0;0;0;6;313;6;0;0;0;0;0;0;0;0;0;0;15;0;0;0;0;252;0;0;89;0;1093715;36320;0;0;2782;0;0;0;0
  Томская область;1155777;7840531;0;2150948;0;0;0;1823;16337;19330;62;0;14;2338;22835996;56738;177360;0;47723019;0;0;0;0;0;0;1180;553500;-89;0;335;0;235570;0;3222523;200254;0;0;0;0;0;4488;0;1358755;0;0;0;0;0;211778;0;176889;1034;0;0;0;0;0;0;0;0;0;0;0;0;0;0;0;0;0;0;0;319218;0;0;0;35597;12145;1437373;92897;222845;956102;5334;0;1162428;0;0;477;132058;12692;0;118168;0;0;0;71683;8187;54695754;1921671;1407480;32259;91;0;0;0;0;0;0;0;44362;4632;0;600;0;0;0;0;0;0;0;0;0;0;0;0;0;0;0;0;0;0;0;0;0;0;848;16;205;2;0;5023;0;0;0;0;0;0;0;0;39;0;99;0;0;0;0;0;0;0;0;44;0;0;0;0;0;0;0;0;0;46832;0;21;17855;0;0;2991;0;0;0;0
  Тульская область;2691898;21222429;-2;571749;0;0;0;68089;68969;260724;0;1;0;0;27395793;141298;293401;2726;11904073;703129;1191;0;1002;0;0;0;0;0;781391;0;0;0;0;8258094;9093085;0;15442;31;0;-555550;0;0;0;0;0;0;0;0;0;0;959157;0;0;0;0;0;0;0;0;0;75;0;0;0;0;0;0;0;0;0;0;395507;0;0;0;45533;96158;1413424;66649;278561;1487527;3772;-7;834452;0;0;-65;212952;246309;0;303688;0;0;0;335288;89825;0;0;0;197663;24100;31;0;0;0;0;0;0;90160;1251;0;0;0;0;0;0;0;0;1;0;0;1;0;0;0;0;0;0;0;0;0;0;778;0;-361;-58;625;0;0;660;0;0;-87;660;0;0;0;0;27;-110;0;0;0;0;0;0;0;0;0;0;0;2;0;0;0;0;-137;0;0;87;0;2678388;57508;23;0;0;0;0;0;0
  Тюменская область;4162937;28110361;0;6568428;0;0;0;24265;472597;16374;-268;51123;0;62275;36090205;195952;512845;1039;77879789;33031;0;0;0;0;0;0;3293118;-13862402;0;2967888;60494;86368;0;251296;986386;0;12;0;0;-2383752;-56353;0;90866;0;0;0;0;0;0;0;384718;0;0;0;0;0;0;0;0;0;0;2646;0;0;0;0;0;0;0;0;0;680236;0;0;0;52074;0;2811198;109985;439165;1628586;2750;217;671751;0;0;74;113618;0;0;192405;0;0;0;174461;0;84459214;1190;16417;85323;4284;0;0;0;0;0;0;0;23713;1492;0;604;0;0;0;1367279;0;0;3;0;0;0;0;0;0;0;0;1;0;0;0;0;0;0;13;0;12;0;0;2;0;0;28;0;0;0;0;0;0;2;0;0;0;1;0;0;0;0;0;0;0;0;0;2;0;0;0;0;0;43215;0;14442;30631;0;0;10;0;0;0;0
  Ульяновская область;879869;9395712;0;212820;0;0;0;10576;45886;75208;17433;358;0;0;16462620;158394;153471;0;16905500;0;0;0;0;0;0;4;0;1883;97585;0;0;0;0;10593946;7348259;0;2;0;0;0;-70067;0;23728;0;0;0;0;0;0;0;406767;0;0;0;0;0;0;0;0;0;0;0;0;0;0;0;0;0;0;0;0;398457;0;0;0;29920;49815;725953;46423;195389;1120619;39053;0;444511;0;2;0;72987;59200;0;122936;0;0;0;110673;54436;3837357;0;0;16366;13845;0;0;0;0;0;0;0;28960;88;0;58;0;0;0;0;0;0;0;0;0;-1;0;0;0;0;0;0;0;0;0;0;1;0;7;1;1;0;0;1;0;0;-302;0;-5;0;0;0;0;-333;0;0;0;0;0;0;0;0;0;0;0;0;0;0;0;0;5;0;0;2793;0;8685268;18046;10;0;27509;0;0;0;0
  Челябинская область;5238302;39643905;3;2949854;0;-299;0;36761;270415;1139876;469;113798;53;369037;69883235;730406;1015846;3271;71150505;308;0;0;0;0;0;0;0;0;0;0;0;305343;0;114738;966056;0;3092;136135;0;0;0;0;0;0;0;0;0;0;0;0;13204030;0;0;0;0;0;105;0;0;0;0;23265;0;0;0;0;0;0;0;0;0;411337;456251;0;0;113735;81039;2810235;31206;716459;2480611;6196;-282;1328248;1723078;226;2;267304;137814;0;144285;137166;0;0;292875;52571;0;0;0;234669;3390519;0;0;0;0;0;0;0;69491;3148;1;199;0;0;0;0;0;0;8;2;0;0;0;0;0;0;0;1;0;0;0;0;0;0;14;0;7;-1;0;11;6;0;4;9;0;0;0;0;0;157;0;-3;0;0;0;0;0;0;0;0;0;3;0;1;3;0;1;0;0;6587;0;5595763;72339;28;0;0;0;0;0;0
  Ярославская область;1803438;16735718;0;788134;0;0;0;35460;27851;324274;0;47;35754;5588;24113315;222615;281758;0;27747201;0;0;0;0;0;0;2974419;27857979;66742;0;24263161;35311;0;0;6209871;1726460;0;624;0;0;0;0;0;-42664;0;0;0;0;0;0;0;403548;0;0;0;0;0;0;0;118;0;0;0;0;0;0;0;0;0;0;0;0;436749;0;0;0;71472;67890;1248431;237198;261637;1243622;4083;0;795692;1;0;0;335430;143041;0;169745;0;0;0;217356;26068;0;0;0;30876;1303;0;0;0;0;0;0;0;9232;5052;0;239;0;0;0;0;0;0;1;0;0;228;0;0;0;0;0;7;0;0;0;0;7;0;26;1;114;0;0;10;0;0;595;0;0;0;0;0;4;151;1;0;0;0;0;0;0;0;0;0;0;16;0;0;0;0;11;0;0;105;0;2273789;30640;0;0;1;0;0;0;0
  г. Москва;170763610;745875863;34120522;45407150;-1447993;0;0;12716657;56714221;137188977;1981491;48299017;1532316;30696360;1007788503;2627937;52361022;2024039;1163327052;24309;0;0;58213;0;0;646820;32435004;-6650916;473996;15527443;21365;1475;0;894361;1818912;0;6554;679904;0;-748086;-6945692;36382814;380405;0;0;0;17654;25471;56602106;0;79004025;0;0;0;-924;0;0;34615;207107;0;975;654879;44333;0;0;0;23;0;0;6380412;23321809;0;0;0;0;0;0;33307858;6069;5454339;23635827;385340;15929498;1004;3;165;1;2057;445;579486;0;0;0;0;0;0;0;0;0;238;523;426910;0;0;0;0;0;0;87645;5;8569;164;0;0;0;0;0;-76;-672;0;0;0;0;0;0;0;0;0;0;0;0;0;0;0;3738;-122;-344;-104;551;0;0;0;0;0;12;1;0;0;227;630;-2;47;55;0;0;0;0;0;0;0;0;0;630;0;0;0;0;0;0;34;199107;16879701;1154071;104969;0;177;0;0;0;0
  г.Санкт-Петербург;33444536;163243306;370553;11356205;0;0;0;1671264;3421590;21769559;1048396;4267595;1440;3833680;262497406;2672856;10539785;374896;479044207;8912;0;0;80807;0;0;308643588;0;0;2555498;0;20621;637285;0;9282165;5753670;0;726935;476762;0;0;-1685927;0;-13790419;0;0;0;1859;2668769;46932829;0;10536360;0;0;0;1027;0;0;0;0;0;725;52588;0;0;0;0;0;0;0;0;4132396;0;0;0;0;0;0;8213465;2306;2443001;9859779;63706;5490819;1;0;4;0;1626;28;286887;0;0;0;0;0;0;577;0;0;1;20;10483214;0;0;0;0;0;0;6230;3693;-9218;16;0;0;0;0;0;0;0;0;0;0;495113;0;0;0;0;0;0;0;0;0;0;0;18;3;-53;11;42;0;0;0;0;0;0;0;0;0;4;66;0;0;8;0;0;0;0;0;0;0;0;0;0;0;0;0;0;0;0;553;23510;54776649;398817;9990;0;4010;0;0;0;0
  г.Севастополь;106099;1587161;0;4;0;0;0;72;2228;0;0;0;0;0;8238115;53045;98784;0;4885182;0;0;0;0;12074;7773;0;0;0;0;0;0;90379;91922;5623;4802;0;0;0;0;0;0;0;-1920;45;11776;0;0;0;0;0;18707;0;0;0;0;0;0;0;0;0;0;0;0;0;0;0;0;0;0;0;0;0;0;0;0;0;0;134372;0;30483;241991;2696;150994;0;0;0;0;0;0;8954;0;0;0;0;0;0;0;0;0;7548;0;0;0;0;0;0;0;0;16052;95;1759;365;0;0;0;0;0;0;0;0;0;0;0;0;0;0;0;0;0;0;0;0;0;0;0;0;0;0;0;0;0;0;0;0;0;0;0;0;0;0;0;0;0;0;0;0;0;0;0;0;0;0;0;0;0;0;0;0;0;-8;0;0;6433;0;0;0;0;0;0;0
  Еврейская автономная область;36404;460076;0;295819;0;0;0;0;50;-65824;0;0;0;0;3433020;22203;15432;-61;350815;0;0;0;0;0;0;0;0;0;0;0;0;0;0;131;0;0;4434;0;0;0;0;0;0;0;0;0;0;0;0;0;888;0;0;0;0;0;0;0;0;0;0;0;0;0;0;0;0;0;0;0;0;35963;0;0;0;4749;9253;394489;0;23672;134013;1414;0;17819;0;0;0;9016;4608;0;9794;0;0;0;8178;6975;0;0;0;18693;125575;0;0;0;0;0;0;0;8456;1287;0;0;0;0;0;0;0;0;0;0;0;0;0;0;0;0;0;0;0;0;0;0;0;0;0;2;1;0;0;0;0;0;0;0;0;0;0;0;0;0;0;0;0;0;0;0;0;0;0;0;0;0;0;0;0;0;0;0;0;1048;-6;0;3291;40;0;2545;0;0;0;0
  Ненецкий автономный округ;33419;2671627;0;1213422;0;0;1005089;8784;0;126;0;0;0;0;4307533;4376;11924;0;-7330806;0;0;0;0;0;0;0;0;0;0;0;0;0;0;5779;0;0;0;0;0;0;-23983;0;-48812;0;0;0;0;0;972076;0;0;0;0;0;0;0;0;0;0;0;0;0;0;0;0;0;0;0;0;0;0;8081;0;0;38;537;2071;2373123;0;10341;33178;154;0;16691;0;0;306;8236;3342;0;2258;0;0;7;1459;956;57941068;87685;17425;45710;-13;0;0;0;0;0;0;0;4437;0;7347;129;486307;0;0;0;0;0;0;0;0;0;0;0;0;0;0;0;0;0;0;0;0;0;0;0;2;0;0;0;0;0;0;0;0;0;0;0;0;0;0;0;0;0;0;0;0;0;0;0;0;0;0;0;0;0;0;0;0;42232;671;0;259;0;0;0;0;0;0;0
  Ханты-Мансийский автономный округ - Югра;7405134;37216699;25176053;89313187;0;0;0;555635;2950244;1110225;0;66440;0;580854;88244998;211189;416410;0;278927856;0;0;0;0;0;0;0;16405745;331112;0;8295474;0;0;0;83242;0;0;0;0;0;-113586;-620566;0;2017359;0;0;0;0;0;-2620275;0;714077;0;0;0;0;0;0;0;0;0;0;4480;0;0;0;34;0;0;0;0;0;611377;0;0;5783;37112;95054;15344890;890752;1488222;2122618;5409;0;991766;0;-2;173431;40661;121894;0;164096;0;0;5820;7395;34057;1579786997;301814;4607;736064;524;0;0;0;0;0;0;-4415;246275;44;16;2279;0;50500921;31984819;-47455;0;0;5;0;0;45;0;0;0;0;0;0;0;0;0;0;0;0;6;0;93;0;0;0;0;0;0;0;0;0;0;0;0;0;-1;0;0;0;0;0;0;0;0;0;0;0;0;2;0;0;79;0;0;218040;0;14614;60958;1;0;8821;0;0;0;0
  Чукотский автономный округ;1906133;10955912;0;1882590;0;0;0;8456;0;0;0;0;0;0;5516211;4625;80153;0;-8035979;0;0;0;0;0;0;0;0;0;0;0;0;0;0;4963;0;0;0;0;0;0;-11971;0;-2191;0;0;0;0;0;0;0;43811;0;0;0;0;0;0;0;0;0;0;0;0;0;0;0;0;0;0;0;0;2432;0;0;0;143;1191;279794;0;42784;42341;0;0;16665;0;0;76;724;2788;0;4049;0;0;0;28;123;0;5583;2;27507;5704925;0;0;3231;0;0;0;0;789;0;-3896;3879;0;0;0;0;0;0;0;0;0;0;0;0;0;0;0;0;0;0;0;0;0;0;0;0;4;0;0;0;0;0;0;0;0;0;0;0;0;0;0;0;0;0;0;0;0;0;0;0;0;0;0;0;0;0;0;0;0;9262;0;0;3316;0;0;0;0;0;0;0
  Ямало-Ненецкий автономный округ;5985270;39047909;0;33042564;0;0;0;1186767;2194673;4698687;1306;5159;40;440400;57249057;64395;189180;0;208377655;0;0;0;0;0;0;0;334013;-104594;0;309700;0;0;0;1270;0;0;0;0;0;0;-151937;0;257640;0;0;0;0;0;0;0;7316;0;0;0;0;0;0;0;0;0;0;0;0;0;0;0;0;0;0;0;0;113647;0;0;458;14041;31375;12098754;8060471;597002;659469;4585;-11;191561;0;0;1059;8373;9640;0;30385;0;0;1;1523;2313;179773624;448940536;110929821;870271;131123;0;0;0;0;0;0;-694;45423;0;658;1522;26705616;0;11668665;0;0;0;-6486;0;0;0;0;0;0;0;0;0;0;0;0;0;0;0;9;0;174;0;0;1;0;0;0;0;0;0;0;0;0;0;1;0;0;0;0;0;0;0;0;0;0;0;0;0;0;0;0;0;0;388947;0;0;31253;131;0;0;0;0;0;0
