GA;GB;G1;G2;G3;G4;G5;G6;G7;G8;G9;G10;G11;G12;G13;G14;G15;G16;G17;G18;G19;G20;G21;G22;G23;G24;G25;G26;G27;G28;G29;G30;G31;G32;G33;G34;G35;G36;G37;G38;G39;G40;G41;G42;G43;G44;G45;G46;G47;G48;G49;G50;G51;G52;G53;G54;G55;G56;G57;G58;G59;G60;G61;G62;G63;G64;G65;G66;G67;G68;G69;G70;G71;G72;G73;G74;G75;G76;G77;G78;G79;G80;G81;G82;G83;G84;G85;G86;G87;G88;G89;G90;G91;G92;G93;G94;G95;G96;G97;G98;G99;G100;G101;G102;G103;G104;G105;G106;G107;G108;G109;G110;G111;G112;G113;G114;G115;G116;G117;G118;G119;G120;G121;G122;G123;G124;G125;G126;G127;G128;G129;G130;G131;G132;G133;G134;G135;G136;G137;G138;G139;G140;G141;G142;G143;G144;G145;G146;G147;G148;G149;G150;G151;G152;G153;G154;G155;G156;G157;G158;G159;G160;G161;G162;G163;G164;G165;G166;G167;G168;G169;G170;G171;G172;G173;G174;G175;G176;G177;G178;G179;G180;G181;G182;G183;G184;G185;G186;G187;G188;G189;G190;G191;G192;G193;G194;G195;G196;G197;G198;G199;G200;G201;G202;G203;G204;G205;G206;G207;G208;G209;G210;G211;G212;G213;G214;G215;G216;G217;G218;G219;G220;G221;G222;G223;G224;G225;G226;G227;G228;G229;G230;G231;G232;G233;G234;G235;G236;G237;G238;G239;G240;G241;G242;G243;G244;G245;G246;G247;G248;G249;G250;G251;G252;G253;G254
Республика Адыгея;139897786;11415591;7423267;1681524;128557951;12056242;6994640;3600823;21822;1547;199288;0;471;0;11590525;610524;51;10980000;2558403;2196000;329400;152;0;0;0;492341;73809;129017;4957;19313;744;122105;0;0;0;0;0;0;0;0;122105;272;11281389;6201323;0;0;870;119;533;178;15;521731;643549;452185;436118;636609;438435;85614;8808;13750;17123;1762;2750;2568;264;412;0;1868;0;6;17;2;0;1;0;0;0;0;0;0;0;0;0;0;0;0;0;0;0;0;0;0;0;0;0;0;0;0;0;0;0;0;0;0;0;0;0;0;0;0;0;0;0;0;0;0;0;0;0;0;0;0;0;0;0;0;0;0;0;0;0;0;0;51785;0;0;31025;0;0;22488;0;0;675;0;0;1728;0;0;1;0;0;1620792;0;1347478;0;302529;0;60506;0;9076;0;29215;0;13;0;2;0;22219;19900;0;2451;132;490;74;3;1;0;0;0;0;0;0;0;0;0;0;0;0;0;0;0;3000;1841105;1621261;0;193177;26667;0;0;0;0;0;0;0;0;0;0;0;0;0;0;0;0;0;0;0;0;0;0;0;0;0;66667;0;0;0;0;0;0;0;0;24;11034;138979;0;0;0;0;0;0;0;0;0;0;0;0;0;0;0;0;0;0;0;0;0
Республика Башкортостан;4334266319;210366690;435352753;36965979;4176375410;230250548;249604187;42618829;1122373;103901;11719295;6672592;141417;3924;332905355;9862055;929;323043588;32086514;64001485;9682120;19075;1224708;9520940;22;8129075;1240461;9098024;63451;1055611;9519;1972411;557442;5;2351;39972;1;0;0;0;13317824;0;58191555;116067229;1236180;12448;15592;2158;6904;2077;1225;3048078;11963039;0;2865240;10779956;0;183831;1434577;0;36766;286916;0;5515;43037;0;993;251494;0;441;103;0;8;16;0;0;0;36920404;0;0;34755748;0;0;2340536;0;0;0;0;0;348568;0;0;70216;0;0;246757;0;0;96;0;0;12;0;0;0;0;0;0;0;0;0;0;0;0;0;0;0;0;0;0;0;0;0;0;0;0;0;0;0;0;0;0;0;18234;0;0;16546;0;0;1689;0;0;51;0;0;0;0;0;0;0;0;36425003;0;34171682;0;3212733;0;642546;0;96382;0;959412;0;54;0;10;0;698004;467608;0;239765;9370;47953;7193;10;8;3;0;0;0;0;0;0;0;145225111;144996209;22135570;22196276;81;78;49786;9617119;100781601;76507904;1671025;8725694;1071306;2050;66898;0;6519;0;1121071;0;0;1054450;0;0;0;0;0;0;0;40000;0;0;7273;0;0;0;160000;0;6519;0;3088;817009;3;26850;7;0;0;258;1701055;15966301;0;0;5259;4;106;1;0;0;0;0;0;0;0;1320318;8;615721;6;0;0;0;0
Республика Бурятия;397618026;23760105;73403350;6600453;294844581;29764108;81574343;9503559;16577;17765;9258309;32;22280;0;85338440;1151803;64;84186637;8889376;16504182;2525599;0;0;0;0;4826123;723918;272030;4361;42724;654;230361;333145;1;0;0;0;0;0;0;563506;200;2867365;28874697;0;0;1840;235;727;361;1159;620518;2233279;0;593831;1940037;0;26687;293242;0;5337;58648;0;801;8797;0;0;0;0;111;21;0;0;0;0;2354612;0;48158;2870512;0;269743;59794;0;0;0;0;0;11959;0;0;1794;0;0;576;0;221585;2;0;6;1;0;4;0;0;0;0;0;0;0;0;0;0;0;0;0;0;0;0;0;0;0;0;0;0;0;0;0;0;0;0;0;0;0;1369;0;0;2357;0;0;0;0;0;0;0;0;988;0;0;1;0;0;3454996;1225711;3403148;1014740;61928;210970;12386;42194;1858;6329;10081;0;6;1;1;0;32676;28441;0;4716;481;943;141;3;1;2;0;0;0;0;0;0;0;0;0;0;0;0;0;0;0;14711676;11556828;16250;3134379;4000;0;0;0;0;4000;0;0;0;0;0;0;0;0;0;0;0;0;0;0;0;0;0;0;0;0;0;2040;0;0;0;0;0;0;0;32;171579;2248454;0;0;0;0;0;0;0;0;0;0;0;0;0;58261;1;0;0;0;0;0;0
Республика Алтай;141410506;22181500;34531995;20123895;132451870;22485168;10714436;4595383;24922;1447;22841316;16461652;1885;0;9957917;160890;17;9797027;1235361;1825134;293911;0;0;0;0;149011;23769;159778;219;26885;33;32178;134273;43;0;0;0;0;0;0;166451;0;3757453;4265192;0;0;553;76;682;74;6;0;129719;0;0;108978;0;0;20741;0;0;4148;0;0;622;0;0;0;0;0;2;0;0;0;0;0;0;0;0;0;0;0;0;0;0;0;0;0;0;0;0;0;0;0;0;0;0;0;0;0;0;0;0;0;0;0;0;0;0;0;0;0;0;0;0;0;0;0;0;0;0;0;0;0;0;0;0;0;0;0;0;0;0;0;0;0;0;0;0;0;0;0;0;0;0;0;0;0;0;0;0;150317;0;115796;0;34937;0;6987;0;1048;0;417;0;6;0;1;0;0;0;0;0;0;0;0;0;0;2;0;0;0;0;0;0;0;337282;355458;23257134;23318420;0;0;2412;0;29187245;28882222;769;304254;0;0;0;0;0;0;0;0;0;0;0;0;0;0;0;0;0;0;0;0;0;0;0;0;0;0;0;0;0;0;0;0;0;0;0;5;116;36639;0;0;0;0;0;0;0;0;0;0;0;0;0;0;0;0;0;0;0;0;0
Республика Дагестан;247915146;14040270;10762947;2435746;233212905;18188108;9076304;2749551;91959;350526;4651;3290;0;0;16476194;420675;78;16055520;4114404;3197407;481659;0;13353;103564;2;606004;98120;213763;2056;32852;308;84135;13696;4;0;0;0;0;0;0;214748;0;1909467;31076491;0;0;1860;303;1455;842;32;1246165;1884190;0;1207563;1637962;0;41252;259898;0;8251;51980;0;1237;7797;0;2649;13671;0;52;36;0;1;6;0;0;0;366771;0;0;337774;0;0;34094;0;0;0;0;0;5114;0;0;1023;0;0;5098;0;0;7;0;0;3;0;0;0;0;0;0;0;0;0;0;0;0;0;0;0;0;0;0;0;0;0;0;0;0;0;0;0;0;0;0;0;0;0;0;0;0;0;0;0;0;0;0;0;0;0;0;0;0;0;1848946;0;1377970;0;471001;0;94200;0;14130;0;25;0;12;0;1;0;0;0;0;0;0;0;0;0;0;0;0;0;0;0;0;0;0;0;0;0;0;0;0;0;819545;282750;276746;844;5160;0;0;0;0;0;0;0;0;0;0;0;0;0;0;0;0;0;0;0;0;0;0;0;0;0;0;0;0;0;0;0;42623;1;0;0;12;5327;70986;0;0;0;0;0;0;0;0;0;0;0;0;0;0;0;0;0;0;0;0;0
Республика Ингушетия;33355221;6764681;360821;382192;30489958;8077010;496115;540000;18473;0;0;0;0;0;2748442;17780;11;2730662;1470137;546132;81920;0;0;0;0;156031;23529;14940;10;2241;2;3556;0;0;0;0;0;0;0;0;3556;0;296711;5801874;0;0;471;28;561;166;2;0;57369;0;0;52204;0;0;6433;0;0;1287;0;0;193;0;0;1269;0;0;2;0;0;1;0;0;0;0;0;0;0;0;0;0;0;0;0;0;0;0;0;0;0;0;0;0;0;0;0;0;0;0;0;0;0;0;0;0;0;0;0;0;0;0;0;0;0;0;0;0;0;0;0;0;0;0;0;0;0;0;0;0;0;0;0;0;0;0;0;0;0;0;0;0;0;0;0;0;0;0;0;2640924;0;2317283;0;323641;0;64728;0;9709;0;0;0;4;0;0;0;0;0;0;0;0;0;0;0;0;0;0;0;0;0;0;0;0;0;0;0;0;0;0;0;0;0;0;0;0;0;0;0;0;0;0;0;0;0;0;0;0;0;0;0;0;0;0;0;0;0;0;0;0;0;0;0;0;0;0;0;0;0;0;0;1;3560;23957;0;0;0;0;0;0;0;0;0;0;0;0;0;0;0;0;0;0;0;0;0
Кабардино-Балкарская Республика;124575983;13879422;6326972;922039;119595324;18269262;5261387;1540692;789579;850791;103;0;0;0;6836014;894173;47;5941841;4157702;1188368;178256;104;0;0;0;260494;39036;173759;3355;26159;523;178835;295;3;0;0;0;0;0;0;179130;0;1860118;7345923;0;0;953;140;926;459;1;1290169;492129;3073;1252254;480131;2004;39712;15995;1069;7942;3199;214;1191;480;32;1798;3997;0;28;25;4;4;1;0;0;0;0;0;0;0;0;0;0;0;0;0;0;0;0;0;0;0;0;0;0;0;0;0;0;0;0;0;0;0;0;0;0;0;0;0;0;0;0;0;0;0;0;0;0;0;0;0;0;0;0;0;0;0;0;0;0;0;0;0;0;0;0;0;0;0;0;0;0;0;0;0;0;0;0;0;6825445;0;5297972;0;1576817;0;315363;0;47305;0;49343;0;36;0;4;0;13340;13585;0;0;245;0;0;1;1;0;0;0;0;0;0;0;0;0;0;0;0;0;0;293;0;61125;25466;15007;20652;0;0;0;0;0;0;0;0;0;0;0;0;0;0;0;0;0;0;0;0;0;0;0;0;0;0;0;0;0;0;0;0;0;0;0;9;7661;95041;2140;1;0;0;0;0;0;0;0;0;0;0;0;0;0;0;0;0;0;0;0
Республика Калмыкия;18540590;2349391;457972;207859;17216671;3840674;377857;248826;1101;2677;246;1017;0;31;1404889;83704;11;1321185;1530622;264237;39636;0;0;0;0;113388;16992;12689;1247;1903;187;16741;0;0;0;0;0;0;0;0;16741;0;80578;5602659;0;2839;345;60;638;223;12;5944;215833;0;5945;202609;0;0;13224;0;0;2645;0;0;397;0;0;0;0;12;12;0;0;0;0;0;0;0;0;0;0;0;0;0;0;0;0;0;0;0;0;0;0;0;0;0;0;0;0;0;0;0;0;0;0;0;0;0;0;0;0;0;0;0;0;0;0;0;0;0;0;0;0;0;0;0;0;0;0;0;0;0;0;3360;0;0;3360;0;0;0;0;0;0;0;0;0;0;0;0;0;0;263450;0;182245;0;81204;0;16241;0;2436;0;0;0;8;0;0;0;9886;9956;0;0;70;0;0;1;1;1;0;0;0;0;0;0;0;0;0;1;13;0;0;0;0;1197;697;20;480;0;0;0;0;0;0;0;0;0;0;0;0;0;0;0;0;0;0;0;0;0;0;0;0;0;0;0;0;0;0;0;0;0;0;0;3;152;10436;0;0;0;0;1;1;0;0;0;0;0;0;0;0;0;0;0;0;0;0;0
Карачаево-Черкесская Республика;101547966;14126973;5735092;1852697;93849427;16093085;7455087;8295491;59985;39834;0;0;0;0;6038530;282925;31;5755605;8369072;1147306;171144;0;22;72;1;131625;19661;128946;195;19322;29;56585;2044;4;189;248;3;0;0;0;59160;0;1568060;9860682;0;0;545;88;790;182;9;222268;72867;315099;213344;67311;250429;9041;5556;64670;1808;1111;12934;271;167;1940;117;0;0;16;8;3;1;0;0;0;0;0;0;0;0;0;0;0;0;0;0;0;0;0;0;0;0;0;0;0;0;0;0;0;0;0;0;0;0;0;0;0;0;0;0;0;0;0;0;0;0;0;0;0;0;0;0;0;0;0;0;0;0;0;0;0;0;15956;0;0;15956;0;0;0;0;0;0;0;0;0;0;0;0;0;0;2840515;0;2148705;0;729027;0;145805;0;21871;0;37217;0;12;0;3;0;0;0;0;0;0;0;0;0;0;0;0;0;0;0;0;0;0;0;0;0;0;0;0;0;0;63100;31100;0;32000;0;0;0;0;0;0;0;0;0;0;0;0;0;0;0;0;0;0;0;0;0;0;0;0;0;0;0;0;0;0;0;0;0;0;0;5;5415;94076;715;1;1060;1;0;0;0;0;0;0;0;0;0;0;0;0;0;0;0;0;0
Республика Карелия;278270198;25668221;39277684;3288841;251767323;30514574;27544803;6997832;40090;29128;5143598;17096;48816;21;33083433;1484527;172;31598906;8543333;6009515;947961;0;0;0;0;1171573;199683;775098;22214;118200;3332;296905;310260;9;0;0;0;0;0;0;607165;0;14068359;39120113;0;0;1687;555;414;342;888;41499;1939188;0;40725;1707135;0;773;232053;0;155;46411;0;23;6962;0;0;0;0;13;37;0;0;0;0;6521486;0;3120089;6782904;0;3703963;0;0;105702;0;0;0;0;0;17922;0;0;3171;261418;0;735620;1;0;14;1;0;8;0;0;530679;0;0;655590;0;0;0;0;0;0;0;0;0;0;0;0;0;0;0;0;0;0;124911;0;0;1;0;0;1;97259;0;0;97259;0;0;0;0;0;0;0;0;0;0;0;0;0;0;7807369;0;6038919;0;1794281;0;358856;0;53828;0;25831;0;31;0;5;0;53151;49939;0;3212;0;642;96;3;0;0;0;0;0;0;0;0;0;0;0;58000;0;0;0;0;146832;81031555;80407542;385605;237440;0;0;836;836;0;0;0;0;0;0;0;0;0;0;0;0;0;0;0;0;0;0;0;0;0;0;3372;0;1214;2433;1;0;0;0;0;53;133358;1719752;2100;1;113;1;0;0;0;0;0;0;0;0;0;0;0;0;0;0;0;0;0
Республика Коми;585784335;71846017;51038030;7515328;496159453;78026640;43320035;11156474;127932;47111;434056;52419;2922;0;97034032;8754416;136;88279617;9827077;17655923;2648388;1950;0;0;0;1216842;182541;2608243;22725;391234;3409;1750883;0;0;0;0;0;0;0;0;1750883;162;60380365;51800757;0;0;1578;379;1199;183;61;506281;1750527;260214;455183;1678209;218290;51097;135600;41924;10220;27120;8385;1533;4069;1258;0;63282;0;167;32;32;0;8;0;0;0;47240;0;0;44672;0;0;2568;0;0;0;0;0;514;0;0;77;0;0;0;0;0;1;0;0;0;0;0;0;0;0;0;0;0;0;0;0;0;0;0;0;0;0;0;0;0;0;0;0;0;0;0;0;0;0;0;0;415278;0;0;393342;0;0;24659;0;0;739;0;0;2723;0;0;2;0;0;0;1930724;0;1692526;0;238198;0;47640;0;7146;0;0;1;1;0;0;1371128;1732767;0;6643;368282;1329;199;7;3;5;0;0;0;0;0;0;0;50208;50591;2455744;2455543;0;0;201;17872;76604870;70940859;37769;834532;4654395;0;4506;0;0;0;40500;0;0;234028;0;0;0;0;0;0;0;0;0;0;0;0;0;0;0;0;4193520;0;11040;0;0;0;0;0;0;46;1037708;4296449;0;0;1432;1;0;0;0;0;0;0;0;0;0;190310;4;239830221;1;0;0;0;0
Республика Крым;457054942;114929535;151158362;12796610;446007418;123650967;114053369;11168531;170603;46158;2393701;1254918;23182;0;45906262;2923330;228;42993062;8302112;8598635;1289407;0;0;0;0;1376699;206231;1383024;21784;207361;3266;584666;0;0;0;0;0;0;0;0;584666;0;7969512;41591129;0;0;4597;527;3170;315;425;1195785;3082655;0;999421;2824270;0;196364;266534;0;39273;53307;0;5891;7996;0;0;8149;0;349;39;0;0;1;0;0;0;0;0;0;0;0;0;0;0;0;0;0;0;0;0;0;0;0;0;0;0;0;0;0;0;0;0;304807247;0;0;285106650;0;0;897867;0;0;25911427;0;0;0;3039018;0;0;2143318;0;0;777293;0;0;7070018;0;0;594;0;0;71;0;10882;0;0;8088;0;0;2793;0;0;84;0;0;0;0;0;0;0;0;13932239;0;12895908;0;1612922;0;322584;0;48388;0;576591;0;35;0;2;0;82857;54439;0;30407;1989;6081;912;16;3;13;0;0;0;0;0;0;0;23771;23849;2573;2473;0;0;100;132600;5059733;3281707;444933;1238935;87787;0;1032;0;0;0;87787;0;0;87051;0;0;0;0;0;0;0;0;0;0;0;0;0;0;0;0;0;0;0;0;0;0;0;0;0;42;114177;1048183;7055;2;364;1;86;1;0;0;0;0;0;0;0;0;0;0;0;0;0;0;0
Республика Марий Эл;309531170;21911863;10942094;716215;286649336;24096790;10317206;1420830;87183;44776;370722;19637;14326;178730;23209075;1242879;107;21966196;3043133;4393239;658986;0;0;0;0;921895;138246;449535;6320;67442;948;248576;0;0;0;0;0;0;0;0;248576;0;5347831;5925002;1178;0;2011;185;592;102;4;1014864;1915816;8735;975231;1668205;8639;39632;258619;95;7926;51724;19;1189;7759;3;0;7116;0;122;33;1;0;4;0;0;0;0;0;0;0;0;0;0;0;0;0;0;0;0;0;0;0;0;0;0;0;0;0;0;0;0;0;0;0;0;0;0;0;0;0;0;0;0;0;0;0;0;0;0;0;0;0;0;0;0;0;0;0;0;0;0;0;327997;0;0;301039;0;0;26942;0;0;808;0;0;0;0;0;0;0;0;12065716;0;11121226;0;1886510;0;377302;0;56595;0;942020;0;17;0;3;0;35074;38908;0;1004;4838;201;30;4;2;0;0;0;0;0;0;0;0;180633;173178;5180;16262;0;0;0;15398;1322396;528381;288403;362877;285;0;90;0;0;0;90;0;0;0;0;0;0;0;0;0;0;0;0;0;0;0;0;0;0;0;0;0;0;0;0;0;0;0;0;27;34158;370323;1070;2;900;1;0;0;0;0;0;0;0;0;0;0;0;0;0;0;0;0;0
Республика Мордовия;473673173;13947502;18786601;1664309;432588803;15622142;23235803;2523920;223412;98807;1938909;77859;4644;7;34915027;2290473;137;32624554;2512993;6345947;978735;165;0;0;0;1024274;165689;487244;2707;73212;406;458095;178962;8;0;0;0;0;0;0;637057;56;17275017;11937809;0;0;2067;312;1903;453;27;136205;1773090;0;133756;1718294;0;2449;54796;0;490;10959;0;73;1644;0;0;0;0;22;21;0;0;0;0;0;0;3826567;0;0;3188626;0;0;701555;0;0;0;0;0;105209;0;0;21047;0;0;69378;0;0;16;0;0;6;0;0;0;0;0;0;0;0;0;0;0;0;0;0;0;0;0;0;0;0;0;0;0;0;0;0;0;0;0;0;0;18513;0;0;16560;0;0;1953;0;0;59;0;0;0;0;0;0;0;0;52609229;0;39429107;0;13196265;0;2639253;0;395888;0;16143;0;40;0;2;0;81897;81314;0;1768;1185;354;53;6;3;0;0;0;0;0;0;0;0;225206;220363;354093;355652;0;0;317;0;3892852;2097337;1511374;283324;1;0;0;0;0;0;0;0;0;0;0;0;0;0;0;0;0;0;0;0;0;0;0;0;0;0;0;0;0;0;0;767;1;0;0;42;80105;999515;0;0;0;0;0;0;0;0;0;0;0;0;0;85693;2;0;0;0;0;0;0
Республика Саха (Якутия);993407346;131949784;149983992;51129445;764362930;160727624;119304939;46600052;227895;457122;10886952;2260632;1664864;499;247354275;3087186;140;244267088;26052455;48850237;7324832;0;0;0;0;6854696;1027763;1336769;180306;200605;27046;617437;0;0;0;0;0;0;0;0;617437;0;54269916;120707737;28058;0;2137;608;2533;313;42;752428;1751337;44295;728979;1523139;44295;35393;239799;0;7079;47960;0;1062;7194;0;11944;11601;0;164;35;1;3;5;0;266056466;13058069;127669850;227281932;11632509;99926264;40029329;2141175;21900440;0;0;0;3914422;144392;1721427;1182115;63949;43509;6850348;715615;774379;11;6;35;3;2;14;0;0;0;0;0;0;0;0;0;0;0;0;0;0;0;0;0;0;0;0;0;0;0;0;0;0;0;0;0;0;0;56152;0;0;53829;0;0;2323;0;0;70;0;0;0;0;0;0;0;0;432227;745934;390597;712331;70051;33603;14010;6721;2102;1008;28421;0;9;2;4;0;1296334;1605456;4219;117325;430667;23465;3520;5;1;1;0;0;0;0;0;0;0;6894343;6922431;5719218;6494769;0;0;4816;37000;72862304;41378050;90561;230646;31098159;0;713;0;18632484;0;0;0;0;10985;0;0;0;0;0;12463200;0;0;0;0;0;0;0;0;0;0;18632484;0;0;0;0;0;0;0;0;71;2201679;16667899;0;0;0;0;2598;1;0;0;0;0;0;0;0;1497082;3;53896;1;0;0;0;0
Республика Северная Осетия - Алания;104306801;12777079;2409614;1323632;97459783;15451569;3298960;2834833;8527;24557;1450;269;0;0;5964749;214365;57;5750384;4161402;1140185;172406;0;0;0;0;266484;40610;112293;4611;16865;692;42873;8992;2;0;0;0;0;0;0;51865;0;924148;12923091;0;0;852;135;947;406;22;851343;535736;37500;632680;478773;37500;227185;57529;0;45437;11506;0;6816;1726;0;8523;741;0;50;9;1;2;2;0;0;0;0;0;0;0;0;0;0;0;0;0;0;0;0;0;0;0;0;0;0;0;0;0;0;0;0;0;0;0;0;0;0;0;0;0;0;0;0;0;0;0;0;0;0;0;0;0;0;0;0;0;0;0;0;0;0;0;338;0;0;0;0;0;338;0;0;10;0;0;0;0;0;0;0;0;2658099;0;2530873;0;338769;0;67754;0;10163;0;211543;0;11;0;4;0;0;0;0;0;0;0;0;0;0;0;0;0;0;0;0;0;0;0;0;0;0;0;0;0;0;129741;500;0;125999;0;0;0;0;0;0;0;0;0;0;0;0;0;0;0;0;0;0;0;0;0;0;0;0;0;0;0;0;0;0;0;0;0;0;0;6;8243;47606;0;0;0;0;0;0;0;0;0;0;0;0;0;0;0;0;0;0;0;0;0
Республика Татарстан;8932669647;305694635;1962934254;188716682;8326059131;345568393;1516324711;188238381;4754749;2346759;79231413;18902984;739570;3264;977981545;60290383;1279;917691161;55701567;179871642;27302947;238564;0;0;0;24649070;3724751;4386586;101723;738363;15330;12058077;20935;4;225857;3417867;38;0;0;0;15722736;0;255270510;360194866;137362;414242;30095;2360;12772;1655;79;7129841;15076035;0;6672846;13272171;0;671209;1923705;0;134242;384740;0;20137;57711;0;214213;119841;0;140;134;0;1;8;0;0;0;96949632;0;0;86931096;0;0;10249588;0;0;0;0;0;1393016;0;0;253329;0;0;1181226;0;0;88;0;0;25;0;0;273536815;0;0;263775196;0;0;0;0;0;10151297;0;0;0;42232;0;0;1988027;0;0;304539;0;0;0;0;0;2;0;0;0;41061;0;0;30261;0;0;10801;0;0;324;0;0;0;0;0;0;0;0;127853542;0;115502136;0;14221498;0;2844300;0;426645;0;1870092;0;201;0;27;0;14856737;14193363;0;1414327;750953;282865;42430;32;15;6;0;0;0;0;0;0;0;8471217;8577043;15183113;15743368;0;0;295481;37597128;136507757;47501167;54160587;33001182;1502146;0;42698;0;106625;32557;107036;0;0;2093412;0;6646;0;0;0;0;0;20000;500000;3021;69993;112500;0;0;7;0;36036;35325;1513803;203810;1;16300;3;0;0;465;6237202;45997882;63737;4;0;0;36888;2;0;0;0;0;0;0;0;875755;16;4803;3;0;0;0;511171
Республика Тыва;24177629;3590694;6098004;1710319;23759997;4448578;3486021;1554940;187;37391;504;0;0;0;3031162;96007;10;2935155;665114;587031;88055;0;1656;8273;1;292362;43854;28233;13905;4401;2086;19201;0;0;0;0;0;0;0;0;29130;0;11773298;6197130;0;0;333;38;165;25;735;251260;75832;0;251260;72586;0;0;3246;0;0;649;0;0;97;0;0;0;0;50;7;0;0;0;0;23398683;7480980;0;15878662;5804827;0;3759200;882063;0;0;0;0;375920;26462;0;112776;26462;0;0;0;0;1;2;0;0;0;0;0;0;0;0;0;0;0;0;0;0;0;0;0;0;0;0;0;0;0;0;0;0;0;0;0;0;0;0;0;0;0;0;0;0;0;0;0;0;0;0;0;0;0;0;0;0;0;0;0;4;0;14;0;0;0;0;0;0;0;10;0;2;0;1;0;0;0;0;0;0;0;0;0;0;0;0;0;0;0;0;0;0;0;0;1475;500;0;0;975;158785;38;0;38;0;0;0;0;0;0;0;0;0;0;0;0;0;0;0;0;0;0;0;0;0;0;0;0;0;0;0;1752382;375073;0;0;0;0;0;0;0;6;34751;186081;0;0;0;0;0;0;0;0;0;0;0;0;0;0;0;0;0;0;0;0;0
Удмуртская Республика;1220426731;190824371;86889772;276987213;1141746148;186329592;78844265;293667103;315593;51019;4127223;956021;137551;0;83008139;4913929;357;78095294;12708794;15587825;2342500;21773;30846;312028;8;2087443;320152;647133;51766;95689;7765;982786;28033;2;0;0;0;0;0;0;1353693;189;22755603;39433393;15;0;8427;764;3444;525;64;1172609;4612142;8675;1088781;4087201;8592;84213;541036;83;16843;108207;17;2526;16231;2;385;16095;0;192;59;1;3;2;0;0;0;4759249;0;0;4341377;0;0;492770;0;0;0;0;0;73916;0;0;14783;0;0;137874;0;0;30;0;0;10;0;0;2936067;0;0;3400352;0;0;0;0;0;0;0;0;0;0;0;0;0;0;0;0;0;0;464285;0;0;1;0;0;1;113000;0;0;112649;0;0;351;0;0;11;0;0;0;0;0;0;0;0;32161597;0;29781845;0;3093591;0;618719;0;92808;0;713839;0;54;0;4;0;50680;50074;0;1213;606;243;36;4;2;1;0;0;0;0;0;0;0;11500906;11166196;304668;303245;352834;147472;210489;188266;4952669;3549216;435737;948951;15176;0;1010;0;0;0;42;0;0;0;0;0;0;0;0;0;0;0;0;0;0;0;0;0;0;0;0;0;874;0;0;4438;4;0;0;142;387472;5098417;1176;1;42;1;0;0;0;0;0;0;0;0;0;25467;5;0;0;0;0;0;0
Республика Хакасия;264247230;132747413;44964567;6003817;198717876;129556911;51980052;18293275;84851;40408;3009129;0;298;254;55589294;541954;64;55047340;9053514;11009468;1651420;0;0;0;0;1462688;219382;357289;698;53594;105;108391;0;0;0;0;0;0;0;0;108391;0;1258963;18456090;0;3125;1187;145;1043;58;14;319263;1197744;0;312224;1129418;0;7039;80649;0;1408;16130;0;211;2419;0;0;12322;0;92;23;0;0;1;0;200621;0;0;488143;0;0;0;0;0;0;0;0;0;0;0;0;0;0;287523;0;0;1;0;0;1;0;0;0;0;0;0;0;0;0;0;0;0;0;0;0;0;0;0;0;0;0;0;0;0;0;0;0;0;0;0;0;0;0;1326;0;0;1326;0;0;0;0;0;0;0;0;0;0;0;0;0;0;833936;0;752191;0;91186;0;18237;0;2736;0;9440;0;13;0;3;0;1432;2334;0;0;902;0;0;1;1;0;0;0;0;0;0;0;0;0;0;38055;36168;0;0;5287;0;9177735;9022522;12609;142604;0;0;0;0;0;0;0;0;0;0;0;0;0;0;0;0;0;0;0;0;0;0;0;0;0;0;0;0;0;0;0;0;0;0;0;29;110696;2461149;0;0;0;0;0;0;0;0;0;0;0;0;0;400786;1;129;1;0;0;0;0
Чеченская Республика;299581431;31838300;46344180;5193242;295306774;35331595;6985862;6151260;103048;42375;39243052;0;0;0;4492972;51383;28;4441589;4408938;874519;133056;14;0;0;0;269986;41263;51425;6642;7714;996;10277;5939;2;0;4884;1;0;0;0;21100;0;1311997;18961461;0;0;1360;98;1432;451;4;777661;314176;0;777315;307241;0;347;6582;0;69;1316;0;10;197;0;0;0;0;80;21;0;0;0;0;144221;0;0;198605;0;0;170;0;0;0;0;0;6;0;0;0;0;0;54554;0;0;3;0;0;1;0;0;0;0;0;0;0;0;0;0;0;0;0;0;0;0;0;0;0;0;0;0;0;0;0;0;0;0;0;0;0;0;0;0;0;0;0;0;0;0;0;0;0;0;0;0;0;0;0;0;0;2628495;0;2499164;0;160697;0;32139;0;4821;0;31367;0;18;0;4;0;0;0;0;0;0;0;0;0;0;0;0;0;0;0;0;0;0;0;0;0;0;0;0;0;0;5316;4575;0;741;0;0;0;0;0;0;0;0;0;0;0;0;0;0;0;0;0;0;0;0;0;0;0;0;0;0;0;0;0;0;0;0;0;0;0;1;0;2675;0;0;0;0;0;0;0;0;0;0;0;0;0;0;0;0;0;0;0;0;0
Чувашская Республика - Чувашия;561453423;35030688;25577887;2710690;510983464;38306297;18576960;9284298;245681;937516;3743487;169544;22104;0;53951161;1559674;234;52391516;8779244;10478297;1571745;592;0;0;0;2089776;313437;459325;139679;68881;20952;311935;0;0;0;0;0;0;0;0;311935;0;8187269;57828961;7553;398663;4146;279;1040;442;1044;2037938;2801538;0;1882666;2535010;0;155272;266528;0;31054;53306;0;4658;7996;0;0;0;0;116;29;0;0;0;0;0;0;638549;0;0;618896;0;0;27526;0;0;0;0;0;4129;0;0;826;0;0;8343;0;0;4;0;0;1;0;0;0;0;0;8131;0;0;0;0;0;0;0;0;0;0;0;0;0;0;0;0;0;0;8131;0;0;1;0;0;1;101440;0;0;100580;0;0;861;0;0;26;0;0;0;0;0;0;0;0;1805135;0;1395261;0;409874;0;81975;0;12296;0;0;0;12;0;0;0;49681;48320;0;1778;417;356;53;4;1;1;0;0;0;0;0;0;0;1284975;1416962;401969;1316008;300429;300000;302192;849995;9316921;4762236;461011;4011655;0;0;2281;0;0;0;2280;0;0;0;0;0;0;0;0;0;0;0;0;0;0;0;0;0;0;0;0;0;0;0;0;12456;3;0;0;104;160556;942055;581;1;360;1;0;0;0;0;0;0;0;0;0;0;0;0;0;0;0;0;0
Алтайский край;1463194515;50640841;55334563;6054817;1372497314;55487044;49182142;8581408;194944;291521;1606891;84772;26828;743;95413784;3874070;339;91539713;7166789;18307942;2746190;0;0;0;0;3172520;475878;1053641;40180;158046;6028;774814;0;0;0;0;0;0;0;0;774814;0;7998334;17935474;3171;0;9293;783;4151;353;53;1489025;4941813;0;1460410;4205941;0;28688;742579;0;5737;148515;0;861;22277;0;71;6707;0;136;81;0;1;3;0;0;0;4395237;0;0;4180907;0;0;282590;0;0;0;0;0;42389;0;0;8478;0;0;68260;0;0;14;0;0;5;0;0;0;0;0;0;0;0;0;0;0;0;0;0;0;0;0;0;0;0;0;0;0;0;0;0;0;0;0;0;0;85281;0;0;86565;0;0;0;0;0;0;0;0;1285;0;0;1;0;0;70012236;0;48465707;0;21987544;0;4397509;0;659626;0;441016;0;293;0;22;0;52080;45875;0;7839;1635;1568;235;9;3;1;0;0;0;0;0;0;0;1827508;1842482;495674;496987;0;0;2936;793647;24240529;22287506;277447;1543565;74250;0;132;0;0;18000;6;0;0;0;0;0;0;0;0;0;0;0;0;0;0;0;0;0;0;0;0;18000;56250;0;0;0;0;0;0;140;312159;1526856;340;1;80;1;0;0;0;0;0;0;0;0;0;0;0;0;0;0;0;0;0
Краснодарский край;7479409467;650135556;642620097;157581795;6869410582;684897815;581307212;307240558;1251149;297330;26774635;8822878;197406;2658;645727300;33806376;1549;611922066;192945525;120560410;18357271;35524;307600;2040395;28;19643802;3058630;5760511;289326;1002265;43399;6761275;1816671;7;0;0;0;0;0;0;10925941;115587;1073553270;433049666;12254;303836;19035;3680;9465;1719;207;6536720;27225275;410985;6077363;22683542;330263;469662;4562459;80722;93933;912491;16144;14090;136873;2422;10303;20966;0;959;201;1;25;11;0;0;0;0;0;0;0;0;0;0;0;0;0;0;0;0;0;0;0;0;0;0;0;0;0;0;0;0;0;0;0;0;0;0;0;0;0;0;0;0;0;0;0;0;0;0;0;0;0;0;0;0;0;0;0;0;0;0;0;1666867;0;0;1426818;0;0;242329;0;0;7270;0;0;2281;0;0;5;0;0;166948602;0;122148849;0;54519396;0;10903879;0;1635582;0;9719644;0;218;0;24;0;13090423;7788815;2378373;2947545;28174;679699;177961;33;16;15;0;0;0;0;0;0;0;274914360;281747005;1215888;1211177;18971920;19104456;9095;2328962;139077264;67477398;8805949;11883366;48711351;0;105128;0;18168972;21217402;8201268;0;0;5246644;0;9791270;4962165;1158290;1323760;0;0;1158290;86458;989990;70255;0;0;0;11901;0;9554280;14614649;1656211;0;0;103;1;0;0;312;3064688;16081979;29860;3;13650;7;0;0;0;0;0;0;0;0;0;328125;4;170063;4;0;0;0;0
Красноярский край;5458169658;629253440;614983197;194430256;4304955462;642892027;605761112;131031364;1209975;512689;62128549;154181123;3048457;1205;1098491871;9140611;536;1089351260;96570308;217190392;32680537;254;0;0;0;75286207;11366856;6326567;296543;948985;44481;1828122;679861;1;0;0;0;0;0;0;2507983;27;175719307;419303977;47934019;0;12438;1442;5412;889;365;2521775;9942340;0;2438092;8262913;0;84650;1784170;0;16931;356834;0;2539;53526;0;967;104740;0;631;99;0;3;8;0;8082961;303933;57452;16391109;231412;57772;0;72521;496;0;0;0;0;2176;74;0;2176;15;8308148;0;816;1;1;5;1;0;1;0;0;0;0;0;0;0;0;0;0;0;0;0;0;0;0;0;0;0;0;0;0;0;0;0;0;0;0;0;0;0;926031;0;0;863038;0;0;62993;0;0;1890;0;0;0;0;0;1;0;0;51841455;0;41628758;0;10295497;0;2059099;0;308865;0;82800;0;80;0;6;0;21081968;20339342;12971;3725264;2995609;745053;111758;17;6;8;0;0;0;0;0;0;0;244935;256856;3358687;12276753;1489479;3827716;19551;919723;122162350;83995021;2609106;7736703;13381232;0;12048;0;12906111;0;109652;0;0;96144;0;150712;0;0;0;0;0;0;0;0;0;0;0;0;0;0;37880038;0;0;0;0;980;2;0;0;246;12259763;59741585;0;0;12880;2;0;0;0;0;0;0;0;0;0;2612638;10;7753107;5;0;0;0;0
Приморский край;2983178870;501339537;400707595;627524600;2738904329;701216407;396483236;660267159;1801774;847648;9296547;166775891;263380;295;240746861;7985788;547;232761254;385949045;45593335;6977764;211;142202;1118714;8;5904265;924771;4136883;194996;633215;23049;1597158;958217;5;0;0;0;0;0;0;3816291;27984;44630974;542292724;4214;24470;9158;1947;4491;1372;91;2590720;10235748;0;2436691;8857844;0;154537;1456700;0;30908;291340;0;4635;43701;0;510;78796;0;350;78;0;3;10;0;4367996;0;143922383;4309606;0;170699303;58390;0;2683721;0;0;0;0;0;526858;0;0;78230;0;0;29475982;1;0;53;0;0;35;0;176120122;0;0;143091124;0;0;122076;0;0;38467734;0;0;0;123226;0;0;7533353;0;0;1117064;0;0;5560814;0;0;394;0;0;146;0;124560;108083;0;127402;99460;0;3127;8623;0;94;259;0;5970;0;0;1;0;0;29590437;0;29443847;0;2895027;0;579006;0;86851;0;2748437;0;44;0;14;0;8182860;8120862;4631;340179;282812;68035;10205;29;13;58;0;0;0;0;0;0;0;285001619;462813458;43807425;43741370;52138726;39616034;12605212;791324;26040972;10084233;10997073;3841972;603276;66616;425676;0;424721;39199;553279;0;0;0;0;680000;0;0;0;0;0;0;0;0;0;0;0;0;1796;0;64040;32797;150941;0;0;0;0;0;0;139;629446;8017130;0;0;13293;2;2649;1;0;0;0;0;0;0;0;83214;1;0;0;0;0;0;0
Ставропольский край;1372691814;140445725;58555694;22311538;1216851375;151614515;64384245;26408354;224858;44734;418083;8617969;11045;274;149812570;3636530;292;146176044;19624387;29209318;4385281;0;1291646;6284533;1;2167665;327342;8696666;33733;1460012;5010;727306;25891;7;0;0;0;0;0;0;8329376;136;18365964;56131409;0;0;7236;570;4195;743;53;1477220;6548331;1090774;1403240;5466670;1050299;78800;1082397;40475;15760;216479;8095;2364;32472;1214;4820;736;0;201;65;3;2;2;0;0;0;10581369;0;0;9189757;0;0;1409869;0;0;0;0;0;211480;0;0;42296;0;0;26418;0;0;16;0;0;4;0;0;0;0;0;0;0;0;0;0;0;0;0;0;0;0;0;0;0;0;0;0;0;0;0;0;0;0;0;0;0;217055;0;0;214996;0;0;2059;0;0;62;0;0;0;0;0;0;0;0;134064568;0;114366281;0;24497324;0;4899465;0;734920;0;4799037;0;258;0;34;0;6127545;5835544;17745;282370;8114;56474;8471;20;8;4;0;0;0;0;0;0;0;26046111;26012934;24804771;20587549;21890;11922;4224632;2273375;41148745;38349659;657061;1600838;525429;0;739;0;0;10567;15;0;0;514363;0;0;0;0;0;0;0;0;4244;0;0;0;0;0;0;0;0;17601;12;0;0;173673;1;0;0;99;470438;5121681;0;0;102209;1;0;0;0;0;0;0;0;0;0;1058799;3;328824;3;0;0;0;0
Хабаровский край;1313816560;237853489;112975332;31897397;1180013722;290518784;118742971;50339954;1943253;477696;400745;248859;75244;17584;129546683;20471023;421;109075660;70896410;21811747;3271502;0;1202;2805;1;4432450;664590;1820713;34064;273568;5110;4094204;0;0;0;0;0;0;0;0;4098211;162;59921019;266375459;0;0;5190;1299;2514;455;43;622436;6428167;696278;695204;5574146;604991;50867;880577;91287;10173;176115;18257;1526;26417;2739;0;24607;0;12;70;5;0;4;0;1922852;0;93962479;1921409;0;108485649;1443;0;5101219;0;0;0;144;0;944585;43;0;135578;0;0;19665275;1;0;50;0;0;20;0;24298554;0;0;20033979;0;0;3991639;0;0;914105;0;0;0;0;0;0;182821;0;0;27423;0;0;641168;0;0;13;0;0;6;0;11081;63814;0;10012;28572;0;1069;35242;0;32;1057;0;0;0;0;0;0;0;387286;0;369499;0;48727;0;9745;0;1462;0;30939;0;15;0;7;0;93960;93369;0;24530;23939;4906;736;4;1;1;0;0;0;0;0;0;0;42702;35099;42109;2615;0;0;25433;0;10735795;9609347;208875;860201;403;0;470;0;0;0;470;0;0;0;0;0;0;0;0;0;0;0;0;0;0;0;0;0;0;0;0;1843598;0;0;0;0;0;0;0;119;1514193;5961842;0;0;0;0;0;0;0;0;0;0;0;0;0;61944;2;0;0;0;0;0;0
Амурская область;477067421;146081168;23773783;353521388;437991892;170346136;23959111;379874072;226072;954095;21196;1427005;2;18063;39095077;986727;145;38108350;51108625;7621670;1143251;0;5552;32421;2;2089868;313357;664227;24259;100052;3639;197345;2432;9;0;0;0;0;0;0;237750;0;5365706;112884215;1682;0;2158;548;1820;350;63;1230002;2341018;213602;1193037;2196298;216526;38623;147739;1582;7725;29548;316;1159;4432;47;1658;3019;4506;72;30;6;7;2;1;0;186950;19316642;0;176235;18251923;0;10715;1120224;0;0;0;0;321;165052;0;321;19993;0;0;55505;1;0;17;0;0;5;0;0;0;0;0;0;0;0;0;0;0;0;0;0;0;0;0;0;0;0;0;0;0;0;0;0;0;0;0;0;0;74981;0;0;73004;0;0;1977;0;0;59;0;0;0;0;0;0;0;0;37363672;200737;31804913;201132;7356717;0;1471343;0;220702;0;1797958;395;110;1;12;1;146705999;146102992;0;4635484;4032478;927097;139065;15;8;5;0;0;0;0;0;0;0;11119;11109;0;0;0;0;0;0;1117057;811643;28059;277355;0;0;0;0;0;0;0;0;0;0;0;0;0;0;0;0;0;0;0;0;0;0;0;0;0;0;0;0;0;0;0;0;0;0;0;42;249548;2950517;0;0;0;0;0;0;0;0;0;0;0;0;0;199270;3;735834;2;0;0;0;0
Архангельская область;797184833;78296393;204373824;19919877;703895921;108554340;177702760;21628181;482398;145328;1350216;14020;34112;66602;119059124;19970866;187;99088257;31901545;18798666;2972648;0;0;0;0;4853948;738056;661642;36041;101781;5406;3994173;1018986;4;0;0;0;0;0;0;5013159;5657;32284244;84291583;110426;0;2322;441;995;215;356;874090;2281050;30038;849597;1969279;25565;30058;317385;4473;6012;63477;895;902;9522;134;5566;5614;0;129;31;2;7;1;0;0;0;0;0;0;0;0;0;0;0;0;0;0;0;0;0;0;0;0;0;0;0;0;0;0;0;0;0;0;0;0;0;0;0;0;0;0;0;0;0;0;0;0;0;0;0;0;0;0;0;0;0;0;0;0;0;0;0;565693;0;0;562423;0;0;12333;0;0;370;0;0;9063;0;0;5;0;0;5025731;0;4332307;0;734464;0;146893;0;22034;0;41040;0;14;0;2;0;258460;366850;0;6801;115191;1360;204;7;3;3;0;0;0;0;0;0;0;6984;6301;75000;83369;0;0;1076;0;8762851;7596016;100807;826239;163808;0;8335;0;61560;0;68333;0;0;0;0;0;0;0;0;0;0;0;0;0;0;0;0;0;42248;0;1792512;0;23250;0;0;0;0;0;0;75;1052048;3684193;0;0;0;0;0;1;0;0;0;0;0;0;0;154559;2;0;0;0;0;0;0
Астраханская область;163514747;40180961;19563358;12805021;153491033;44569951;16052152;17710196;37857;135452;93;29881;345;0;13572338;1794139;133;11780584;9188594;2317527;351286;0;0;0;0;551865;82794;150678;43902;25014;7614;358828;185;3;2134;36282;1;0;0;0;397429;0;3452414;65366176;480;371841;1621;392;1421;208;14;3242531;1375995;510907;3224455;1301915;515766;161007;93327;0;32201;18665;0;4830;2800;0;142931;19246;4859;23;32;2;2;5;1;0;0;0;0;0;0;0;0;0;0;0;0;0;0;0;0;0;0;0;0;0;0;0;0;0;0;0;0;0;0;0;0;0;0;0;0;0;0;0;0;0;0;0;0;0;0;0;0;0;0;0;0;0;0;0;0;0;0;76281;0;0;78677;0;0;151;0;0;5;0;0;2547;0;0;2;0;0;8853992;0;8001499;0;953997;0;190799;0;28620;0;101505;0;24;0;5;0;3983186;3981359;0;30505;28679;6101;915;9;5;3;363720940;158214164;0;213676180;44274873;8169404;1;149338;145641;0;0;0;0;0;0;45567822;45375481;42359;61158;80526;0;988;0;20526;0;0;0;0;0;0;0;0;0;0;0;0;0;60000;0;0;0;0;0;0;0;20734;0;19600;0;0;0;0;0;0;22;2349615;6428192;31;1;0;0;0;0;0;0;0;0;0;0;0;751;1;0;0;0;0;0;0
Белгородская область;2143281702;125024173;212460807;7822147;1912580120;129058369;226038064;12875538;858009;42658;12025398;1776062;26350;24;206013136;4781453;350;201231683;10797101;40246414;6036827;41209;0;0;0;8983452;1347674;1401049;55836;209932;8375;956291;163;1;0;0;0;0;0;0;956454;383;64822212;24275150;0;0;7938;693;3694;350;76;1862315;3207076;0;1840636;2877703;0;25939;329554;0;5188;65911;0;778;9887;0;4260;5508;0;193;32;0;3;2;0;0;0;2671127;0;0;2587342;0;0;117876;0;0;0;0;0;17682;0;0;3536;0;0;57063;0;0;29;0;0;5;0;0;0;0;0;0;0;0;0;0;0;0;0;0;0;0;0;0;0;0;0;0;0;0;0;0;0;0;0;0;0;22012;0;0;17501;0;0;4856;0;0;146;0;0;345;0;0;1;0;0;251508657;0;213511631;0;38908594;0;7781719;0;1167250;0;911568;0;146;0;9;0;804702;774197;62287;63330;33723;12666;1900;18;8;0;0;0;0;0;0;0;0;1262878;1270283;2069901;1963577;7772;7772;106363;579548;311244897;303207574;829215;4739292;2461340;0;7476;0;0;69300;103511;397125;0;2435;0;0;0;0;0;3010;0;51745;0;2453;0;0;0;0;0;0;0;69300;60011;12179;1;4906;1;0;0;139;1558256;6836016;0;0;133;1;2582;2;0;0;0;0;0;0;0;0;0;0;0;0;0;0;0
Брянская область;544812600;93138543;34431270;7604326;494227759;95129717;36798325;14413630;372064;691093;498389;17175;79747;0;48011715;1082418;190;46929297;8126558;8982365;1407879;40;0;0;0;2114660;329542;380784;16984;56683;2561;216484;403494;19;0;0;0;0;0;0;619978;128;6527770;28132678;0;0;3348;350;2162;355;10;940483;2710652;0;871769;2249139;0;68713;486195;0;13743;97239;0;2061;14586;0;0;24732;0;201;58;0;0;1;0;0;0;0;0;0;0;0;0;0;0;0;0;0;0;0;0;0;0;0;0;0;0;0;0;0;0;0;0;0;0;0;0;0;0;0;0;0;0;0;0;0;0;0;0;0;0;0;0;0;0;0;0;0;0;0;0;0;0;81376;0;0;75292;0;0;6084;0;0;183;0;0;0;0;0;0;0;0;97787909;0;88132514;0;9976236;0;1995247;0;299287;0;320841;0;36;0;4;0;504499;456852;0;49390;1744;9878;1482;17;4;2;0;0;0;0;0;0;0;102797;101469;0;0;0;0;0;0;2494619;1708844;33162;617393;134579;0;538;0;49500;0;41;0;0;85076;0;0;0;0;0;0;0;0;0;0;0;0;0;0;0;0;126720;0;41097;0;0;0;0;0;0;58;288658;1265058;1989;2;0;0;0;0;0;0;0;0;0;0;0;0;0;0;0;0;0;0;0
Владимирская область;1297497676;79885194;81197306;6614188;1149820586;87092012;81123718;13623581;229695;375250;10908068;354630;68087;0;137632938;4361099;269;133271840;14195571;26317717;3998154;394;181327;2155969;8;3707409;543990;1532204;11280;225867;1692;872220;336651;11;0;0;0;0;0;0;3546167;447;17170559;31513679;4216;246062;4656;483;880;328;1196;1189557;3868256;0;1136954;3316107;0;54020;563054;0;10804;112611;0;1621;16892;0;1416;29963;0;329;57;0;6;6;0;0;0;0;0;0;5933;0;0;0;0;0;0;0;0;0;0;0;0;0;0;5933;0;0;1;0;0;1;0;0;0;0;0;0;0;0;0;0;0;0;0;0;0;0;0;0;0;0;0;0;0;0;0;0;0;0;0;0;0;136318;0;0;131321;0;0;4997;0;0;150;0;0;0;0;0;0;0;0;7721639;0;7477649;0;471525;0;94305;0;14146;0;227536;0;17;0;7;0;4875;5164;0;0;289;0;0;1;1;0;0;0;0;0;0;0;0;238968;245285;4901;1105;784796;159873;628739;0;14997620;6973328;103044;3648439;4250676;0;452;0;112098;0;4138610;0;0;4201303;0;0;0;0;0;0;5800;4200;4017378;794;0;0;0;0;0;0;193084;935137;0;518793;1;1601;2;0;0;106;398932;2857051;2750;1;117;2;56;1;0;0;0;0;0;0;0;7706;1;74;1;0;0;0;0
Волгоградская область;1030543640;210456488;47309784;42041229;939871250;199398020;47502073;71856716;612540;872616;3015077;725301;25644;0;88509557;6659828;385;81849729;18609701;16340277;2455491;0;26511;344990;7;2545703;385707;1512418;49277;221437;7398;1331966;29669;6;0;0;0;0;0;0;1733136;0;31170765;57024169;53789;0;5241;677;1912;705;2166;1499676;6763794;0;1442330;6033045;0;60126;749528;0;12026;149906;0;1804;22486;0;2780;18779;0;343;84;0;1;6;0;0;0;183485;0;0;198127;0;0;0;0;0;0;0;0;0;0;0;0;0;0;16624;0;0;2;0;0;1;0;0;18009734;0;0;13929824;0;0;0;0;0;4079909;0;0;0;203995;0;0;611986;0;0;122397;0;0;0;0;0;1;0;0;0;354694;0;0;331030;0;0;27847;0;0;836;0;0;4183;0;0;1;0;0;65914977;3032897;48170840;3592495;18333535;0;3666707;0;550006;0;589398;559598;236;1;23;1;582117;533026;0;68215;19123;13642;2046;22;12;5;0;0;0;0;0;0;0;82300;87255;8323447;7865810;1026203;1035954;457637;18406;21315289;17742791;768765;2263965;530785;0;743;0;64603;0;466925;0;0;23345;0;0;0;25823;0;0;0;0;0;6923;0;0;0;0;0;0;67899;0;0;0;0;0;0;0;0;92;335424;2461123;0;0;0;0;0;0;0;0;0;0;0;0;0;116;1;113;1;0;0;0;0
Вологодская область;2341361570;447594206;552710122;347359724;1914029271;473554182;360695158;358979000;344811;343162;217262373;1799410;20075;2160;402471921;1167440;299;401304483;39037655;74264707;12037983;2404;97049;370847;1;23003593;3790468;889788;12532;133569;1880;233488;5995039;4;1151;0;5;0;0;0;6697574;44;11926100;76597591;2613377;0;6248;637;2632;698;9;1243755;2460955;0;1212671;2113528;0;33731;350549;0;6746;70110;0;1012;10516;0;2647;3121;0;184;39;0;1;2;0;0;0;12310442;0;0;9625244;0;0;3160505;0;0;0;0;0;632101;0;0;94815;0;0;487690;0;0;14;0;0;2;0;0;0;0;0;0;0;0;0;0;0;0;0;0;0;0;0;0;0;0;0;0;0;0;0;0;0;0;0;0;0;604595;0;0;575512;0;0;31613;0;0;948;0;0;2530;0;0;7;0;0;26678794;0;22284459;0;4440486;0;888097;0;133215;0;46150;0;59;0;6;0;422029;394548;2757;77379;52655;15476;2321;14;6;8;0;0;0;0;0;0;0;182186;167403;122343873;134444774;186284;196850;62294;7805280;266287236;263566683;489867;1834346;317332;0;11;0;0;52517;11;0;0;0;0;0;0;0;0;0;0;0;0;0;0;0;0;0;0;0;0;52517;0;104597;2;43473;2;0;0;94;2704441;27299404;0;0;0;0;1426;1;0;0;0;0;0;0;0;3632956;2;78475;2;0;0;0;0
Воронежская область;2335191332;88504403;148471926;9654968;2181960247;96849140;154726706;14406694;595340;154623;7554649;396855;114474;0;139963250;3000322;572;136962950;13338695;27317782;4108898;699;0;0;0;5009790;751823;2007466;33846;303654;5006;600064;87274;6;0;0;0;0;0;0;687338;993;24292666;52435966;283;0;12272;1167;4491;430;1474;1827236;7815125;1001678;1670470;6876292;865491;162251;1028182;136186;32450;205636;27237;4868;30845;4086;5485;89350;0;106;84;2;3;9;0;0;0;4464691;0;0;3377842;0;0;1086849;0;0;0;0;0;163027;0;0;32605;0;0;0;0;0;1;0;0;0;0;0;0;0;0;0;0;0;0;0;0;0;0;0;0;0;0;0;0;0;0;0;0;0;0;0;0;0;0;0;0;548848;0;0;519466;0;0;29459;0;0;884;0;0;76;0;0;1;0;0;183392333;0;138058201;0;46372586;0;9274517;0;1391178;0;1038454;0;205;0;15;0;267918;252018;73636;22241;6340;4448;667;18;6;0;0;0;0;0;0;0;0;65106231;65060453;76714;16000;0;0;60749;0;21928949;16034829;321565;2198541;72694;0;3300405;0;0;7840;3363178;0;0;0;0;37620;1980;0;0;0;0;4014;0;33000;0;0;0;0;0;0;0;7890;26767;0;0;43;1;0;0;156;366554;2536951;0;0;0;0;0;0;0;0;0;0;0;0;0;170251;1;0;0;0;0;0;0
Ивановская область;577537613;22163035;26260475;1785697;542323352;24642480;30042529;2493551;180684;208092;1427872;202531;10692;0;30922069;638752;207;30283914;3181738;5756187;894918;0;0;0;0;954570;154006;401135;4693;59464;719;127750;58108;4;13475;229075;3;0;0;0;428408;0;6454085;12291782;0;0;5266;479;2646;574;21;715249;1979668;147180;639246;1664582;120095;80799;315562;27084;16160;63112;5417;2424;9467;813;4797;475;0;116;35;1;7;3;0;0;0;8125709;0;0;6635775;0;0;1515625;0;0;0;0;0;257656;0;0;45469;0;0;25690;0;0;18;0;0;5;0;0;0;0;0;0;0;0;0;0;0;0;0;0;0;0;0;0;0;0;0;0;0;0;0;0;0;0;0;0;0;305338;0;0;294316;0;0;21538;0;0;646;0;0;10516;0;0;3;0;0;2349461;0;1964203;0;549677;0;109935;0;16490;0;164419;0;9;0;4;0;516659;516957;0;1978;2276;396;59;7;2;0;0;0;0;0;0;0;0;258873;236536;9000;9000;0;0;748223;0;1640066;1374485;7945;241481;2176;0;0;0;0;0;0;0;0;0;0;0;0;0;0;0;0;0;0;0;0;0;0;0;0;0;31547;0;3520;0;0;6992;2;0;0;42;118514;284446;0;0;232;1;0;0;0;0;0;0;0;0;0;0;0;0;0;0;0;0;0
Иркутская область;2427611911;455401747;278610171;164588656;2003214558;474123926;259494773;204607278;1147614;636943;37617664;3521298;73135;18589;406970332;3312645;390;403657688;61640584;78362680;12109730;195;0;0;0;8536917;1314656;1693278;117194;253992;17579;662529;2368859;4;0;0;0;0;0;0;3031388;0;18831231;130736103;30;278;7672;1004;2615;755;1823;2329725;9629604;762445;2295429;8845584;707447;35412;944983;54998;7083;188998;11000;1063;28349;1650;1116;160962;0;395;86;4;7;4;0;37560418;0;1400333;31286866;0;1405859;7085614;0;82574;0;0;0;1106968;0;8097;212568;0;535;820787;0;88100;13;0;11;6;0;4;0;0;0;0;0;0;0;0;0;0;0;0;0;0;0;0;0;0;0;0;0;0;0;0;0;0;0;0;0;0;0;301638;0;0;242180;0;0;59500;0;0;1785;0;0;42;0;0;1;0;0;960283;0;960646;0;3673;0;735;0;110;0;4036;0;6;0;2;0;3356569;3865720;0;6627;515778;1325;199;12;8;4;0;0;0;0;0;0;0;329998;266712;1147523;1363006;0;0;3926;77842;85042171;60131932;142273;1568299;6966296;0;16223630;0;16218382;0;6971544;0;0;0;0;0;0;0;0;0;0;0;0;0;0;0;0;0;0;0;28831983;0;6966296;256;1;0;0;0;0;211;1031767;25865329;0;0;11753;3;0;0;0;0;0;0;0;60;1;838536;4;45423;2;0;0;0;0
Калининградская область;1107549014;103099833;514270226;584282924;1048875168;113308835;469921110;334583627;4013375;274806;48944903;513211104;25808;0;58065604;5839628;374;52225971;273254809;10442896;1566509;7926;0;0;0;2241742;336620;951050;41699;142350;6255;1167926;2065;9;0;0;0;0;0;0;1169991;9316;40809483;365910313;0;126;2963;1157;1855;318;24;1119285;3443116;69920;1076818;3017723;68116;43829;488842;1805;8766;97768;361;1315;14665;54;1091;63448;0;74;31;1;4;7;0;0;0;0;0;0;0;0;0;0;0;0;0;0;0;0;0;0;0;0;0;0;0;0;0;0;0;0;410816291;0;0;389110215;0;0;467186;0;0;33779829;0;0;176501;1000172;0;0;5579292;0;0;836894;0;0;12540940;0;0;222;0;0;83;0;0;41770;0;0;41030;0;0;751;0;0;23;0;0;10;0;0;1;0;0;6888681;0;6804054;0;1480290;0;296058;0;44409;0;1395662;0;16;0;11;0;433511;310727;377;123680;1272;24736;3710;9;2;9;2667226;1902408;668950;668950;133790;573082;1;85066192;85168188;6750190;7002805;0;0;222698;5978004;88377068;11362021;322866;1075403;971907;0;80548;0;342809;87803;503361;0;0;1000;0;0;0;0;0;1386;0;0;0;0;0;0;0;0;3000000;0;407656;172520;603717;0;0;0;0;0;0;52;11763044;569815;0;0;519;1;3441;1;0;0;0;0;0;0;0;1932;1;0;0;0;0;0;0
Калужская область;1271191863;375596027;110146289;339650942;1160266269;396429017;131474027;344775867;216870;263119;169024;8004981;20903;0;89626567;4687170;313;84954029;33698929;16609034;2540915;20;1442;66997;2;2598564;399943;1289263;313338;207679;47001;937434;252441;12;7838;122654;5;0;0;0;1388806;653;34812606;142506340;0;440289;4425;746;2515;592;18;963258;4236693;0;925283;3573559;0;45051;663262;0;9010;132652;0;1352;19898;0;7076;128;0;56;36;0;3;1;0;0;0;21281;0;0;32105;0;0;2190;0;0;0;0;0;438;0;0;66;0;0;13014;0;0;3;0;0;2;0;0;61913004;0;0;78288395;0;0;0;0;0;0;0;0;0;0;0;0;0;0;0;0;0;0;16375391;0;0;1;0;0;1;262379;0;0;258396;0;0;3507;0;0;105;0;0;0;0;0;0;0;0;39655254;0;36877102;0;3292803;0;658561;0;98784;0;514651;0;78;0;21;0;4228468;3541897;15325;736707;50136;147341;22101;31;7;8;0;0;0;0;0;0;0;22134;22133;10025231;10041038;848;0;7247;2133355;6104703;5548999;104141;406826;24155;0;20582;0;0;0;39091;0;0;0;0;0;0;0;0;0;0;2507;154875;3651;7560;7951;0;0;11324;0;420551;18739;96251;0;0;16794;2;0;0;93;630390;1910474;0;0;0;0;0;0;0;0;0;0;0;0;0;0;0;0;0;0;0;0;0
Камчатский край;271357785;27615954;25986940;14981474;261076999;31492916;19654158;26472262;60030;4902;328329;8046000;4751;14448;16340519;805675;59;15534844;23423296;3101968;466045;0;0;0;0;1080574;162108;321433;21537;48196;3230;161135;5000;1;0;0;0;0;0;0;166135;0;5954002;53487644;527;0;709;193;560;218;7;259646;1227061;0;261122;951576;0;3884;275485;0;777;55097;0;117;8265;0;5360;0;0;20;24;0;4;0;0;5002803;227268;26415504;4078853;220724;24760295;923950;3858;3996446;0;0;0;92395;116;799244;27718;116;119890;0;0;2478270;1;1;28;0;0;18;0;5902045;0;0;4644133;0;0;0;0;0;1418217;0;0;0;8833;0;0;272161;0;0;39897;0;0;160306;0;0;12;0;0;7;0;68371;283460;0;63536;265719;0;5055;17741;0;152;532;0;220;0;0;1;0;0;26463325;936335;25537428;903739;1298162;32596;259632;6519;38945;978;372264;0;6;1;2;0;0;480;0;0;480;0;0;1;1;2;0;0;0;0;0;0;0;267310;277706;36003;163192;0;0;0;0;8912036;7345191;445466;1094224;0;0;0;0;0;0;0;0;0;0;0;0;0;0;0;0;0;0;0;0;0;0;0;0;0;0;0;0;0;0;0;0;0;0;0;29;50753;3372930;0;0;0;0;0;0;0;0;0;0;0;0;0;0;0;0;0;0;0;0;0
Кемеровская область - Кузбасс;4461402221;618960641;748620242;183508314;3633778370;667171034;746508463;206281912;1046193;3781008;134239138;3783566;224426;149;699596491;21389572;378;678206921;70985765;135519360;20344859;74850;42023;210126;7;18876066;2833998;3586654;58765;528794;8815;4277914;62938;14;0;0;0;0;0;0;4593001;0;53567817;254833283;258432;9718;7392;680;2957;463;79;1398215;6769321;1276402;1372450;6369282;1212651;28980;495487;63751;5796;99097;12750;869;14865;1913;3214;95448;0;479;86;78;1;5;0;1218744;0;6928541;1111207;0;7063465;151806;0;416292;0;0;0;0;0;62435;0;0;12487;44270;0;553821;2;0;37;1;0;7;0;0;0;0;0;0;0;0;0;0;0;0;0;0;0;0;0;0;0;0;0;0;0;0;0;0;0;0;0;0;0;581430;0;0;573252;0;0;8178;0;0;245;0;0;0;0;0;0;0;0;11100592;0;9059845;0;2093952;0;418790;0;62819;0;53205;0;17;0;2;0;682579;653598;17006;12536;561;2507;376;10;2;2;0;0;0;0;0;0;0;579002;581125;31483320;31189510;5915728;3278172;3285405;20000;90531067;69501513;10110487;10054576;846298;0;0;0;40000;0;99;0;0;5740;0;0;0;0;17399024;0;0;0;200000;128958;0;0;0;0;103046;0;0;0;58;0;0;41952;1;0;0;204;2971547;28996190;0;0;6537;2;0;0;0;0;0;0;0;0;0;2793723;11;66673;4;0;0;0;0
Кировская область;590428204;30758140;37697909;2286569;540570947;34604499;39734747;3219588;276162;245273;878274;311762;163541;0;47054819;4556615;159;42498670;4845851;8499408;1274634;0;0;0;0;1751985;262799;510018;15590;76666;2338;911323;0;0;0;0;0;0;0;0;911323;1189;9939307;9664859;0;0;3584;420;936;331;2453;273179;3833626;0;252440;3314491;0;20859;520886;0;4172;104177;0;625;15627;0;120;1751;0;76;33;0;1;2;0;0;0;3407276;0;0;2908234;0;0;590267;0;0;0;0;0;88540;0;0;17708;0;0;91226;0;0;4;0;0;1;0;0;0;0;0;0;0;0;0;0;0;0;0;0;0;0;0;0;0;0;0;0;0;0;0;0;0;0;0;0;0;429792;0;0;417519;0;0;21303;0;0;639;0;0;9029;0;0;2;0;0;40735176;0;33653831;0;7158811;0;1431762;0;214764;0;77466;0;110;0;8;0;37326;38597;0;35;1305;7;1;3;2;1;0;0;0;0;0;0;0;299512;301768;621971;621900;0;0;71;45;3008723;2349886;82184;507777;2;0;632;0;0;622;7;0;0;0;0;0;0;0;0;0;0;0;0;0;0;0;0;0;0;0;82022;0;0;1275;1;2167;2;0;0;90;132550;1687927;1829;1;18780;4;0;0;0;0;0;0;0;0;0;0;0;0;0;0;0;0;0
Костромская область;447122796;1081827974;145173225;1761726481;408562681;1053210670;149314528;1804398802;476135;420708;333754;21577652;52725;0;34515399;3960585;152;30554814;35071750;6082735;916644;0;11901;55019;2;1594415;239690;194859;19452;29776;2918;792117;28227;4;0;0;0;0;0;0;887264;184;3510720;55338412;1126;0;1897;355;1360;82;66;433732;2120359;5986;430430;1824702;4324;3302;308771;1662;660;61754;332;99;9263;50;0;13114;0;161;25;1;0;3;0;0;0;967099;0;0;3748516;0;0;154805;0;0;0;0;0;23221;0;0;4644;0;0;2936222;0;0;2;0;0;1;0;0;0;0;0;0;0;0;0;0;0;0;0;0;0;0;0;0;0;0;0;0;0;0;0;0;0;0;0;0;0;175389;0;0;174077;0;0;4104;0;0;123;0;0;2792;0;0;1;0;0;628146;0;619998;0;47127;0;9425;0;1414;0;38978;0;7;0;3;0;22300;22294;0;56;50;11;2;2;1;0;0;0;0;0;0;0;0;53251734;68235616;21949121;25085822;4446870;3208901;147141;0;6943646;4508075;157103;1776039;478618;0;23811;0;206887;0;239335;0;0;1866;0;0;0;0;0;0;0;0;0;0;206887;0;0;0;0;0;0;0;310103;0;0;0;0;0;0;45;81679;1828144;0;0;3;1;179;1;0;0;0;0;0;0;0;0;0;0;0;0;0;0;0
Курганская область;322473120;51113278;16118804;3851283;296826310;49514078;18614630;6293804;84323;44607;115018;1625699;21776;684;23115170;887313;108;22227857;2415540;4418998;666836;138;0;71500;2;947698;148394;217947;91845;31510;13777;177463;25568;9;0;0;0;0;0;0;274531;0;13459386;7505757;0;0;1560;250;1338;124;300;384790;1000105;0;338056;898134;0;46734;105530;0;9347;21106;0;1402;3166;0;0;3559;0;66;22;0;0;1;0;74172;0;1396955;56153;0;1192880;14862;0;181474;0;0;0;1486;0;27221;446;0;5444;0;0;8121;1;0;8;0;0;2;0;0;0;0;0;0;0;0;0;0;0;0;0;0;0;0;0;0;0;0;0;0;0;0;0;0;0;0;0;0;0;247632;0;0;239453;0;0;8180;0;0;245;0;0;0;0;0;0;0;0;13711171;0;10444376;0;3429819;0;685964;0;102895;0;163024;0;74;0;9;0;11623;10582;0;1081;40;216;32;2;1;0;0;0;0;0;0;0;0;2443;11553;496714;482730;0;0;13984;121916;1478278;642885;276211;371685;187498;0;0;0;0;0;0;0;0;187498;0;0;0;0;0;0;0;0;144;0;0;0;0;0;0;0;19482;0;0;0;0;0;0;0;0;44;73794;555596;0;0;25;1;0;0;0;0;0;0;0;0;0;0;0;0;0;0;0;0;0
Курская область;758599505;124691475;59181262;8511274;672390770;125713262;44070314;15262819;161181;101704;8372219;42222;19905;1899;93089274;1740660;180;91348614;7715749;18269723;2740459;3347;1669;15024;1;2274615;342007;459860;15920;68979;2388;348132;0;0;0;0;0;0;0;0;364825;0;9287053;23289117;294568;0;3456;397;1027;321;2580;1451167;2449646;0;1400350;1917186;0;54182;533148;0;10836;106630;0;1625;15994;0;3365;688;0;40;20;0;2;2;0;0;0;0;0;0;0;0;0;0;0;0;0;0;0;0;0;0;0;0;0;0;0;0;0;0;0;0;0;0;0;0;0;0;0;0;0;0;0;0;0;0;0;0;0;0;0;0;0;0;0;0;0;0;0;0;0;0;0;73719;0;0;70392;0;0;3510;0;0;105;0;0;183;0;0;1;0;0;166662421;0;129692348;0;37761029;0;7552205;0;1132831;0;790956;0;211;0;17;0;1985662;1918158;0;130614;63110;26123;3918;20;6;4;0;0;0;0;0;0;0;208863;188715;5874;5340;13487;94829;534;3912086;19090217;13240332;3830495;2006577;12090;0;722;0;0;0;12812;0;0;0;0;0;0;0;0;0;0;12090;0;0;0;0;0;0;0;0;0;16215;0;0;0;6688;1;0;0;55;710700;4755209;0;0;91;1;0;0;0;0;0;0;0;0;0;0;0;0;0;0;0;0;0
Ленинградская область;4206340761;194397591;919131733;52618732;3558059473;220438857;938866295;128347654;1472886;206077;16282498;3366670;160230;85;613019985;29412659;498;583607326;104929377;112092552;17496059;754;96139;772387;3;45168898;6899887;2135216;171459;336603;28919;5882532;4547619;44;0;0;0;0;0;0;11298677;1074;87261719;263633724;47217;62450;6702;1114;2847;381;100;633599;2627946;24844;593411;2161584;24844;40190;486850;0;8038;97370;0;1206;14606;0;1;20488;0;164;34;4;1;5;0;34482021;0;47389;29912173;0;103121;4508890;0;0;0;0;0;446659;0;0;133998;0;0;21477;0;55732;11;0;2;2;0;1;0;0;32932403;0;0;13516283;0;0;0;0;0;19416120;0;0;0;970806;0;0;2912418;0;0;582484;0;0;0;0;0;1;0;0;0;98255;0;0;95758;0;0;2496;0;0;75;0;0;0;0;0;0;0;0;92621487;4772870;82274943;4437724;10832186;335146;2166437;67029;324966;10054;485643;0;120;1;14;0;30891141;26125119;486779;4400962;121718;880192;132029;19;9;4;0;0;0;0;0;0;0;47577891;48779540;11578743;5465859;18104;1969770;98090;1415834;86913607;38585435;19243784;13255410;15753978;0;75000;0;11666713;114250;102964;0;0;94583;0;0;0;0;0;0;0;10918;9370;88247;0;0;49552;0;0;0;15349777;404549;1983145;22789;1;173621;2;0;0;171;14456658;22618175;0;0;0;0;4150;1;0;0;0;0;0;0;0;272979;2;4000;1;0;0;0;0
Липецкая область;2222618721;36396611;556344317;5381024;2019704379;40360350;476633562;7469089;1045617;26334;92682073;18029;2169233;0;188819549;4468217;140;184351934;6037308;34811478;5426097;0;5691;22184;6;19224503;2953300;1006591;23742;169727;3594;893643;152;1;104122;1952250;23;0;0;0;2978042;0;92747546;26456146;32080;0;5390;267;2635;192;17;623001;3191483;0;589716;2817727;0;34075;375545;0;6815;75109;0;1022;11266;0;789;8849;0;141;45;0;1;4;0;8355666;0;0;9043261;0;0;391795;0;0;0;0;0;39180;0;0;11754;0;0;1079390;0;0;4;0;0;1;0;0;0;0;2668608;0;0;2457464;0;0;105572;0;0;105572;0;0;0;17842;0;0;3273;0;0;3167;0;0;0;0;0;1;0;0;0;157738;0;0;153548;0;0;4191;0;0;126;0;0;0;0;0;0;0;0;219652511;0;179945071;0;41857869;0;8371574;0;1255736;0;2150429;0;133;0;13;0;1935374;2151269;487;11195;227577;2239;336;14;5;4;0;0;0;0;0;0;0;4628090;488737;132622;132630;0;0;3373;0;14880910;14560891;46520;186283;87216;0;0;0;31579;0;8082;0;0;45060;0;0;0;0;0;0;0;116920;6661;13800;0;0;0;0;0;0;373027;66696;857;0;0;0;0;0;0;75;2856275;10912461;0;0;0;0;654;2;0;0;0;0;0;0;0;6605195;1;1150;1;0;0;0;0
Магаданская область;300563257;92656719;21510849;45012017;257150988;97979719;18866219;58286475;76156;78892;178979;200000;959;0;45953117;355921;46;45597196;18718567;8484404;732880;73068;0;0;0;1283488;159252;1064482;110483;97144;14271;71184;0;0;635036;0;9;0;0;0;706220;0;56811631;58707014;0;0;536;312;549;83;4;77759;342718;0;65351;283776;0;12408;58942;0;2482;11788;0;372;1768;0;0;0;0;9;3;0;0;0;0;56704451;0;0;37354089;0;0;20075821;0;0;0;0;0;4015164;0;0;602275;0;0;725460;0;0;2;0;0;1;0;0;0;0;0;0;0;0;0;0;0;0;0;0;0;0;0;0;0;0;0;0;0;0;0;0;0;0;0;0;0;0;0;0;0;0;0;0;0;0;0;0;0;0;0;0;0;0;0;0;0;0;0;0;0;0;0;0;0;0;0;0;0;0;0;0;0;0;0;0;0;0;0;0;0;0;0;0;0;0;0;0;0;0;0;0;0;0;0;0;0;2488045;5054262;3167645;160742;1725875;0;0;0;0;0;0;0;0;0;0;0;0;0;0;0;0;0;0;0;0;0;0;0;0;0;0;0;0;0;0;0;0;0;0;0;20;193173;1470089;0;0;0;0;0;0;0;0;0;0;0;0;0;120528;1;0;0;0;0;0;0
Московская область;20722471790;1519509988;1756847100;503623835;19023948847;1593391376;1756509440;633992248;12402869;6954563;90513606;48493584;1808647;194095;1621311640;86144232;2954;1535168677;245967956;298680387;45853317;193462;407116;1499309;20;50765810;7875841;18079276;408438;2768497;62218;17228846;5151252;77;176905;2894642;53;0;3726;1;27361796;557369;479498091;769616740;1876359;65831;44906;6275;15142;2906;145;21843913;34262930;9908142;18679820;27303455;9012744;2415140;7009083;895398;483028;1401816;179080;72454;210272;26862;16885;49848;0;1654;261;9;13;9;0;65551450;0;0;58349008;0;0;6255629;0;0;0;0;0;518013;0;0;148604;0;0;512912;0;0;29;0;1;8;0;0;0;0;3143241;0;0;4140961;0;0;0;0;0;0;0;0;0;0;0;0;0;0;0;0;0;0;997719;0;0;1;0;0;1;1100691;0;0;1107369;0;0;87282;0;0;2618;0;0;93959;0;0;4;0;0;38184867;0;34829669;0;5565992;0;1113198;0;166980;0;2210794;0;106;0;30;0;23665069;23025375;385595;1606969;1313014;318939;48210;91;34;28;0;0;0;0;0;0;0;111233853;120017009;21683261;21035698;41563;3066057;971969;10628947;201290294;100333865;15171285;36463830;37900888;6;6999827;34167;16574413;1277814;3631487;0;180980;2909239;0;35281724;695;12221;196065;92957;206335;114515;36208532;680401;184201;269290;25595000;350000;86659;0;23835141;16831819;917964;18204;1;115258;13;0;0;733;10915573;54903936;1460;3;7231;3;21668;3;0;0;7113;1;1423;0;0;2257236;7;527416;3;0;0;0;0
Мурманская область;371673721;54112972;52673402;17570308;309277291;67932305;52270797;19236699;245400;740621;1548491;3499759;5227;0;61490722;2160690;137;59330032;18244862;11865270;1779901;43377;263564;1808752;2;2680730;412566;557816;51273;85091;7691;432138;737;3;0;0;0;0;0;0;2505191;94;22709467;66642520;0;0;1489;428;418;110;646;1129918;1166836;0;1017332;896696;0;118961;276676;0;23792;55335;0;3569;8300;0;6375;6536;0;267;16;0;35;3;0;0;0;30256184;0;0;26209985;0;0;2398170;0;0;0;0;0;101188;0;0;18254;0;0;0;0;0;9;0;0;0;0;0;0;0;0;0;0;0;0;0;0;0;0;0;0;0;0;0;0;0;0;0;0;0;0;0;0;0;0;0;0;473106;0;0;443197;0;0;42314;0;0;1269;0;0;12404;0;0;6;0;0;34561155;0;18559619;0;16001536;0;3200307;0;480046;0;0;0;5;0;0;0;120952142;116960440;97002;4111655;216955;822331;123350;15;6;4;0;0;0;0;0;0;0;5049917;5228048;5488;6131;0;0;4;54925;24205733;18671767;349633;4524187;650000;0;9147;0;0;9135;650012;0;0;667082;0;0;0;0;0;0;0;0;0;0;0;0;0;0;0;0;0;84456;40000;0;0;0;0;0;0;42;8535460;6839882;0;0;0;0;0;0;0;0;0;0;0;0;0;80466;1;0;0;0;0;0;0
Нижегородская область;4882779619;212331426;312719969;29456015;4488025853;232169774;282912292;39474644;856517;210020;29606940;2873087;2152917;11857;394482982;21890965;1137;372617785;32522586;71608383;11178157;7170;19702;127480;9;13423872;2084258;3079898;254843;496791;38227;4378192;2905635;5;64;1083;1;0;0;0;7432156;30723;62661984;111016359;64619;1643986;20704;2396;7705;1225;147;3521054;14444478;1708054;3439000;13029901;1685697;93730;1591937;22358;18746;318388;4472;2812;47757;671;18690;177360;0;363;121;1;17;12;0;0;0;606613;0;0;795057;0;0;25385;0;0;0;0;0;3808;0;0;762;0;0;213829;0;0;18;0;0;6;0;0;475872;0;0;1776949;0;0;0;0;0;0;0;0;0;0;0;0;0;0;0;0;0;0;1301077;0;0;1;0;0;1;863245;0;0;847387;0;0;22197;0;0;666;0;0;6339;0;0;1;0;0;22592862;0;20739264;0;2608716;0;521744;0;78262;0;755118;0;70;0;16;0;3022078;4120202;0;47177;1145302;9435;1415;24;13;4;0;0;0;0;0;0;0;2216764;2822981;1282067;1482806;1118974;244387;885881;2481871;58408404;42737644;987327;12596688;1089372;0;193916;0;561252;70;444076;0;0;9293800;0;0;42770;2545;0;51732;0;76108;944866;0;79992;0;0;0;0;0;1687555;196361;683048;7000;1;540864;7;0;0;296;1030835;10920914;920;3;2996;2;0;0;0;0;0;0;0;0;0;603055;7;840212;1;0;0;0;0
Новгородская область;590070291;32196773;109625439;4972479;458628828;35028722;91998861;8461386;463892;37352;19495708;706754;32666;5016;130505530;832993;155;129672537;6995273;24798799;3888291;0;0;0;0;4378417;674956;479842;52882;72018;8013;166599;1126671;6;0;0;0;0;0;0;1293270;367;11560820;19924995;984657;0;2023;368;1125;162;11;139064;1921890;0;136950;1799528;0;2114;123185;0;423;24637;0;63;3696;0;0;824;0;34;26;0;0;1;0;0;0;2852207;0;0;2609380;0;0;242775;0;0;0;0;0;36416;0;0;7283;0;0;349;0;0;9;0;0;1;0;0;0;0;0;0;0;0;0;0;0;0;0;0;0;0;0;0;0;0;0;0;0;0;0;0;0;0;0;0;0;0;0;0;0;0;0;0;0;0;0;0;0;0;0;0;0;0;0;15216367;0;13941856;0;1429208;0;285842;0;42876;0;154697;0;25;0;7;0;1146446;724638;0;422754;947;84420;12551;7;1;0;0;0;0;0;0;0;0;1961;1975;103025;178756;0;0;12;0;14083415;1694734;1196480;648939;10542703;0;128;0;8908487;0;4;0;0;4587;0;0;0;0;1773429;0;0;0;8894314;0;0;0;0;0;0;0;700000;0;8333;0;0;30019;1;0;0;57;458962;2465074;15;1;0;0;0;0;0;0;0;0;0;0;0;0;0;44654;1;0;0;0;0
Новосибирская область;4389531638;273144894;740224530;44284906;4122548271;287327337;610871768;47594909;1811360;1064827;12648582;13390597;415452;21947;385176921;6350351;920;378826571;26096536;75620839;11364718;5422;207188;1388654;24;12527173;1896343;4444550;123859;648275;18657;1270070;142777;118;0;0;0;0;47093;1;3055782;7572;31290015;93404734;243156;252008;20946;2581;8267;1324;328;2699985;20517116;1785052;2318291;17936669;1335081;386238;2720537;449971;77248;544107;89994;11587;81616;13499;4544;140090;0;45;132;4;5;13;0;0;0;368948;0;0;382487;0;0;15661;0;0;0;0;0;3132;0;0;470;0;0;29200;0;0;6;0;0;2;0;0;0;0;0;0;0;0;0;0;0;0;0;0;0;0;0;0;0;0;0;0;0;0;0;0;0;0;0;0;0;438519;0;0;422290;0;0;16249;0;0;487;0;0;20;0;0;1;0;0;54665392;0;49341034;0;6898014;0;1379603;0;206940;0;1573657;0;107;0;17;0;669828;708146;1071;33834;77733;6767;1015;18;9;5;0;0;0;0;0;0;0;552693472;551096121;38835311;37279696;10029721;7907780;3853457;606602;116442942;21347631;30624520;48739728;15505616;107676;160861;0;25650;32456;10813044;0;0;16339028;0;0;0;0;3085208;256251;0;0;0;0;0;0;0;0;0;0;2989;43001;259547;11611;1;65415;6;4507;1;243;1244724;4645526;0;0;1004;1;12555;2;0;0;1991;1;398;0;0;235834;2;385598;1;0;0;0;0
Омская область;1187063015;53604420;38378843;4990349;1101255605;61566257;41256914;4909696;175903;81603;945214;63334;95326;752;82092472;2372489;297;79719983;7863641;15898379;2391600;4231;0;0;0;2787298;419891;1786367;51845;267958;7777;474498;45623;3;0;0;0;0;0;0;520121;5366;14897931;20346367;3657;23;7583;683;3766;382;752;1486751;10528200;570116;1394693;9072334;578220;111676;1535086;620;22335;307017;124;3350;46053;19;19619;79219;8724;195;85;2;10;6;1;10506154;0;0;9248206;0;0;863182;0;0;0;0;0;86318;0;0;25895;0;0;0;0;0;1;0;0;0;0;0;0;0;0;0;0;0;0;0;0;0;0;0;0;0;0;0;0;0;0;0;0;0;0;0;0;0;0;0;0;0;0;1360714;0;0;1176702;0;0;185963;0;0;5579;0;0;1951;0;0;2;0;0;31418021;0;28894253;0;3582722;0;716544;0;107482;0;1058954;0;95;0;17;0;12444509;11598912;0;865504;19907;173101;25965;7;2;2;0;0;0;0;0;0;0;3283261;3291330;1048619;1021522;846;22291;27673;388466;7224808;4195666;281540;2558101;60000;0;18755;0;0;60032;15246;0;0;0;0;0;0;0;0;0;0;0;0;0;0;0;0;0;0;0;0;60000;0;0;0;0;0;0;0;91;162548;986769;1400;1;0;0;0;0;0;0;0;0;0;0;0;680977;2;5630;1;0;0;0;0
Оренбургская область;1586450612;211291008;104108540;12528595;1428060064;217625907;88599932;59593136;682646;654064;2523169;420586;29246;10183;172125893;14508004;343;157617889;53175985;31523365;4728537;3767;420;3784;1;3544660;536176;2489641;33200;380092;4980;2901601;0;0;0;0;0;0;0;0;2905805;0;28955731;141652065;27561;13192;4670;824;1558;426;940;824515;3404838;741254;791734;3243429;646591;34149;169121;94662;6830;33824;18932;1024;5074;2840;4031;7710;0;254;46;2;5;2;0;0;0;6843944;0;0;6708174;0;0;398780;0;0;0;0;0;79756;0;0;11963;0;0;263011;0;0;18;0;0;8;0;0;0;0;0;0;0;0;0;0;0;0;0;0;0;0;0;0;0;0;0;0;0;0;0;0;0;0;0;0;0;28426;0;0;19316;0;0;10852;0;0;326;0;0;1742;0;0;1;0;0;27813917;0;24002976;0;4537269;0;907454;0;136118;0;726328;0;102;0;14;0;1906191;2102481;0;21796;218086;4359;654;13;9;7;0;0;0;0;0;0;0;127906;129623;6954864;6879515;0;1198835;75632;0;10033277;5139090;80576;4780394;3310;0;5363;0;0;3309;2235;0;0;0;0;0;0;0;972;0;0;4802;0;0;0;0;0;0;0;0;22830;3309;0;0;0;0;0;0;0;111;637125;15410198;0;0;1;1;972;2;0;0;0;0;0;0;0;833984;6;776;1;0;0;0;0
Орловская область;400549987;43437547;24555055;11300611;364468154;45699041;18173535;12897213;47338;630289;9648343;39297;17504;0;32959280;848229;135;32111051;3267104;6286720;963331;0;0;0;0;782671;118250;218926;4037;33109;606;169646;135490;1;0;0;0;0;0;0;305136;1327;7880115;12270341;0;0;2537;374;1866;185;13;217805;786122;0;210522;713437;0;7283;72800;0;1457;14560;0;218;2184;0;0;115;0;118;22;0;0;1;0;5456663;0;6029966;4865410;0;6174270;591253;0;854166;0;0;0;59125;0;170296;17738;0;25625;0;0;1078782;1;0;14;0;0;4;0;0;0;0;0;0;0;0;0;0;0;0;0;0;0;0;0;0;0;0;0;0;0;0;0;0;0;0;0;0;0;8123;0;0;2803;0;0;5320;0;0;160;0;0;0;0;0;0;0;0;74781407;0;56177023;0;18775332;0;3755067;0;563260;0;170948;0;121;0;10;0;77794;73201;0;4593;0;919;138;6;0;2;0;0;0;0;0;0;0;12898;12236;199709;85272;0;0;114436;464773;24018767;20176799;141759;665386;19066;0;3000822;0;0;19065;1;0;0;0;0;0;0;0;0;0;0;0;0;0;0;0;0;0;0;0;0;19065;188;0;0;0;0;0;0;55;75794;527190;3998;1;0;0;0;0;0;0;0;0;0;0;0;210130;1;35637;1;0;0;0;0
Пензенская область;804842840;27856459;27071620;5188552;751611999;31885421;30735791;7056009;126582;81785;709860;0;16535;0;50303143;2942381;174;47360762;5796571;9472152;1420821;0;0;0;0;1624901;243855;761671;6718;114111;1008;588476;0;0;0;0;0;0;0;0;588476;168;17644526;13258048;0;0;4346;285;2560;465;16;265988;2456300;1263875;263121;2100512;1178031;9619;355789;85844;1924;71158;17169;289;10674;2575;6751;0;0;33;30;1;1;0;0;0;0;1595446;0;0;1336464;0;0;170848;0;0;0;0;0;25405;0;0;5081;0;0;20534;0;0;15;0;0;4;0;0;0;0;0;0;0;0;0;0;0;0;0;0;0;0;0;0;0;0;0;0;0;0;0;0;0;0;0;0;0;91900;0;0;81888;0;0;10012;0;0;300;0;0;0;0;0;0;0;0;90913164;0;78593670;0;12612100;0;2522420;0;378363;0;292605;0;60;0;10;0;47942;48509;0;483;1050;97;15;6;2;0;0;0;0;0;0;0;0;1534058;33606;375632;325446;0;0;50185;0;9195412;4980962;78330;3911394;224000;0;1;0;0;224000;0;0;0;0;0;0;0;0;0;0;0;0;0;0;0;0;0;0;0;0;0;224000;0;0;0;3346;2;0;0;79;266026;1247079;0;0;276;1;462;1;0;0;0;0;0;0;0;0;0;19018;1;0;0;0;0
Пермский край;2505643815;493725003;105635096;123467583;2251045359;309989187;108309514;335383452;787671;881005;4550998;10597892;215077;21231;248000780;8498702;755;239502094;37838118;47514548;7185063;48263;842185;1895268;7;6384352;993766;3133901;870152;626307;130523;1699740;385871;8;0;0;0;0;0;0;4823064;9178;43978318;103747599;640067;199325;11129;1502;4336;610;68;1576106;7750551;594304;1497291;6955357;589927;86722;764455;5447;17344;152891;1089;2602;22934;163;7907;92419;1070;113;69;8;5;7;1;0;0;5476102;0;0;4956413;0;0;430841;0;0;0;0;0;56529;0;0;12925;0;0;34992;0;0;26;0;0;4;0;0;123957690;0;0;38964463;0;0;0;0;0;89286501;0;0;0;0;0;0;17857300;0;0;2678595;0;0;4327683;0;0;2;0;0;1;1197991;0;0;1033101;0;0;164890;0;0;4947;0;0;0;0;0;0;0;0;26623791;3909216;23573014;3382855;3347484;526361;669497;105272;100425;15791;296707;0;82;2;9;0;2730132;3484128;169;55380;809545;11076;1661;25;9;10;0;0;0;0;0;0;0;3382769;3516101;5950447;5838145;49550;20605;153177;528350;96263470;78821253;1700184;9569582;5841058;900;16845;0;764698;336103;168038;0;0;35749;0;0;0;0;0;22357;0;7000;250000;0;1830292;57500;0;0;0;0;10000;1119362;142737;117013;1;187651;6;0;0;253;2889781;17315345;0;0;865;2;6035;2;0;0;0;0;0;0;0;2132832;8;49925;1;0;0;0;0
Псковская область;301842944;23699410;13878464;5071486;283892053;26515603;15323059;7637688;109093;21113;8431;2769;39893;0;16584825;858467;156;15727025;5358950;3006090;471386;1740;3969;38940;2;557430;89332;267791;42988;41286;6448;171693;133652;18;440;5278;1;0;0;0;353972;1056;3963341;14490431;0;0;2092;433;1188;235;11;98537;1420338;0;98925;1091812;0;1087;329587;0;217;65917;0;33;9888;0;1911;1614;0;61;33;0;1;2;0;0;0;0;0;0;0;0;0;0;0;0;0;0;0;0;0;0;0;0;0;0;0;0;0;0;0;0;0;0;0;0;0;0;0;0;0;0;0;0;0;0;0;0;0;0;0;0;0;0;0;0;0;0;0;0;0;0;0;738;0;0;738;0;0;0;0;0;0;0;0;0;0;0;0;0;0;53951242;0;43443850;0;10772435;0;2154487;0;322461;0;265043;0;37;0;9;0;61864;53145;0;9136;417;1827;274;4;1;0;0;0;0;0;0;0;0;9973;9977;667290;667344;142789;237497;152;46976;785547;481312;22415;267029;6392;0;8298;0;0;8298;4092;0;0;0;0;0;0;0;0;0;0;0;0;0;0;0;0;0;0;0;466438;24290;6458;0;0;45;1;0;0;37;29732;732003;300;1;0;0;0;0;0;0;0;0;0;0;0;0;0;0;0;0;0;0;0
Ростовская область;3655622741;642790649;268115125;108311417;3367649681;665823400;278501948;132237707;644807;855067;16118440;2752914;278157;0;262969774;10076848;899;252893767;48452276;50197057;7602703;6238;172866;1475177;35;10788920;1653563;3829072;46945;556229;7053;2015370;395688;12;0;0;0;0;0;0;4059101;17739;35433478;164181561;305997;1779;15083;2348;6529;1078;87;5550864;18055256;0;4965547;10810811;0;591948;1316357;0;118389;263271;0;17759;39492;0;12484;284789;0;584;110;0;12;6;0;0;0;1333548;0;0;1279306;0;0;112518;0;0;0;0;0;22439;0;0;3376;0;0;59922;0;0;13;0;0;1;0;0;0;0;0;0;0;0;0;0;0;0;0;0;0;0;0;0;0;0;0;0;0;0;0;0;0;0;0;0;0;365763;0;0;347667;0;0;21376;0;0;641;0;0;3281;0;0;3;0;0;121929546;0;95780197;0;29003595;0;5800720;0;870108;0;2854247;0;306;0;32;0;6591828;6023634;7060;581384;20250;116277;17442;27;14;6;0;0;0;0;0;0;0;12370800;13362975;4518653;3790788;8466490;7723984;1925277;326038;21617716;11236744;1618397;3259504;1752093;0;3304783;0;63935;3360000;21891;0;0;459791;0;0;0;0;0;0;0;0;64266;0;0;0;0;0;0;0;683061;314692;4287898;0;0;64216;5;0;0;232;1171602;6225850;57761;3;2134;1;0;1;0;0;0;0;0;0;0;341314;2;0;0;0;0;0;0
Рязанская область;1054104421;32615421;76839953;2141083;970655048;33401335;80094675;8472396;350667;54771;2051173;65825;6284;2692;78488537;3360811;160;75127726;7130971;14870116;2253832;0;32040;235185;6;1747890;263776;899680;2828;135990;424;672162;155435;9;0;0;0;0;0;0;1094822;794;5739344;18700773;0;0;5274;330;3089;483;32;798589;4043608;1120835;790434;3762013;1052910;8155;424043;67924;1631;84809;13585;245;12721;2038;0;137048;0;233;51;1;0;2;0;77249;0;1956865;130192;0;1690572;0;0;264654;0;0;0;0;0;44991;0;0;7940;52943;0;0;1;0;3;1;0;0;0;0;0;0;0;0;0;0;0;0;0;0;0;0;0;0;0;0;0;0;0;0;0;0;0;0;0;0;0;0;0;167221;0;0;165236;0;0;2493;0;0;75;0;0;508;0;0;1;0;0;62679200;0;50351949;0;12971450;0;2594290;0;389144;0;644200;0;156;0;12;0;935395;781389;121131;82578;9740;16516;2477;13;8;2;0;0;0;0;0;0;0;38485;35796;833853;2218455;0;6704;743;100;7171160;2231648;92859;3422672;1250886;0;95;0;0;0;0;0;0;0;0;0;0;0;0;0;0;0;0;0;0;0;0;0;0;0;0;0;1250000;0;0;0;0;0;0;80;97227;1437882;545;1;0;0;0;0;0;0;238;1;48;0;0;0;0;0;0;0;0;0;0
Самарская область;3851062908;214262709;632625028;31527884;3479017015;231145824;648434323;47702903;742093;422290;35975610;3087551;155301;231;320867452;6100976;749;314766476;35717725;61114940;9429586;18808;65059;565077;18;10432616;1583998;6501580;78083;1099950;11708;1220195;1600586;7;13324;224363;6;0;0;0;3688604;3545;33425973;225801763;113744;42535;21512;1595;7638;1572;39;4297628;13272278;1865631;4076401;12338372;1761878;235565;1086108;103754;47113;217221;20751;7066;32584;3113;14339;152203;0;411;88;10;7;6;0;708185;0;35552061;699901;0;32667900;40098;0;3113699;0;0;0;4010;0;492284;1203;0;76216;31814;0;294542;3;0;53;1;0;8;0;0;319950693;0;0;321995454;0;0;0;0;0;0;0;0;0;0;0;0;0;0;0;0;0;0;2044761;0;0;1;0;0;1;939014;0;0;863629;0;0;75385;0;0;2262;0;0;0;0;0;0;0;0;38552334;0;31278103;0;9136964;0;1827393;0;274109;0;1862732;0;148;0;15;0;8180502;7338027;36579;823037;17141;164607;24691;26;11;5;0;0;0;0;0;0;0;6423966;5661707;1924947;1995711;1473937;1803666;32312;348149;53185362;43008702;2833864;5948163;1336552;0;31940;0;417977;0;108653;0;0;3089;0;0;0;63;0;0;0;6272;409749;10481;82298;0;0;60000;0;0;69000;100000;0;24596;1;5673;1;0;0;253;1453143;20417284;0;0;14644;1;0;0;0;0;0;0;0;0;0;383901;5;3827;1;0;0;0;0
Саратовская область;1199777783;285166716;75903654;16380784;1116570546;293213059;68157453;26538798;287484;329257;1838877;29012;10248;0;90693169;3730214;329;86962956;17904112;17376889;2608016;0;0;0;0;4577012;687345;1534162;31832;230520;4775;746042;0;0;873;14835;1;0;0;0;761750;1058;60000860;67009107;20935;7208;8585;743;2552;786;1128;2600853;7299376;0;2541176;6260344;0;69860;1051679;0;13971;210336;0;2095;31550;0;10183;12647;0;289;103;0;7;4;0;264429;0;222163;228756;0;205269;99621;0;17295;0;0;0;9962;0;2594;2989;0;519;76222;0;401;3;0;4;1;0;1;0;0;0;0;0;0;0;0;0;0;0;0;0;0;0;0;0;0;0;0;0;0;0;0;0;0;0;0;0;0;0;249025;0;0;243743;0;0;5293;0;0;159;0;0;11;0;0;1;0;0;45385722;0;33347966;0;12338449;0;2467690;0;370153;0;300694;0;156;0;6;0;2451085;2443294;11391;12272;15872;2454;368;7;4;0;0;0;0;0;0;0;0;4030661;4061085;350;36295;11;155;0;77230;6552888;5143290;123811;1237011;40269;0;987;0;30000;0;49;0;0;0;0;0;0;0;0;0;0;12532;30000;0;0;0;0;0;52;0;0;0;0;0;0;58603;3;0;0;108;295843;4177917;0;0;0;1;0;0;0;0;0;0;0;0;0;521059;3;11978;2;0;0;0;0
Сахалинская область;447580764;83469330;93808075;21616835;367481370;104055802;68880839;20483375;179995;228418;10204192;221489;12399;18;94990222;1743408;177;93246814;19446100;18649128;2797169;13346;654710;3273550;1;2409025;361368;1273470;18537;204913;2781;348682;0;0;0;0;0;0;0;0;4276942;0;81695892;66453618;0;0;1382;505;909;107;31;24302;1040748;0;23617;979281;0;685;108462;0;137;21692;0;21;3254;0;0;46995;0;10;24;0;0;8;0;5200591;0;5703601;4941348;0;5868906;152135;0;325872;0;0;0;15213;0;65174;4564;0;9776;0;0;491177;1;0;9;0;0;5;0;7076641;0;0;7573524;0;0;5094;0;0;48392;0;0;0;827;0;0;8706;0;0;1306;0;0;550368;0;0;14;0;0;9;0;256130;209232;0;249739;210673;0;6392;0;0;192;0;0;0;1441;0;0;1;0;17630148;0;13672993;0;4065465;0;813093;0;121964;0;108309;0;6;0;2;0;18429111;15950820;7487;4737349;2266545;947343;142225;35;17;23;4935;296997;0;0;0;292061;1;0;0;22444;70525;0;0;187;0;20885377;18829131;50662;1436187;569395;0;0;0;0;569395;0;0;0;2250000;0;423448;0;0;0;0;0;0;0;0;248131;0;0;0;0;0;94006;63727;11329;0;0;0;0;0;0;70;412648;3174324;0;0;0;0;0;0;0;0;0;0;0;0;0;20910;1;0;0;0;0;0;0
Свердловская область;7923092002;1346701839;727831641;731787632;7307860569;1344696770;664613210;789850843;1798779;1443951;51306486;51020102;898574;1555;632123561;21070264;1528;611054296;105395203;119644257;18337469;139032;61964;295870;17;27057087;4295815;4387992;106362;662659;19695;4214052;2604692;15;33;558;1;0;0;0;7177169;6213;161224312;294772640;38672;92898;31192;3306;9205;1846;679;7859209;23277565;97436;7650408;18151887;85144;273123;2310433;14006;54625;462087;2801;8193;69313;420;64322;268945;1714;589;159;2;39;19;1;0;0;5541139;0;0;4202209;0;0;1391927;0;0;0;0;0;208788;0;0;41758;0;0;79756;0;0;14;0;0;3;0;0;0;0;0;0;0;0;0;0;0;0;0;0;0;0;0;0;0;0;0;0;0;0;0;0;0;0;0;0;0;561373;0;0;548286;0;0;14346;0;0;431;0;0;1198;0;0;3;0;0;30652523;0;26820983;0;3901566;0;780313;0;117047;0;70026;0;46;0;3;0;904133;860984;6682;86963;50496;17393;2609;21;10;3;0;0;0;0;0;0;0;49391548;49706553;42144757;39632323;57283;15056;4246863;20220841;88993821;39312820;2688595;9584577;36794569;0;380033;26780;85693;3808;73893;25494;0;469389;0;0;0;0;224945;0;0;47133;8951946;8041;55000;0;0;0;3000;33558;33165;93861;20956;213241;4;478220;6;0;0;447;4871619;19131744;13448;4;0;0;270;1;0;0;0;0;0;0;0;1521602;6;259305;6;0;0;0;0
Смоленская область;1119719948;61034543;71672409;9663911;1045755191;63922104;75942334;11816364;229820;553993;261779;1439206;39580;3;69623294;3742134;417;65881160;5925230;13152257;1976434;37347;12077;108456;5;2575860;386573;745630;122116;111462;18317;748427;23975;7;0;0;0;0;0;0;892935;0;14428370;15719326;34062;0;6060;1052;2823;859;13;740255;1893599;0;549665;1493442;0;190590;402225;0;38118;80445;0;5718;12067;0;0;2068;0;16;49;0;0;2;0;0;0;77425;0;0;77426;0;0;1118;0;0;0;0;0;224;0;0;34;0;0;1120;0;0;4;0;0;1;0;0;0;0;0;0;0;0;0;0;0;0;0;0;0;0;0;0;0;0;0;0;0;0;0;0;0;0;0;0;0;22504;0;0;22460;0;0;44;0;0;1;0;0;0;0;0;0;0;0;9356785;1482493;8684610;1424649;915238;57844;183048;11569;27457;1735;243063;0;21;1;7;0;1824638;1660301;2093;205668;43425;41133;6170;13;4;2;0;0;0;0;0;0;0;1517868;1568281;1483;1419;1376;0;32;0;5324651;1715173;18906;2904284;79828;0;597785;0;0;26089;632205;0;8678;0;0;0;0;0;0;0;0;0;0;0;0;0;0;0;0;484;31579;63879;65741;0;0;0;0;0;0;60;346800;1323530;24300;1;0;0;0;0;0;0;0;0;0;0;0;25;1;596;1;0;0;0;0
Тамбовская область;546458443;34120772;72695428;4886450;501716301;36059806;45885695;9112444;167400;97271;24052712;610388;6588;0;47659976;3527590;88;44132386;6678145;8820593;1323972;0;11344;97721;2;997021;150798;416828;24212;61130;3632;705518;5884;1;0;0;0;0;0;0;820467;0;24981658;24096004;0;0;2719;198;1482;160;192;1588981;1265037;0;1378987;1066879;0;210909;200402;0;42182;40080;0;6326;6012;0;915;2244;0;134;21;0;2;1;0;0;0;450474;0;0;411233;0;0;39241;0;0;0;0;0;7848;0;0;1177;0;0;0;0;0;5;0;0;0;0;0;0;0;0;0;0;0;0;0;0;0;0;0;0;0;0;0;0;0;0;0;0;0;0;0;0;0;0;0;0;116135;0;0;115672;0;0;463;0;0;14;0;0;0;0;0;0;0;0;164219558;0;135546111;0;31344866;0;6268973;0;940346;0;2671419;0;163;0;11;0;49488;45535;0;5937;1984;1187;178;5;2;1;0;0;0;0;0;0;0;0;0;157841;157841;0;0;0;14266;17518707;11282871;175293;5766882;228113;0;0;0;0;0;0;0;0;0;0;0;0;0;0;0;0;0;0;0;0;0;0;0;0;0;0;112286;115827;0;0;0;0;0;0;28;61878;681494;0;0;1580;1;0;0;0;0;0;0;0;0;0;0;0;0;0;0;0;0;0
Тверская область;842059849;209114939;40902720;50421863;779749999;215241864;43136906;53810236;291521;73326;206080;7713559;114103;0;60047001;3331698;298;56715305;17155378;11343022;1701457;0;18202;72809;2;1462879;218988;659112;25234;101848;3785;666340;0;0;0;0;0;0;0;0;757351;1304;19799079;61324795;1776;0;5556;800;3232;515;18;587702;5216343;2869;580263;4912097;2869;21239;307493;0;4247;61498;0;637;9225;0;13905;3246;0;107;50;1;45;5;0;0;0;0;0;0;0;0;0;0;0;0;0;0;0;0;0;0;0;0;0;0;0;0;0;0;0;0;0;0;0;0;0;0;0;0;0;0;0;0;0;0;0;0;0;0;0;0;0;0;0;0;0;0;0;0;0;0;0;482080;0;0;453181;0;0;31052;0;0;932;0;0;2152;0;0;2;0;0;29765989;0;29330092;0;2007668;0;401534;0;60230;0;1571771;0;43;0;16;0;3333723;2340720;0;909123;139;181825;27274;4;2;2;0;0;0;0;0;0;0;16714;2456;270320;270165;0;0;161;325925;5140641;4080005;300996;612621;144787;0;2232;0;90000;42088;162;0;0;0;0;0;0;0;0;403;0;39893;0;0;20000;0;0;0;0;0;803396;56982;825;0;0;0;0;0;0;72;164483;1476750;400;1;1941;2;0;0;0;0;0;0;0;0;0;14278;1;0;0;0;0;0;0
Томская область;1087551409;502130288;63989432;43469015;1025978065;518509356;35645714;48294225;61033;43995;30265751;16647958;30646;357;59778498;3860516;227;55918033;37802597;11086757;1660162;460;0;0;0;2208125;325805;949018;19580;147219;2937;772103;352;5;17382;78938;13;0;0;0;868775;3522;20483038;126002675;88303;4896325;4028;609;2036;409;64;1389445;5172461;0;1324339;4543843;0;68391;648744;0;13678;129749;0;2052;19462;0;3285;19870;0;273;49;0;2;6;0;0;0;1317772;0;0;1247817;0;0;86378;0;0;0;0;0;12957;0;0;2591;0;0;16424;0;0;8;0;0;3;0;0;0;0;0;0;0;0;0;0;0;0;0;0;0;0;0;0;0;0;0;0;0;0;0;0;0;0;0;0;0;1411;0;0;1366;0;0;45;0;0;1;0;0;0;0;0;0;0;0;26332664;0;24972435;0;2246856;0;449371;0;67406;0;886627;0;45;0;8;0;52462;47449;333;11158;6478;2232;335;5;2;1;0;0;0;0;0;0;0;5579;9520;9657732;12433974;201463;107950;96305;2;40717828;38569728;219542;1665738;258906;0;2458;0;0;1153;257687;0;0;255510;0;0;0;0;19254;1214;0;0;0;0;0;0;0;0;0;0;0;0;0;41644;2;0;0;0;0;102;653663;5256979;0;0;0;0;0;0;0;0;0;0;0;0;0;314643;3;0;0;0;0;0;0
Тульская область;1448394536;336673591;64558255;27132747;1252262073;339947079;69501990;70847701;240809;3172558;3789487;337064;294774;454;187387268;6809138;361;180578130;44153402;35679186;5409589;7640;1279929;9066338;13;5085579;776601;8015172;23660;1032983;3549;1361828;296894;5;7755;131838;5;0;0;0;12144582;1195;17078976;109830799;399;0;6083;701;2997;553;50;517984;4408560;0;496012;3627172;0;22094;791112;0;4419;158222;0;663;23733;0;122;9724;0;105;33;0;1;3;0;0;0;1409481;0;0;1879666;0;0;223456;0;0;0;0;0;44691;0;0;6704;0;0;693642;0;0;14;0;0;9;0;0;185092049;0;0;167417447;0;0;10354890;0;0;21467303;0;0;0;0;0;0;4293461;0;0;644019;0;0;10406229;0;0;3;0;0;2;430167;0;0;428179;0;0;15572;0;0;467;0;0;13584;0;0;2;0;0;53384959;0;42744267;0;11611781;0;2322356;0;348353;0;971089;0;89;0;8;0;4900231;4706155;0;292605;98529;58521;8778;14;8;9;0;0;0;0;0;0;0;18403;3417;838054;1036600;101816;0;105180;60808;22767874;20452292;856416;844931;528962;0;2446;0;0;0;469008;0;0;0;0;2942;0;0;0;1621032;0;0;85959;0;0;0;0;0;0;0;0;0;37248;11490;1;0;0;0;0;135;731530;3124130;1229;1;207;1;0;0;0;0;0;0;0;0;0;235563;3;79;2;0;0;0;0
Тюменская область;2768178071;146181949;159095271;12690586;2400454945;156612842;150324612;19492261;879723;119514;13810943;113981;221522;0;363532757;20472877;478;343059880;17227033;68117339;10291795;9980;0;0;0;32804707;4925894;1864784;16748;280650;2512;4094575;494635;12;0;0;0;0;0;0;4589210;0;205855674;211605505;314295;318;6305;1392;2925;446;57;4926377;8521928;0;5025555;7584220;0;21013;1041293;0;4203;208259;0;630;31239;0;120191;103585;0;83;58;0;13;8;0;895797;0;0;782877;0;0;145048;0;0;0;0;0;14505;0;0;4351;0;0;61479;0;0;4;0;0;3;0;0;0;0;0;0;0;0;0;0;0;0;0;0;0;0;0;0;0;0;0;0;0;0;0;0;0;0;0;0;0;0;0;325923;0;0;328684;0;0;10310;0;0;309;0;0;13070;0;0;1;0;0;55251616;0;46873623;0;8849306;0;1769861;0;265479;0;471313;0;141;0;20;0;9499545;9552302;8871;392458;454086;78492;11774;16;8;4;0;0;0;0;0;0;0;799493;805873;1516704;1357795;0;0;191714;0;6975461;5083945;101926;1754736;6214;0;40;0;0;0;40;0;0;60000;0;0;0;0;0;0;0;0;6214;0;0;0;0;0;0;0;0;0;0;2627321;2;2713350;1;2626705;1;133;2255250;14397000;4201;2;0;0;0;0;0;0;0;0;0;0;0;23085;4;25;1;0;0;0;0
Ульяновская область;761443326;62406937;69076818;2602946;730795616;66715548;46240071;7027010;216330;46916;555210;0;80880;932;53089011;4663911;139;48442409;8686532;9477522;1443003;7;0;0;0;2578566;389148;479633;75279;74640;14321;932782;57682;9;9744;143528;16;0;0;0;1143736;61;32704846;31516255;1728;931;5772;230;1746;361;35;1238501;1888024;347585;1139003;1720109;301291;99499;167914;46294;19900;33583;9259;2985;5037;1389;0;0;0;50;30;1;0;0;0;1172693;0;4718634;1298284;0;3989989;0;0;800959;0;0;0;0;0;160192;0;0;24029;125591;0;72364;1;0;31;1;0;7;0;0;424567;0;0;828675;0;0;0;0;0;0;0;0;0;0;0;0;0;0;0;0;0;0;404108;0;0;1;0;0;1;213232;0;0;191543;0;0;21688;0;0;651;0;0;0;0;0;0;0;0;14944953;0;11813253;0;3483180;0;696636;0;104495;0;351480;0;61;0;5;0;192942;189041;0;6082;2181;1216;182;6;3;1;0;0;0;0;0;0;0;8419;8517;81464;80656;0;0;849;4534;8443916;5650477;178483;1616596;957547;0;39665;0;640000;356523;689;0;0;0;0;0;0;0;0;0;0;0;0;0;0;0;0;0;0;0;639997;582248;0;0;0;822033;2;0;0;75;122292;1000090;20199;1;84;1;147;1;0;0;0;0;0;0;0;0;0;0;0;0;0;0;0
Челябинская область;4117352992;532934700;477198141;39201846;3703520290;539423907;517375503;71548286;2806676;244115;7973805;2979890;334200;91;368211472;10977681;1049;357233792;41563070;71136982;10716509;27122;177248;1285983;40;8912858;1348461;2940720;70047;411951;10507;2195536;309270;14;0;0;0;0;0;0;3968037;117;35120957;134981518;611731;0;20548;2310;7619;1234;58;3850467;16208139;43097;3702533;14360408;42453;151052;1858117;644;30211;371624;129;4532;55743;19;117;22222;0;352;113;1;1;11;0;3628620;0;6811668;2701515;0;8716389;829928;0;791739;0;0;0;82993;0;147245;24898;0;21902;0;0;2696460;2;0;30;0;0;6;0;0;2614176;0;0;1486923;0;0;0;0;0;1127254;0;0;0;0;0;0;225451;0;0;33818;0;0;0;0;0;1;0;0;0;468908;0;0;416997;0;0;51911;0;0;1558;0;0;0;0;0;0;0;0;21966146;0;23755912;0;1053910;0;210782;0;31614;0;2843675;0;35;0;7;0;4448912;5529580;0;31012;1111680;6202;930;13;9;1;0;0;0;0;0;0;0;611135;464407;16127100;16050513;1501;0;73396;4101254;28895089;21870693;2208170;4479919;327598;0;3217;0;60000;3000;11230;30000;0;578535;0;0;0;0;24000;0;0;0;60000;43110;827;0;0;0;0;0;0;8564;21345;654568;3;18141;2;0;0;274;2474004;14590622;308;1;11868;5;10;1;0;0;0;0;0;0;0;6177699;5;33901;2;0;0;0;0
Забайкальский край;263799596;58722442;18740849;9511567;243640223;72107849;17453866;31259720;91737;97663;60132;10229;0;171;21555215;739648;94;20815567;35046296;4163089;624463;0;0;0;0;1251906;187762;537561;5258;80638;789;147930;0;0;0;0;0;0;0;0;147930;0;19943295;138694631;348;486;1539;457;1828;182;110;494683;4584989;161451;475635;3799365;109862;19048;794509;51590;3810;158902;10318;571;23835;1548;0;8884;0;150;46;2;0;3;0;98975995;18516023;25063236;48285304;14561427;45621810;51764609;2812425;2376498;0;0;0;10352922;84373;435620;1552938;84373;71295;1073919;0;24070437;2;2;20;1;0;10;0;0;0;0;0;0;0;0;0;0;0;0;0;0;0;0;0;0;0;0;0;0;0;0;0;0;0;0;0;0;0;0;0;0;0;0;0;0;0;0;0;0;0;0;0;0;0;0;0;1850129;0;2313568;0;0;0;0;0;0;0;463439;0;7;0;6;0;59603;49955;3389;6259;0;1252;188;2;0;1;0;0;0;0;0;0;0;0;0;67324;582086;0;0;67324;0;16471182;8347678;5844513;172086;2106905;0;0;0;0;0;2106905;0;0;9343;0;0;0;0;0;0;0;0;0;0;0;0;0;0;0;0;0;0;0;0;0;0;0;0;0;45;119594;1375716;0;0;0;0;0;0;0;0;0;0;0;0;0;0;0;0;0;0;0;0;0
Ярославская область;1449595090;132851473;68862179;34657145;1338993914;139524665;70544598;40602658;249756;1024788;7205588;6547119;260824;0;101819973;6750046;420;95069930;18141035;18925433;2852097;5978;0;0;0;4145372;624163;914301;22792;136803;3419;1350009;88531;8;0;0;0;0;0;0;1438540;216;25780135;49191019;98224;16124;8441;1022;2790;420;12;1631327;4567562;7866;1572390;3987591;7850;62521;582170;16;12504;116434;3;1876;17466;0;3584;2393;0;349;51;6;10;2;0;18058;0;7530723;51575;0;6290468;0;0;1270387;0;0;0;0;0;254077;0;0;38112;33517;0;30133;1;0;23;1;0;7;0;0;0;0;0;0;0;0;0;0;0;0;0;0;0;0;0;0;0;0;0;0;0;0;0;0;0;0;0;0;0;111651;0;0;102009;0;0;9908;0;0;297;0;0;267;0;0;1;0;0;37156061;0;31828442;0;5440349;0;1088070;0;163210;0;112730;0;50;0;12;0;136436;136320;1142;6604;7631;1320;198;14;8;1;0;0;0;0;0;0;0;1289852;1282034;255795;282407;683015;567197;117895;0;4242108;1282286;181789;2723953;22009;0;0;0;0;22000;0;0;0;60000;0;0;0;0;0;0;0;0;0;0;0;0;0;0;0;0;200000;55000;0;869898;1;26779;2;0;0;137;323303;2638371;74006;1;6317;3;111;2;0;0;0;0;0;0;0;98958;1;2100;1;0;0;0;0
Г.Москва;1,27076E+11;17578130281;6,03682E+11;2,07623E+11;1,19773E+11;18802577478;5,97235E+11;2,07126E+11;60985965;46289097;3839997234;1932644526;45638319;555692;10073971202;569149141;10345;9505580270;2598192782;1879847301;284873870;5546311;1200321;5983117;16;418906420;64012435;110967051;9135824;16672834;1376802;113829828;17936411;123;100013;1670294;34;0;418349;21;141138333;2340456;3157482151;9424663451;25215238;82778895;176001;25228;62077;7969;274;134480162;290861951;30594001;124804058;250590585;26589408;10879644;42550937;4051180;2175930;8510187;810236;326390;1276528;121535;1218083;2350518;49710;892;739;46;24;61;3;0;1861280;0;0;2233627;0;0;0;0;0;0;0;0;0;0;0;0;0;0;372347;0;0;1;0;0;1;0;0;145986;45321107;0;122137;43416997;0;0;42279;0;23850;1957024;0;0;1493;59426;0;3277;331979;0;715;58711;0;0;95193;0;2;5;0;0;1;3586554;0;0;2917778;0;0;683817;0;0;20514;0;0;37465;0;0;5;0;0;11711494;33649126;10011717;33680293;1717470;0;343494;0;51524;0;17693;31167;25;1;4;1;531832843;503509723;7767238;47364545;24921855;9472909;1420936;914;214;287;0;0;0;0;0;0;0;4407968659;4300339031;3359563076;3345837440;686291508;683448818;114165275;304884354;4546228442;1988587950;692795219;625648303;686594582;5015022;12125429;9110518;148047269;87302040;356315284;7542983;60686119;85575287;134842;36492448;37427856;246720888;15510251;89078477;81053;29476112;47507925;6739198;7897027;57230936;165442;2810175;7016271;18521794;94173982;117773704;120436007;13814733;16;1392868;35;53250;1;1858;102420268;377236074;20949;7;1189685;5;662457;16;0;0;81224;5;16245;438;1;12513346;11;2346129;8;0;0;0;0
Г.Санкт-Петербург;39247174604;3689961793;8009385969;53151071876;34227424849;3911414136;7481103690;53684035015;14880140;1729273;1073628802;341367203;1756676;4316;4475874396;72732223;3786;4403297006;1094004111;825682584;132047593;1644575;303323;2233977;12;223694719;36467512;27062937;2678263;4082150;401867;14546445;54656776;30;38791;181812;20;0;0;0;71961124;132282;581943020;1881146177;37560410;11637058;71179;7052;15944;1749;93;11610244;78182266;5914889;10614136;65669747;5466686;1012654;13138207;573512;202530;2627641;114702;30379;394146;17205;16544;573431;140150;1260;378;21;30;20;2;746109;0;0;720056;0;0;26053;0;0;0;0;0;2605;0;0;782;0;0;0;0;0;3;0;0;0;0;0;0;0;112580961;0;0;87539216;0;0;0;0;0;25041745;0;0;0;1073972;0;0;3934377;0;0;751252;0;0;0;0;0;3;0;0;0;3859724;0;0;3788186;0;0;97651;0;0;2930;0;0;26164;0;0;4;0;0;2417728;0;2063499;0;354228;0;70846;0;10626;0;0;0;14;0;0;0;25654894;29976186;237478;2162315;5937776;432463;64869;115;32;22;120066525;61986475;0;60631981;12126396;2551931;3;488481118;481459133;66999647;73590234;5616377;7166557;889780;13696364;1303896580;540543116;175708941;89477494;23420798;22750;985107;298120;14812873;2651023;4636709;1320807;0;4246432;0;125819;3090418;39977361;32500;60947;0;924647;7164300;723557;2836617;159482;2402258;112652;0;22750;7002858;2253201;1393279;2494155;8;534280;12;0;0;752;47380614;233801774;8982;2;48353;5;4241;3;0;0;4491;2;898;150266;2;31428782;6;1911811;2;0;0;0;0
Г.Севастополь;102236045;10084078;4313342;1897617;96438690;14872861;3438732;646433;9078;307101;36900;0;3071;0;6641072;338084;69;6302988;3230498;1260598;189090;0;0;0;0;261043;39179;161422;9715;24213;1457;67617;0;0;0;0;0;0;0;0;67617;0;1241899;9711091;0;0;1589;163;862;112;10;439318;864136;0;419816;724319;0;19502;149608;0;3900;29922;0;585;4488;0;0;9791;0;82;12;0;0;1;0;0;0;0;0;0;0;0;0;0;0;0;0;0;0;0;0;0;0;0;0;0;0;0;0;0;0;0;0;59211712;0;0;51901452;0;0;73481;0;0;7421208;0;0;0;355375;0;0;1128788;0;0;222557;0;0;184429;0;0;190;0;0;16;0;35583;0;0;35452;0;0;131;0;0;4;0;0;0;0;0;0;0;0;6435;0;6435;0;0;0;0;0;0;0;0;0;1;0;0;0;0;0;0;0;0;0;0;0;0;0;0;0;0;0;0;0;0;21967;0;0;0;0;0;0;7504;1158855;705651;41622;404081;0;0;7500;0;0;0;0;0;0;0;0;0;0;0;0;0;0;0;0;0;0;0;0;0;0;0;0;0;0;0;0;0;0;0;0;13;8475;379117;0;0;6558;1;0;0;0;0;0;0;0;0;0;0;0;0;0;0;0;0;0
Еврейская автономная область;16813625;3296950;440024;1866081;15685992;4814303;607419;3390565;15528;166;0;0;0;0;975766;25173;27;950592;3041671;190118;28518;0;0;0;0;30470;4571;37547;384;5632;58;5035;0;0;0;0;0;0;0;0;5035;0;13698401;9336789;0;0;298;79;352;59;41;72195;183142;0;71993;171929;0;202;11212;0;40;2242;0;6;336;0;0;0;0;1;8;0;0;0;0;25371142;0;0;23586133;0;0;892505;0;0;0;0;0;89250;0;0;26775;0;0;0;0;0;1;0;0;0;0;0;0;0;0;0;0;0;0;0;0;0;0;0;0;0;0;0;0;0;0;0;0;0;0;0;0;0;0;0;0;0;0;0;0;0;0;0;0;0;0;0;0;0;0;0;0;0;0;0;0;122552;0;77219;0;58959;0;11792;0;1769;0;13626;0;4;0;2;0;0;15312;0;0;15312;0;0;1;1;1;0;0;0;0;0;0;0;0;0;0;0;0;0;0;0;227464;219619;1387;6458;0;0;0;0;0;0;0;0;614973;0;0;0;0;0;0;0;0;0;0;0;0;0;0;0;0;0;153472;0;0;0;0;0;0;0;0;3;13;2610;0;0;0;0;0;0;0;0;0;0;0;0;0;0;0;0;0;0;0;0;0
Ненецкий автономный округ;0;0;0;0;0;0;0;0;0;0;0;0;0;0;0;0;0;0;0;0;0;0;0;0;0;0;0;0;0;0;0;0;0;0;0;0;0;0;0;0;0;0;0;0;0;0;0;0;0;0;0;0;0;0;0;0;0;0;0;0;0;0;0;0;0;0;0;0;0;0;0;0;0;0;0;0;0;0;0;0;0;0;0;0;0;0;0;0;0;0;0;0;0;0;0;0;0;0;0;0;0;0;0;0;0;0;0;0;0;0;0;0;0;0;0;0;0;0;0;0;0;0;0;0;0;0;0;0;0;0;0;0;0;0;0;0;0;0;0;0;0;0;0;0;0;0;0;0;0;0;0;0;0;0;0;0;0;0;0;0;0;0;0;0;0;0;0;0;0;0;0;0;0;0;0;0;0;0;0;0;0;0;0;0;0;0;0;0;0;0;0;0;0;0;0;0;0;0;0;0;0;0;0;0;0;0;0;0;0;0;0;0;0;0;0;0;0;0;0;0;0;0;0;0;0;0;0;0;0;0;0;0;0;0;0;0;0;0;0;0;0;0;0;0;0;0;0;0;0;0;0;0;0;0;0
Ханты-Мансийский автономный округ - Югра;7738616858;480187188;1338119549;24375666;6841017171;489779620;1317210207;43557574;758439;68842;45594028;39327;365156;775;873265649;14907487;360;859369339;28745598;146843712;25744957;1310;19420;113318;3;66563827;11862738;7417051;1299218;1256863;202168;2981497;24789410;30;0;0;0;0;0;0;27903645;0;144820083;91439926;1477435;32356;4749;784;2376;559;33;3128105;7421638;0;2946147;6799689;0;186997;627285;0;37400;125457;0;5610;18819;0;12879;26190;0;192;72;0;3;10;0;0;0;0;0;0;0;0;0;0;0;0;0;0;0;0;0;0;0;0;0;0;0;0;0;0;0;0;0;0;0;0;0;0;0;0;0;0;0;0;0;0;0;0;0;0;0;0;0;0;0;0;0;0;0;0;0;0;0;213622;0;0;208301;0;0;5321;0;0;160;0;0;0;0;0;0;0;0;45506;3280201;45428;3221086;78;59115;16;11823;2;1773;0;0;1;1;0;0;57944665;48639486;74743;11137087;1906650;1785329;334113;12;5;15;0;0;0;0;0;0;0;22594309;22740014;2604249;2727459;0;0;7193;0;231079660;175998351;32249092;16351608;6201405;0;262749;0;2789768;1674171;1757568;0;0;0;0;0;0;0;0;735538;0;0;0;0;0;0;0;0;0;0;0;0;0;216150;1;534;1;0;0;159;8371117;126275850;0;0;0;0;0;0;0;0;0;0;0;0;0;13791502;18;242015;2;0;0;0;0
Чукотский автономный округ;110445776;29730180;19696034;9531807;94870981;43809343;14817528;4735452;48647;53694;0;0;445;0;20501503;106988;9;20394515;9228557;4077794;610728;0;0;0;0;159831;23975;721984;1626;108189;244;21398;0;0;0;0;0;0;0;0;21398;0;3555761;53597833;0;0;133;67;23;5;220;439;0;0;439;0;0;0;0;0;0;0;0;0;0;0;0;0;0;1;0;0;0;0;0;0;0;15303603;0;0;13971291;0;0;1861291;0;0;0;0;0;325436;0;0;45047;0;0;638032;0;0;16;0;0;9;0;5581397;0;0;5624428;0;0;0;0;0;382486;0;0;0;0;0;0;76497;0;0;11475;0;0;425518;0;0;5;0;0;2;0;0;0;0;0;0;0;0;0;0;0;0;0;0;0;0;0;0;0;0;0;0;0;0;0;0;0;0;0;0;0;0;0;0;0;1422746;1304937;0;117809;0;23562;3534;1;0;0;0;0;0;0;0;0;0;0;0;0;0;0;0;0;557;4699173;984750;5244;40261;3668918;0;0;0;0;3668918;0;0;0;0;0;0;0;0;0;0;0;0;0;0;0;0;0;0;0;0;0;283909;0;0;0;0;0;0;0;11;37420;1514711;0;0;0;0;0;0;0;0;0;0;0;0;0;190632;2;0;0;0;0;0;0
Ямало-Ненецкий автономный округ;2311537961;327480790;402947763;587606596;1858802765;329430916;86439966;738929859;261746;2150673;343606571;2427;12648;161;425912906;10136657;111;415776386;149343843;75497017;12473233;0;32536;104241;1;5247658;815872;28829199;166254;4454007;24938;2027331;7657219;6;0;0;0;0;0;0;9821327;0;268414917;590061112;0;465;1091;279;616;158;17;398042;1765586;35627;251771;1691883;33851;147971;109658;1776;29594;21932;355;4439;3290;53;1699;35954;0;107;20;3;8;6;0;0;0;0;0;0;0;0;0;0;0;0;0;0;0;0;0;0;0;0;0;0;0;0;0;0;0;0;0;0;0;0;0;0;0;0;0;0;0;0;0;0;0;0;0;0;0;0;0;0;0;0;0;0;0;0;0;0;0;10907;0;0;10847;0;0;878;0;0;26;0;0;818;0;0;3;0;0;32034;0;31839;0;3779;0;756;0;113;0;3583;0;2;0;1;0;64335644;65103299;104080;3184056;4055791;636811;95522;28;9;11;1293;330932;0;0;0;329639;2;0;0;3611778;5835927;0;0;27385;0;326995538;145097516;29809900;42028846;110056843;0;0;0;102887162;0;5341000;0;0;1911000;0;0;0;0;0;0;0;0;10000000;0;0;3577000;0;0;0;0;102887162;0;0;0;0;0;0;0;0;60;14278814;94866133;0;0;0;0;0;0;0;0;0;0;0;0;0;204402;2;0;0;0;0;0;0
