G1;G2;G3;;;;;
;строки 2020+3020+4020+5020+6020+7020;строки 2050+3050+4050+5050+ 6050+7050;;;;;
Белгородская область;170 169 466 939,78;20 877 758 377,00;;;;;
Брянская область;93 887 901 189,59;11 543 732 940,00;;;;;
Владимирская область;135 025 288 337,14;16 741 427 074,00;;;;;
Воронежская область;239 923 370 245,49;28 402 487 339,00;;;;;
Ивановская область;74 513 204 681,61;9 140 976 280,00;;;;;
Калужская область;137 039 575 030,25;17 396 416 016,00;;;;;
Костромская область;62 235 062 124,42;7 485 373 291,00;;;;;
Курская область;100 332 531 549,32;12 450 695 508,00;;;;;
Липецкая область;122 426 592 580,00;14 129 858 645,00;;;;;
Московская область;1 300 930 625 229,76;164 983 619 161,00;;;;;
Орловская область;67 010 435 565,14;11 007 016 796,00;;;;;
Рязанская область;114 518 788 287,91;14 273 290 902,00;;;;;
Смоленская область;92 706 201 414,23;11 594 722 526,00;;;;;
Тамбовская область;82 292 532 978,77;9 947 950 317,00;;;;;
Тверская область;137 895 027 834,53;17 255 591 036,00;;;;;
Тульская область;165 141 409 603,98;20 087 066 836,00;;;;;
Ярославская область;155 415 985 249,45;18 705 448 399,00;;;;;
город Москва;8 511 891 693 266,85;612 673 339 005,00;;;;;
Республика Карелия;82 722 947 610,08;10 299 503 339,00;;;;;
Республика Коми;182 569 332 333,72;22 912 045 086,00;;;;;
Архангельская область и Ненецкий АО;206 160 780 690,51;25 821 580 758,00;;;;;
Вологодская область;165 011 744 333,48;18 482 970 801,00;;;;;
Калининградская область;126 146 479 090,83;14 272 740 375,00;;;;;
Ленинградская область;228 612 766 719,17;28 550 836 396,00;;;;;
Мурманская область;195 354 108 407,38;24 869 709 742,00;;;;;
Новгородская область;71 320 109 724,32;8 823 544 616,00;;;;;
Псковская область;60 826 624 021,68;7 550 168 743,00;;;;;
город Санкт-Петербург;1 514 318 023 318,05;166 874 078 795,00;;;;;
Республика Дагестан;71 934 029 026,50;8 367 935 427,00;;;;;
Республика Ингушетия;11 819 504 544,59;1 333 961 822,00;;;;;
Кабардино-Балкарская Республика;35 048 897 878,76;4 259 492 797,00;;;;;
Карачаево-Черкесская Республика;22 579 372 480,34;2 775 156 481,00;;;;;
Республика Северная Осетия-Алания;33 894 557 896,77;4 170 001 767,00;;;;;
Чеченская Республика;44 797 445 592,98;5 329 745 872,00;;;;;
Ставропольский край;201 148 121 712,84;23 995 751 739,00;;;;;
Республика Адыгея;27 925 879 012,73;3 413 670 770,00;;;;;
Республика Калмыкия;14 757 867 924,81;1 785 177 195,00;;;;;
Республика Крым;11 066 472 935,86;1 427 069 864,00;;;;;
Краснодарский край;569 077 014 921,23;69 552 229 014,00;;;;;
Астраханская область;101 434 966 944,79;11 930 600 051,00;;;;;
Волгоградская область;231 871 839 966,68;27 623 878 814,00;;;;;
Ростовская область;412 555 798 886,03;49 261 344 594,00;;;;;
город Севастополь;3 362 139 863,03;432 101 588,00;;;;;
Республика Башкортостан;399 938 532 667,88;46 474 132 300,00;;;;;
Республика Марий-Эл;57 616 606 067,36;7 011 117 857,00;;;;;
Республика Мордовия;64 928 016 348,47;7 978 989 030,00;;;;;
Республика Татарстан;501 452 715 439,59;57 795 652 249,00;;;;;
Удмуртская Республика;173 000 393 801,26;20 428 294 257,00;;;;;
Чувашская Республика;102 499 516 795,35;11 936 553 576,00;;;;;
Кировская область;120 785 485 023,52;14 785 305 329,00;;;;;
Нижегородская область;429 455 347 606,31;51 949 925 839,00;;;;;
Оренбургская область;187 740 076 616,18;22 881 841 590,00;;;;;
Пензенская область;104 822 979 765,66;12 393 973 151,00;;;;;
Пермский край;348 540 601 431,08;40 113 025 401,00;;;;;
Самарская область;435 266 653 184,38;52 096 435 619,00;;;;;
Саратовская область;222 216 301 986,10;27 050 527 165,00;;;;;
Ульяновская область;111 008 407 863,03;13 784 152 268,00;;;;;
Курганская область;68 182 151 696,63;8 386 702 670,00;;;;;
Свердловская область;730 864 319 152,42;83 270 998 294,00;;;;;
Тюменская область;236 783 953 716,29;27 993 035 816,00;;;;;
Челябинская область;418 528 252 265,97;50 056 603 241,00;;;;;
Ханты-Мансийский АО - Югра;599 467 828 146,08;75 521 947 128,00;;;;;
Ямало-Hенецкий АО;334 934 129 460,16;43 428 582 586,00;;;;;
Республика Алтай;15 649 251 566,25;1 893 069 725,00;;;;;
Республика Бурятия;93 269 087 735,07;11 613 987 712,00;;;;;
Республика Тыва;22 135 768 315,61;2 697 210 035,00;;;;;
Республика Хакасия;55 712 895 212,02;6 892 270 514,00;;;;;
Алтайский край;184 351 925 255,64;21 889 734 518,00;;;;;
Красноярский край;491 254 720 246,88;60 070 350 165,00;;;;;
Иркутская область;338 976 377 815,79;40 827 633 409,00;;;;;
Кемеровская область;342 438 560 987,31;61 688 933 258,00;;;;;
Новосибирская область;400 836 480 959,93;45 350 268 255,00;;;;;
Омская область;199 200 488 282,03;22 780 210 881,00;;;;;
Томская область;153 257 215 389,52;18 263 881 707,00;;;;;
Забайкальский край;119 599 771 989,35;15 052 487 417,00;;;;;
Республика Саха (Якутия);231 444 357 310,90;29 412 882 386,00;;;;;
Приморский край;268 138 034 746,23;34 063 244 327,00;;;;;
Хабаровский край;263 941 782 076,29;33 428 570 102,00;;;;;
Амурская область;114 891 204 039,71;14 477 038 911,00;;;;;
Камчатский край;98 311 297 943,15;12 577 286 400,00;;;;;
Магаданская область;54 038 826 202,40;6 958 682 902,00;;;;;
Сахалинская область;149 424 674 194,15;19 220 558 862,00;;;;;
Еврейская автономная область;19 843 985 752,06;2 526 959 701,00;;;;;
Чукотский АО;28 462 384 678,64;3 672 260 335,00;;;;;
