GA;GB;G1;G2;G3;G4;G5;G6;G7;G8;G9;G10;G11;G12;G13;G14;G15;G16;G17;G18;G19;G20;G21;G22;G23;G24;G25;G26;G27;G28;G29;G30;G31;G32;G33;G34;G35;G36;G37;G38;G39;G40;G41;G42;G43;G44;G45;G46;G47;G48;G49;G50;G51;G52;G53;G54;G55;G56;G57;G58;G59;G60;G61;G62;G63;G64;G65;G66;G67;G68;G69
    Белгородская область;6672;27;0;0;64571;54;5;7499;7118;2277;1630;870;619;344;32;28;14;25;3574;587;1639;8650;1073;2628;7275;9541;44;76;44883;30;12;0;0;1;5;0;1;3;8284;19106;17191;27679;47504;9917;17546;5018;2;4;110;19860;12625;3350;39472;8176;36764;206019;39;313;446145;95;456;0;0;6;372;0;46;365;3720;0
    Брянская область;4073;6;0;0;40626;91;4;4543;5146;1019;646;457;211;138;15;111;6;16;1862;409;835;5981;583;1325;5660;4261;53;29;28595;39;8;0;0;0;0;30;4;4;2981;10023;6441;10744;23064;3094;7425;2683;5;1;36;8895;5633;1019;13832;3643;14050;122787;35;100;223150;132;251;0;0;0;0;46;127;713;20;0
    Владимирская область;4885;101;0;0;39552;105;15;3394;5320;1372;873;520;324;157;21;89;5;28;1713;402;1127;6903;766;1187;3362;5747;153;89;26981;48;10;1;0;1;2;14;1;15;4778;16970;8513;14371;27743;5472;8122;3274;2;1;46;7837;7246;2317;31394;5831;15066;91277;136;351;232082;42;359;15;0;2;143;40;5;4084;7706;0
    Воронежская область;7937;2003;0;0;93197;361;45;8526;9952;2983;2396;1419;1077;641;52;55;11;41;2021;462;1912;10129;1581;2323;6914;10160;67;103;50723;91;46;1;0;2;19;44;0;40;12680;31922;23135;41271;82347;17926;34827;8175;2;2;139;11896;10901;3825;45389;11730;31815;195589;57;399;502644;73;835;1;0;8;317;34;0;26418;123070;0
    Ивановская область;3463;179;0;0;23254;146;0;2211;2873;944;682;399;278;188;17;7;4;13;1003;31;682;3697;521;633;1313;3151;73;50;15011;64;17;1;0;3;3;3;4;0;1631;6271;5022;9374;18481;3702;8144;2046;0;1;12;5832;326;1104;9210;2030;5635;22590;47;162;87520;67;247;0;0;21;105;3;2;0;2183;0
    Калужская область;4164;695;0;0;44453;64;12;3199;4824;1527;959;633;345;206;19;53;5;31;1262;272;877;6840;624;1165;6900;5672;57;34;29145;12;6;0;0;1;1;2;0;10;2000;11040;10984;16060;35247;5332;11588;3857;7;2;101;5235;4833;770;14318;2233;8526;108578;55;141;219933;41;211;0;0;23;80;170;0;1804;18173;0
    Костромская область;2670;79;0;0;23513;134;13;2992;2916;632;348;279;116;89;8;30;7;15;1050;106;581;3400;464;940;1481;3735;193;98;15243;61;28;0;0;1;1;3;1;5;3198;9171;4531;5690;15919;2088;5384;1338;3;2;49;4784;2518;1207;15862;3710;13017;39153;166;340;118812;102;1063;0;0;13;150;4;46;11192;5001;0
    Курская область;3780;0;0;0;43906;56;4;5076;4465;1163;665;440;264;157;25;40;3;6;2407;321;968;5726;603;1881;3633;6747;12;23;27397;21;9;0;0;0;3;0;3;4;5757;14771;8883;11589;26963;4222;9363;4811;2;1;16;13865;7086;1956;26799;4690;26581;94662;12;100;243622;87;422;0;0;0;270;0;4;472;0;0
    Липецкая область;4222;57;0;0;45232;116;3;4808;5033;1400;922;593;361;213;28;29;2;10;2105;636;1201;5963;695;1805;4537;6303;66;57;29583;73;24;0;0;2;3;0;0;3;5404;14658;10530;15370;34813;5824;11604;5183;2;1;27;12596;14955;2367;27148;5200;25166;128376;68;226;296615;149;838;0;0;38;204;0;0;42;2592;0
    Московская область;30664;27;0;0;299460;683;210;25687;58869;15347;10594;8038;5225;3402;400;191;91;312;11489;6804;8232;45348;7943;8912;36455;42700;545;540;241438;332;141;6;16;9;17;18;59;186;19198;208300;114008;168449;441448;79077;166780;63810;22;36;1225;52973;147721;15114;168449;46256;113603;802211;451;2028;2298979;1410;5954;18;1690;55;518;473;1944;172894;289;0
    Орловская область;2891;816;0;0;29250;20;8;3620;3016;715;461;234;155;105;4;26;2;5;1120;24;843;3859;468;975;2365;3441;13;22;17733;6;1;0;0;0;1;0;0;5;3608;10754;5615;7610;13011;2382;5447;748;2;1;6;4847;558;1611;15634;3202;11646;49052;11;70;127161;5;0;0;0;0;27;0;0;46;28032;0
    Рязанская область;4794;231;0;0;44302;164;12;3868;4393;1351;979;534;351;179;32;42;7;8;1848;232;1101;6458;811;1456;3308;5332;124;68;26393;83;28;0;0;2;2;19;0;11;2949;9543;9590;16097;31685;5094;9356;5542;2;1;26;6545;3193;2086;23804;5072;18957;92064;109;267;221614;167;993;0;0;41;150;26;0;837;26577;0
    Смоленская область;5057;41;0;0;43502;189;6;4052;4810;1337;864;597;334;212;15;45;8;13;1525;261;977;6044;892;1144;13523;4493;142;84;35780;114;19;1;0;4;2;11;1;6;3007;10271;7970;13260;32037;4565;10659;2042;2;2;34;6669;3629;1545;20904;5021;11414;248240;116;330;366975;276;878;0;0;63;188;22;2;205;1723;0
    Тамбовская область;3295;10;0;0;41433;33;7;4259;3803;944;609;357;203;112;18;27;6;7;1691;156;1222;6066;621;2199;3390;4461;24;43;25357;20;6;0;0;2;2;0;0;7;6394;12608;7336;10172;20872;3526;6534;3322;3;3;26;9683;4072;2491;28502;4805;30425;90663;22;171;228059;36;160;0;0;24;134;0;0;139;56;0
    Тверская область;4635;936;0;0;45062;515;101;3031;4222;1399;885;511;340;161;17;96;20;47;1428;728;1219;6923;958;1500;3507;7120;432;171;26275;200;76;0;0;23;9;50;9;81;2251;9698;6404;14259;27480;4876;8195;2634;2;2;32;8317;16575;2482;31704;7253;20758;95203;372;646;242078;74;1603;0;0;230;331;61;2;7624;18356;0
    Тульская область;4639;381;0;0;44405;119;4;3400;4623;1682;1099;648;417;212;19;62;4;19;1588;455;1194;6551;850;1677;3554;6765;78;104;27399;34;6;0;0;1;0;27;1;4;2965;14524;12841;18148;34188;6717;10425;3495;5;2;46;7218;8514;2469;30393;6447;23811;97581;75;453;259152;61;92;0;0;9;0;35;1;64;22155;0
    Ярославская область;5744;179;0;0;44312;356;3;3937;5748;1806;1186;720;466;277;32;43;7;8;1793;757;1112;7353;903;1449;3397;6410;363;128;30226;132;67;2;0;3;5;18;75;3;4264;17355;12595;18483;41056;6632;14721;5129;3;2;23;8717;11262;2193;31397;6148;18826;80843;304;500;253211;263;2866;2;0;45;295;98;48;2159;9807;0
    город Москва;77569;212;1;0;718288;1933;811;57984;196510;60710;36675;33771;16110;12536;2019;240;127;1160;14481;4099;17039;90304;17236;12894;70722;62335;373;537;613819;608;554;35;4;33;71;147;201;516;52322;571637;428262;575755;1939736;255773;639491;342890;20;42;4709;37061;48928;18715;242877;88584;146503;1532296;277;2265;5655369;2557;34067;134;386;509;6068;6212;10777;348766;135469;241
    Республика Карелия;2821;0;0;0;22594;834;9;2067;2421;716;479;185;205;99;7;16;3;6;789;146;581;3726;462;703;2310;4519;355;247;14592;454;91;4;2;1;1;74;62;9;1509;9331;5428;7947;10529;2725;4790;1014;1;1;19;4570;3612;1125;16622;3389;9805;66969;326;719;140865;263;4406;17;270;2;38;388;2234;3450;0;0
    Республика Коми;3201;40;0;0;37107;803;43;2850;2942;604;459;357;92;61;8;46;9;6;2165;785;983;5074;887;3562;4643;7155;607;293;25375;387;151;0;0;1;3;114;33;12;3430;10049;4584;7629;18878;1577;4114;1636;5;5;18;10232;15154;1568;17400;7107;51744;128549;103;516;275829;122;1829;0;0;10;90;1131;240;1395;2816;0
    Архангельская область;3674;7;0;0;35072;1768;19;2373;3431;850;575;282;251;85;5;51;11;26;1998;241;874;5984;679;1252;3772;6812;463;254;22400;343;212;20;0;2;2;382;295;3;2460;9273;6615;9112;14541;3610;4467;988;4;4;84;8446;3698;1715;27220;4990;17591;110664;304;689;216414;321;4899;28;0;32;81;14376;10493;658;35;0
    Вологодская область;5472;121;0;0;48944;407;29;3531;5173;1552;1087;505;527;191;16;103;10;7;1577;703;1045;7247;933;1849;4667;8705;527;200;29988;219;65;4;1;3;12;9;4;5;3788;19083;11534;17675;26283;8434;10260;2523;11;3;18;7219;9700;2061;32454;6813;25430;127002;447;830;289098;108;1396;6;30;22;419;32;36;1723;16683;0
    Калининградская область;6623;10;0;0;40015;680;32;2760;4323;1500;1261;701;365;306;38;10;5;27;1438;727;1545;4560;819;867;8885;5298;5;10;29426;195;79;17;1;4;4;15;28;8;531;7021;8101;18428;40255;4349;14828;5472;1;1;51;4214;18682;2939;20670;6206;12020;284872;5;43;423992;471;2214;60;1157;43;165;1114;8283;949;3102;0
    Ленинградская область;5350;594;0;0;56793;530;4;4525;7334;1996;1616;1017;580;386;58;34;11;54;2113;644;1083;7773;1143;1839;6709;11237;200;181;37891;180;101;2;0;1;4;70;1;4;6216;27537;15340;27153;57879;9259;19457;9081;5;7;220;13860;13960;2104;35023;8813;25991;156822;187;683;390929;329;5865;14;0;15;242;94;29;265;24164;0
    Мурманская область;2309;11;1;0;25410;1060;5;2014;3188;660;461;605;330;218;9;35;5;8;1235;581;337;2823;501;1072;4501;4014;299;448;18025;343;165;2;1;1;3;46;97;5;1517;5346;2564;3950;11115;2045;3927;974;2;1;16;3766;4157;325;6181;1806;5671;32099;102;826;78514;62;961;4;30;6;61;14406;6649;1044;2737;4
    Новгородская область;2609;27;0;0;23613;254;5;2535;2680;664;411;216;147;81;8;27;4;14;976;349;700;4109;627;813;2448;3892;129;79;16573;143;24;2;0;1;2;4;7;5;2921;7980;4990;6519;10571;2204;3438;1115;3;2;48;5395;7771;1428;19052;4788;11324;71645;112;287;154439;210;748;25;0;18;120;6;106;59;367;0
    Псковская область;2721;62;0;0;24760;320;26;2665;2603;629;379;258;122;111;8;68;6;5;886;80;719;4178;497;744;2681;3229;82;71;16397;100;21;0;0;2;2;39;0;12;3442;8450;4958;6562;14411;1746;6295;849;4;3;6;3880;1228;1356;17946;3586;10279;81507;62;222;157611;88;295;0;0;17;44;18;0;21;10125;0
    город Санкт-Петербург;35040;39;2;0;263851;3890;229;17829;52925;18901;16019;10675;7177;5338;702;74;48;404;6893;6212;6434;34356;5594;6422;32317;30559;323;439;205309;728;550;37;15;12;46;695;607;227;30523;184719;137729;264304;614976;107325;260201;107801;8;26;1260;43387;102003;11917;146475;37593;75420;718841;273;1691;2360614;1239;31929;74;12922;231;3705;39163;133635;58876;16650;239
    Ненецкий автономный округ;183;81;0;0;2405;158;5;75;76;26;25;19;7;5;0;0;2;5;46;14;26;136;20;189;118;480;134;101;750;52;32;0;0;0;0;5;0;1;61;133;103;174;288;47;94;0;0;0;1;186;199;29;377;104;1934;2028;5;42;5409;5;115;0;0;0;0;69;0;28;1806;0
    Республика Дагестан;3930;0;0;0;26322;194;11;3623;3004;798;383;590;112;126;10;10;6;14;2357;259;1667;2595;321;1129;1918;2821;17;9;18832;137;26;0;2;0;2;0;0;9;2217;3297;4513;4196;22454;1894;6045;1344;1;1;19;4733;2196;1580;5748;1352;9644;32159;7;29;94123;128;477;0;166;0;63;0;0;3089;0;0
    Республика Ингушетия;612;0;0;0;4019;7;0;635;523;106;60;110;18;10;3;13;0;1;630;18;78;226;56;154;651;491;0;1;3261;1;2;0;0;0;4;0;0;0;250;400;245;483;2093;199;274;241;0;0;0;938;113;45;334;119;610;4625;0;1;10256;0;13;0;0;0;54;0;0;0;0;0
    Кабардино-Балкарская Республика;1660;10;0;544;12732;9;22;900;1402;412;232;272;58;41;6;9;1;0;860;56;406;1411;160;478;664;1248;9;6;7263;7;0;0;0;0;0;0;0;22;424;1755;1795;2851;10214;982;2679;986;0;0;0;985;244;122;1546;344;1333;5349;2;23;26961;2;0;0;0;0;0;0;0;343;185;0
    Карачаево-Черкесская Республика;1163;3;0;0;9675;10;0;1246;1219;193;220;195;42;37;7;9;0;3;605;30;249;1145;114;388;1149;1093;12;16;6764;1;2;0;0;0;0;0;0;0;672;1930;844;2624;8624;820;1871;1211;0;0;7;1144;221;202;2133;349;2537;19918;3;29;41205;0;72;0;0;0;0;0;0;0;14;0
    Республика Северная Осетия-Алания;1368;0;1;0;9336;9;0;1368;1423;364;178;223;57;50;18;4;1;3;716;38;242;876;143;382;688;401;1;1;6879;1;1;0;0;0;0;0;0;0;834;2379;1460;1794;8634;690;2286;2225;0;0;6;1146;273;195;1656;462;2294;9200;0;1;30623;1;12;0;0;0;0;0;0;0;0;0
    Чеченская Республика;1383;0;0;0;15980;11;3;1912;1810;245;295;325;56;30;18;2;0;20;1223;26;193;1173;148;494;1652;1845;0;6;9518;5;3;0;0;0;1;0;0;3;1097;2331;845;3398;12131;588;1459;2140;0;0;59;2380;209;162;2352;445;3194;22933;0;16;51537;7;27;0;0;0;23;0;0;26;0;0
    Ставропольский край;7694;19;0;0;96287;159;33;10296;10668;2703;1795;1459;646;424;89;69;23;30;4782;379;3818;13394;1350;4271;7402;9001;15;45;61914;85;16;2;1;5;11;6;0;29;5364;16943;15142;29852;68619;9615;19597;12353;4;6;52;13671;4983;3070;46312;8261;45635;167394;8;137;425248;103;224;8;24;39;357;4;0;1947;320;0
    Республика Адыгея;1254;3;0;0;11024;7;4;1359;1378;385;258;186;71;69;11;39;0;6;601;34;315;1271;190;482;844;1498;8;13;7412;2;3;0;0;1;0;0;0;4;1226;3732;2979;4379;11797;1283;4415;1879;2;0;18;1701;451;415;4346;1503;6220;22019;7;69;60879;1;18;0;0;23;0;0;0;233;48;0
    Республика Калмыкия;984;1;0;0;8859;46;17;1630;1075;187;69;58;26;8;1;29;0;0;578;20;266;1099;89;349;331;699;3;3;5792;24;3;0;0;0;0;0;1;17;1205;2095;1452;1182;2707;420;400;38;3;0;0;2803;404;424;3230;494;4230;6665;2;7;26997;44;47;0;0;0;0;0;108;294;52;0
    Республика Крым;4453;3;0;0;44211;423;18;5075;5720;1315;649;594;140;130;22;93;16;14;3034;651;1870;7002;938;1678;3104;4868;14;14;31752;95;110;15;1;10;39;35;59;14;1964;4365;6186;10462;21436;1569;5896;2157;5;2;12;7265;4285;2114;21108;4305;12523;40871;10;66;136906;75;1533;9;171;63;1126;900;2583;2406;169;0
    Краснодарский край;19522;2;0;0;193515;1497;71;19847;26042;8046;5517;4140;2573;1844;262;277;50;133;9757;1777;6779;25892;3602;7368;16452;22940;64;53;135642;446;256;9;9;37;81;112;224;51;17470;69570;61717;94441;258228;38619;100676;48296;25;10;425;29958;23758;8030;89111;26867;94565;428142;62;251;1202319;508;16714;58;11213;98;1335;5430;50752;8831;1;0
    Астраханская область;2724;0;0;0;21868;4233;4;2871;3641;816;447;381;139;87;7;85;7;5;1462;422;787;2989;287;931;1257;2414;6;6;16384;1742;381;3;1;5;13;1175;386;0;3043;10729;6060;7162;18868;2291;4731;1108;5;2;20;4819;4976;890;10900;1832;10505;26243;5;26;106050;2216;7704;6;730;35;669;8412;25482;0;0;0
    Волгоградская область;7345;10;0;0;75919;778;58;8367;9406;2200;1333;750;384;218;22;96;20;25;3274;573;2445;11441;1047;3410;4765;9231;41;50;49099;239;87;3;1;2;7;206;70;58;5652;19831;13475;22008;40372;5645;10411;3987;7;5;60;9306;7530;3146;42844;8342;45461;113530;21;97;330919;234;2644;1;6;37;458;1041;1655;1415;809;0
    Ростовская область;15263;328;0;0;146600;1734;29;14115;19367;5147;3324;2188;1494;989;121;128;27;85;7116;1297;5787;21309;2351;5248;11143;17535;53;32;98626;528;286;11;2;4;11;191;299;22;10719;31016;35853;57604;130685;22135;52909;19486;6;5;309;16806;8465;6860;60640;10644;39215;195564;41;146;604385;639;8298;101;276;64;964;1698;25550;1604;8689;0
    город Севастополь;1126;0;0;0;7465;284;0;739;1069;280;139;110;34;21;3;14;5;6;579;231;232;1017;191;285;725;903;2;2;5622;48;49;5;0;0;13;66;39;0;284;838;1081;2232;3907;574;870;306;0;1;4;699;1011;223;2403;665;1846;9478;2;7;24670;34;1640;1;0;0;256;1395;5425;0;0;0
    Республика Башкортостан;14700;58;0;0;132777;489;41;14106;13316;4122;2995;2062;1332;698;87;82;27;76;7555;2092;3486;20709;4965;7699;11984;19977;848;460;95431;249;65;3;2;7;20;27;22;23;25927;49059;31199;50356;110288;21735;35728;13267;10;15;274;43872;46236;6974;92962;35962;108232;301801;706;1743;903097;473;1106;16;54;60;722;2546;273;3344;5837;0
    Республика Марий-Эл;2335;0;0;0;18997;120;4;1483;2134;556;375;240;133;77;8;16;2;9;1165;53;547;3406;354;1002;1473;2908;54;41;12815;41;11;1;0;1;1;14;3;4;2785;8039;4254;6247;12473;2428;4172;1020;2;1;28;6735;1419;1119;15671;2722;13802;39477;52;168;114774;41;188;6;0;11;39;4;125;146;0;0
    Республика Мордовия;2530;0;0;0;25857;80;1;2559;2129;664;393;239;138;64;7;16;6;8;1640;185;707;4008;514;1370;2776;3515;72;68;17211;30;3;0;0;1;2;0;0;1;3228;7228;5300;6573;13470;2303;3549;1213;2;3;25;9332;4279;1476;18397;3996;19397;81408;67;276;174114;72;223;0;0;14;173;0;0;47;0;0
    Республика Татарстан;21225;70;0;0;180963;827;111;17900;22771;8029;6241;4083;3038;1595;212;92;37;222;6690;2612;4036;18952;2464;8671;28435;25123;2231;503;131630;280;259;1;1;17;45;57;2;67;32516;82937;59511;108271;229802;47044;82368;36291;10;12;840;38652;64792;7911;82272;18209;121893;740887;1933;1899;1588516;583;6564;4;320;152;1935;233;54;16926;6179;0
    Удмуртская Республика;6558;107;0;0;52276;294;6;5209;6449;1777;1301;796;582;269;22;50;27;34;2025;774;1345;7622;861;2759;4679;7508;302;170;34982;111;85;1;0;7;4;14;1;6;5207;19420;13362;21239;40205;9939;13675;3546;3;6;73;9240;15033;2548;34123;6415;38330;123892;245;507;329119;230;1253;1;0;68;271;323;0;369;3188;0
    Чувашская Республика;4435;115;0;0;29994;222;2;2361;3659;1124;773;432;309;121;10;21;2;4;1782;83;842;5123;550;1083;2083;4053;90;72;19922;88;44;4;0;4;4;2;33;2;2840;11023;8559;12759;21804;4806;6211;1425;2;1;8;5896;1139;1668;23100;3803;14935;54194;70;267;161729;148;872;5;0;27;66;1;24;17;3545;0
    Кировская область;4994;225;0;0;46574;131;7;3507;4801;1024;772;405;229;134;14;84;16;7;1739;333;1217;6159;617;1776;2679;8860;146;73;25132;65;9;0;0;0;4;15;0;7;4850;14560;7808;12413;22421;3380;7262;2441;6;4;19;10056;7551;2435;27796;4615;24432;71140;127;287;210108;100;187;0;0;0;145;15;0;1023;28402;0
    Нижегородская область;11669;2345;0;0;116487;2849;21;6496;12462;3899;3198;1896;1208;692;93;164;13;82;4322;1540;2422;17431;2648;3320;10946;13840;252;241;70832;129;630;2;0;4;6;661;331;19;10684;41334;26661;53701;107711;20330;36173;15372;14;6;335;22290;26040;4353;69927;17552;41844;243220;229;933;665679;313;29495;1;0;38;192;42993;12154;1059;318974;0
    Оренбургская область;5077;1828;0;2124;71336;110;46;4002;5506;1874;1264;917;532;274;29;16;7;12;2555;619;1896;9849;1309;3822;6466;9485;273;381;39758;59;11;0;0;0;1;0;0;44;1326;8465;13629;19702;47330;7931;15601;4545;1;1;35;13460;13142;3333;41468;9181;48266;167420;244;1472;383000;129;218;0;0;0;10;0;0;4221;43151;0
    Пензенская область;4109;3;0;0;35417;92;5;3643;3530;978;696;402;255;147;24;45;12;13;1697;172;1108;6165;684;1319;3254;5353;80;87;23718;40;6;0;0;1;6;16;3;5;5437;11547;6754;11546;26120;3675;9231;5004;4;4;36;8319;3657;2243;28155;5113;18009;94442;70;354;221386;68;116;0;0;15;286;17;5;67;888;0
    Пермский край;9660;0;0;0;72314;1196;62;5750;9681;3042;2005;1795;871;464;71;56;17;52;3326;1655;1455;10881;1433;3963;8339;10847;600;485;53447;187;401;1;2;8;16;185;3;62;9615;33518;21902;30321;80564;13845;25634;10842;8;8;129;19731;35031;2919;48217;10550;55175;221327;302;1060;569013;253;6742;0;143;30;214;7344;46;11784;0;0
    Самарская область;13664;42;0;0;126838;857;53;17772;19189;4439;3398;2024;1381;743;97;122;65;337;5857;1320;3476;17440;2227;6129;13120;15977;344;341;96631;321;257;5;3;8;46;32;27;53;21102;55399;28661;57593;115810;21692;39318;16296;15;42;1287;21497;26947;6434;78137;16701;85782;348656;311;1338;864060;626;5695;13;1151;116;2859;220;397;1023;9527;0
    Саратовская область;8003;3;0;0;77180;492;11;8844;8883;2270;1790;979;618;352;43;26;10;30;4072;653;2632;12424;1490;3947;6103;10277;202;224;54156;218;134;0;2;7;11;14;2;11;9555;29852;17602;30191;55082;9259;18668;6895;1;4;122;19514;13234;4658;52702;11387;55473;164863;182;939;464356;477;6005;0;270;113;646;18;2;539;101;0
    Ульяновская область;4298;59;0;0;33621;191;294;3404;4594;1047;686;469;364;169;14;19;7;7;2235;136;848;5434;533;1301;2752;4181;67;98;23472;104;36;4;0;1;1;6;0;277;3063;15092;7093;10698;21828;5664;8070;2228;1;2;16;7320;1471;1687;24978;3642;17720;75188;52;290;189799;80;970;3;0;6;33;110;0;13742;3257;0
    Курганская область;2699;106;0;0;27327;107;12;2667;2340;545;366;260;109;69;11;28;6;16;1584;100;993;3916;339;1064;1499;3762;198;121;16433;65;5;0;0;2;0;14;0;12;1968;6988;4281;6234;14154;1774;4030;1871;1;1;33;6022;1341;1980;18103;2586;13940;39103;162;525;111653;133;52;0;0;27;0;28;0;604;8603;0
    Свердловская область;17808;5111;0;0;145615;638;37;0;21929;6888;5366;4061;1984;1264;160;170;62;169;4188;1202;3872;19282;3098;6425;14994;18109;431;363;91795;178;65;3;1;20;32;7;8;24;0;21520;33629;57579;147231;21837;47830;17893;9;15;421;16869;19190;2204;25663;6860;25832;268442;248;1058;625652;206;761;1;7;98;978;2;53;2271;44060;0
    Тюменская область;6440;1167;0;0;77203;753;75;3554;5295;2200;1642;1597;684;427;69;38;41;110;1759;772;1268;8099;1301;3421;7749;12157;776;294;38861;237;70;0;0;6;7;51;18;49;2541;16983;12587;20054;62533;9496;20161;8675;2;12;242;6386;7427;2503;36064;9753;47921;209398;395;693;434399;274;660;0;0;43;156;77;220;10519;101618;0
    Челябинская область;13720;97;0;0;97743;716;5;9566;12623;4501;3858;2171;1399;733;59;89;22;82;4318;1169;2997;14443;1975;4602;10185;14508;280;326;72303;182;35;5;0;14;21;267;18;5;3585;17730;33432;62182;113375;23687;37495;10559;3;3;181;24142;23900;5988;64779;14940;61439;273449;240;1327;697458;219;607;6;0;123;662;198;32;750;12172;0
    Ханты-Мансийский автономный округ - Югра;6530;45;0;0;125370;2017;491;7423;8013;2397;2422;2774;847;422;51;59;18;31;4755;4420;1462;14537;2478;14261;29064;24279;1486;1037;94116;773;226;3;1;8;20;425;86;20;8190;30949;14789;31567;116608;14686;24716;6969;5;6;58;27745;108788;2357;65647;19365;202469;794871;1009;4394;1423412;770;5616;19;22;87;1024;786;2060;11528;4278;0
    Ямало-Ненецкий автономный округ;2309;47;0;0;45277;1267;262;1928;3334;744;639;800;183;102;10;36;12;22;2050;2102;402;3280;1240;6040;7201;10612;768;901;29817;347;210;0;0;0;7;357;35;259;2241;9378;2975;5416;26882;2931;4866;1230;2;5;102;4854;18409;810;15137;10198;87678;191438;404;2276;375526;432;2789;0;0;0;301;225;211;147635;4358;0
    Республика Алтай;1052;25;0;0;8668;163;14;763;1312;261;122;157;32;34;10;4;1;2;573;40;152;1186;176;471;615;1533;36;105;5835;33;17;0;0;1;2;11;10;14;471;2023;837;1258;7802;524;1927;1565;0;0;3;1833;384;170;2468;531;2528;6227;14;239;26533;47;197;0;0;0;37;6;127;553;2392;0
    Республика Тыва;857;2;0;0;7234;76;11;736;1104;104;51;70;15;10;0;17;0;0;690;47;93;776;112;374;573;1031;24;26;4747;30;9;0;0;0;0;2;0;0;445;1503;488;554;2259;209;494;0;1;0;0;2067;517;134;2282;578;3935;12668;10;93;27432;18;103;0;0;0;0;8;0;0;0;0
    Республика Хакасия;1489;19;0;0;14430;150;13;1610;1799;413;224;196;71;42;1;27;7;8;752;72;326;1913;233;653;1224;2561;64;81;9456;57;21;0;0;2;2;10;8;12;728;3026;1895;2452;6932;822;1951;60;3;2;15;2084;664;404;5569;1242;6351;34406;37;275;65773;41;278;0;0;14;59;7;114;223;2125;0
    Алтайский край;8044;0;0;0;80981;334;17;6327;7381;2027;1447;1168;681;455;57;65;12;12;4509;437;3034;12720;1406;3262;5486;11441;296;356;49291;139;27;0;0;3;4;37;0;12;4816;16011;7734;19581;55811;9767;22855;6559;4;2;40;24847;11238;6048;59786;10821;45309;150552;267;1454;412600;141;484;0;0;19;106;36;0;1324;0;0
    Красноярский край;9079;2376;0;0;122214;3133;183;5087;9474;3564;2564;2436;1178;772;99;63;15;73;3742;2027;1731;12782;2365;5841;12874;19754;499;603;64809;518;452;0;0;11;20;360;223;81;1720;14098;14901;27711;88402;14225;31788;9572;2;2;64;10747;20366;2031;36628;11101;71982;336641;104;2279;637556;269;11496;0;0;47;227;9348;6922;20432;83815;0
    Иркутская область;9055;1;0;0;91628;1557;84;5972;10045;2712;2018;1826;816;547;91;91;14;57;5981;1199;1614;13769;2515;6078;12709;19600;486;343;66789;360;331;5;6;21;23;166;212;49;3437;13577;13443;22054;68275;11036;23082;9994;3;2;46;14116;11364;1970;40241;13766;65201;355812;171;973;623524;93;3109;18;297;75;414;860;2732;6554;109;0
    Кемеровская область - Кузбасс;6474;527;0;0;72021;298;20;5178;8180;2492;1639;1336;542;352;30;34;6;28;3681;2634;1336;8432;1204;3011;5913;14877;301;499;44981;141;39;0;0;5;10;49;9;18;2772;12540;17002;24235;64302;8958;19863;4241;2;2;70;11010;27608;2731;38392;9088;43046;152901;212;1649;405787;54;120;0;0;26;301;19;8;638;22210;0
    Новосибирская область;11841;428;0;0;99666;1581;68;7660;13946;3686;2883;2353;1225;818;123;50;22;107;3853;700;2580;12899;1726;2586;7898;12758;476;557;62932;307;101;1;1;4;17;94;144;53;3518;14814;14633;34756;125959;20041;48133;21330;1;2;79;21145;16567;5198;58707;12784;36251;213632;161;797;558038;143;1064;1;88;16;363;1824;1760;2964;42263;0
    Омская область;6755;17;0;0;59687;2368;30;6087;6260;1575;1090;1024;440;307;28;48;15;45;3248;482;2049;8808;929;2678;4938;8167;234;205;39276;114;31;4;1;1;2;384;412;27;3102;10022;6952;10269;33977;4723;11804;2881;3;3;99;7241;3476;3254;30189;5794;28250;93170;117;455;235801;147;677;2;15;5;70;10094;10762;1292;2981;0
    Томская область;3789;6;0;0;40680;755;22;3452;5271;1215;787;687;280;159;18;23;2;14;2399;573;855;5562;658;3101;4060;6371;497;363;28656;269;64;0;1;6;8;79;27;16;2079;7299;5303;8140;27867;3618;7859;2691;1;0;14;8191;5892;1413;19472;4155;37703;91870;260;978;219402;235;705;0;315;32;289;161;401;3977;35;0
    Республика Бурятия;2761;3;0;0;23636;466;25;2552;2991;489;335;312;119;69;4;33;9;6;1732;137;505;3343;538;1233;1709;4057;126;113;15922;210;97;0;1;1;6;12;25;6;1676;5939;1975;2899;8409;1441;2678;348;2;2;19;4828;1614;571;11884;2977;10140;32790;32;135;85725;59;1000;0;9;6;122;11;317;357;28;0
    Республика Саха (Якутия);4092;221;0;0;42315;2163;147;1591;5418;745;481;633;129;76;8;55;18;23;2143;655;437;4483;798;3428;6056;9636;506;248;26964;527;206;0;1;2;0;163;245;38;967;7962;2018;6299;25303;2643;4798;1499;2;5;29;12093;8718;860;20504;6543;49108;172536;108;204;311799;222;743;0;11;9;0;1364;1689;5224;7334;0
    Приморский край;6032;0;0;0;57735;1960;38;2635;7286;2028;1328;1539;597;381;51;37;13;28;2635;1322;1023;6744;1508;2421;7065;10045;132;85;37124;385;246;15;5;3;10;95;158;22;1243;10602;8587;14546;67985;11614;25733;7675;2;4;62;4506;8388;997;18521;8699;17186;141646;72;177;300628;538;14894;75;905;26;289;10583;34965;3389;0;0
    Хабаровский край;4347;42;0;0;45299;3500;59;2021;5272;1498;1035;1057;387;228;16;26;7;24;1646;1171;874;6013;1333;2449;5667;9617;342;228;30222;758;382;0;2;1;3;223;83;38;1279;8343;6183;11424;47405;7447;14585;2335;2;4;52;9610;27003;1713;27747;10117;31558;133613;128;500;316050;450;9223;0;59;6;101;832;1867;3256;5625;0
    Амурская область;2987;0;0;0;37693;409;24;2663;3458;673;406;524;130;103;12;29;2;2;1768;361;490;4666;857;2219;4007;8591;116;89;22291;208;75;0;0;1;4;44;13;8;2263;5929;3206;6459;29054;3109;7706;2794;2;1;6;6368;5291;600;13106;4058;31400;107663;95;378;215410;339;1304;0;0;13;364;95;244;1246;0;0
    Камчатский край;1573;5;0;0;14930;6218;73;701;1538;404;237;318;52;33;10;4;6;10;537;306;238;1774;344;902;1211;3638;403;405;8529;636;94;2;1;1;0;50;102;17;553;3526;1989;2783;17075;1490;2835;2449;0;3;21;3087;7235;445;8791;2779;12784;31760;287;1633;92832;1096;3942;9;1217;7;0;7492;8503;2445;618;0
    Магаданская область;862;11;0;0;16211;375;31;465;1263;262;220;333;62;37;3;5;2;9;352;310;216;1699;359;887;2446;5377;102;151;8828;201;41;2;0;0;0;13;9;27;260;1429;623;1074;5198;531;911;234;0;0;10;1000;3213;422;7791;2963;12616;56771;57;385;93370;249;817;13;0;0;0;60;139;3265;4082;0
    Сахалинская область;2526;24;0;0;28177;3612;31;1107;2748;792;569;554;175;68;8;19;1;27;1465;545;525;3040;787;1556;3713;6792;350;271;17448;726;108;4;2;3;7;77;361;16;602;4679;3076;6006;19674;3156;3732;1219;1;0;31;9442;13375;1060;14422;6415;21791;104558;310;1071;205141;1417;2973;15;651;30;300;323;8672;2063;3042;0
    Забайкальский край;3183;4;0;0;33776;99;7;2828;3710;476;331;352;120;67;9;59;2;2;2236;491;873;5079;792;2104;2771;6884;22;43;22105;56;5;0;0;2;2;0;0;2;1556;4277;1419;2301;8261;1054;2191;703;2;0;2;5881;3729;926;11365;3282;14354;42763;5;36;100117;24;34;0;0;12;31;0;0;14;3;0
    Еврейская автономная область;416;11;0;0;4886;40;1;302;515;114;57;43;3;6;0;11;1;2;260;35;94;601;90;169;350;1144;3;12;2644;15;3;0;0;0;0;4;0;1;197;903;665;784;1583;73;360;0;1;0;4;1476;744;136;2062;708;2285;9416;2;105;20963;13;28;0;0;0;0;3;0;23;85;0
    Чукотский автономный округ;365;0;0;0;6890;449;26;281;464;75;40;30;12;2;1;5;17;15;173;134;56;455;221;723;637;2608;250;213;3326;172;120;0;0;0;1;10;39;13;463;1553;517;541;871;181;53;28;0;9;36;702;1806;89;1691;1490;8504;10739;170;721;29011;322;1553;0;0;0;31;54;5350;2537;0;0
