Отрасль,Название,2011,2012,2013,2014,2015,2016,2017,2018,2019,2020,2021,2022,2023,2024,2025
A,"Сельское, лесное хозяйство, охота, рыболовство и рыбоводство",https://storage.yandexcloud.net/tochno-st-catalog/FNS/data_rfsd_152_v20260820/by_section/data_152_rfsd_A_2011_v20260820_xlsx.zip,https://storage.yandexcloud.net/tochno-st-catalog/FNS/data_rfsd_152_v20260820/by_section/data_152_rfsd_A_2012_v20260820_xlsx.zip,https://storage.yandexcloud.net/tochno-st-catalog/FNS/data_rfsd_152_v20260820/by_section/data_152_rfsd_A_2013_v20260820_xlsx.zip,https://storage.yandexcloud.net/tochno-st-catalog/FNS/data_rfsd_152_v20260820/by_section/data_152_rfsd_A_2014_v20260820_xlsx.zip,https://storage.yandexcloud.net/tochno-st-catalog/FNS/data_rfsd_152_v20260820/by_section/data_152_rfsd_A_2015_v20260820_xlsx.zip,https://storage.yandexcloud.net/tochno-st-catalog/FNS/data_rfsd_152_v20260820/by_section/data_152_rfsd_A_2016_v20260820_xlsx.zip,https://storage.yandexcloud.net/tochno-st-catalog/FNS/data_rfsd_152_v20260820/by_section/data_152_rfsd_A_2017_v20260820_xlsx.zip,https://storage.yandexcloud.net/tochno-st-catalog/FNS/data_rfsd_152_v20260820/by_section/data_152_rfsd_A_2018_v20260820_xlsx.zip,https://storage.yandexcloud.net/tochno-st-catalog/FNS/data_rfsd_152_v20260820/by_section/data_152_rfsd_A_2019_v20260820_xlsx.zip,https://storage.yandexcloud.net/tochno-st-catalog/FNS/data_rfsd_152_v20260820/by_section/data_152_rfsd_A_2020_v20260820_xlsx.zip,https://storage.yandexcloud.net/tochno-st-catalog/FNS/data_rfsd_152_v20260820/by_section/data_152_rfsd_A_2021_v20260820_xlsx.zip,https://storage.yandexcloud.net/tochno-st-catalog/FNS/data_rfsd_152_v20260820/by_section/data_152_rfsd_A_2022_v20260820_xlsx.zip,https://storage.yandexcloud.net/tochno-st-catalog/FNS/data_rfsd_152_v20260820/by_section/data_152_rfsd_A_2023_v20260820_xlsx.zip,https://storage.yandexcloud.net/tochno-st-catalog/FNS/data_rfsd_152_v20260820/by_section/data_152_rfsd_A_2024_v20260820_xlsx.zip,https://storage.yandexcloud.net/tochno-st-catalog/FNS/data_rfsd_152_v20260820/by_section/data_152_rfsd_A_2025_v20260820_xlsx.zip
B,Добыча полезных ископаемых,https://storage.yandexcloud.net/tochno-st-catalog/FNS/data_rfsd_152_v20260820/by_section/data_152_rfsd_B_2011_v20260820_xlsx.zip,https://storage.yandexcloud.net/tochno-st-catalog/FNS/data_rfsd_152_v20260820/by_section/data_152_rfsd_B_2012_v20260820_xlsx.zip,https://storage.yandexcloud.net/tochno-st-catalog/FNS/data_rfsd_152_v20260820/by_section/data_152_rfsd_B_2013_v20260820_xlsx.zip,https://storage.yandexcloud.net/tochno-st-catalog/FNS/data_rfsd_152_v20260820/by_section/data_152_rfsd_B_2014_v20260820_xlsx.zip,https://storage.yandexcloud.net/tochno-st-catalog/FNS/data_rfsd_152_v20260820/by_section/data_152_rfsd_B_2015_v20260820_xlsx.zip,https://storage.yandexcloud.net/tochno-st-catalog/FNS/data_rfsd_152_v20260820/by_section/data_152_rfsd_B_2016_v20260820_xlsx.zip,https://storage.yandexcloud.net/tochno-st-catalog/FNS/data_rfsd_152_v20260820/by_section/data_152_rfsd_B_2017_v20260820_xlsx.zip,https://storage.yandexcloud.net/tochno-st-catalog/FNS/data_rfsd_152_v20260820/by_section/data_152_rfsd_B_2018_v20260820_xlsx.zip,https://storage.yandexcloud.net/tochno-st-catalog/FNS/data_rfsd_152_v20260820/by_section/data_152_rfsd_B_2019_v20260820_xlsx.zip,https://storage.yandexcloud.net/tochno-st-catalog/FNS/data_rfsd_152_v20260820/by_section/data_152_rfsd_B_2020_v20260820_xlsx.zip,https://storage.yandexcloud.net/tochno-st-catalog/FNS/data_rfsd_152_v20260820/by_section/data_152_rfsd_B_2021_v20260820_xlsx.zip,https://storage.yandexcloud.net/tochno-st-catalog/FNS/data_rfsd_152_v20260820/by_section/data_152_rfsd_B_2022_v20260820_xlsx.zip,https://storage.yandexcloud.net/tochno-st-catalog/FNS/data_rfsd_152_v20260820/by_section/data_152_rfsd_B_2023_v20260820_xlsx.zip,https://storage.yandexcloud.net/tochno-st-catalog/FNS/data_rfsd_152_v20260820/by_section/data_152_rfsd_B_2024_v20260820_xlsx.zip,https://storage.yandexcloud.net/tochno-st-catalog/FNS/data_rfsd_152_v20260820/by_section/data_152_rfsd_B_2025_v20260820_xlsx.zip
C,Обрабатывающие производства,https://storage.yandexcloud.net/tochno-st-catalog/FNS/data_rfsd_152_v20260820/by_section/data_152_rfsd_C_2011_v20260820_xlsx.zip,https://storage.yandexcloud.net/tochno-st-catalog/FNS/data_rfsd_152_v20260820/by_section/data_152_rfsd_C_2012_v20260820_xlsx.zip,https://storage.yandexcloud.net/tochno-st-catalog/FNS/data_rfsd_152_v20260820/by_section/data_152_rfsd_C_2013_v20260820_xlsx.zip,https://storage.yandexcloud.net/tochno-st-catalog/FNS/data_rfsd_152_v20260820/by_section/data_152_rfsd_C_2014_v20260820_xlsx.zip,https://storage.yandexcloud.net/tochno-st-catalog/FNS/data_rfsd_152_v20260820/by_section/data_152_rfsd_C_2015_v20260820_xlsx.zip,https://storage.yandexcloud.net/tochno-st-catalog/FNS/data_rfsd_152_v20260820/by_section/data_152_rfsd_C_2016_v20260820_xlsx.zip,https://storage.yandexcloud.net/tochno-st-catalog/FNS/data_rfsd_152_v20260820/by_section/data_152_rfsd_C_2017_v20260820_xlsx.zip,https://storage.yandexcloud.net/tochno-st-catalog/FNS/data_rfsd_152_v20260820/by_section/data_152_rfsd_C_2018_v20260820_xlsx.zip,https://storage.yandexcloud.net/tochno-st-catalog/FNS/data_rfsd_152_v20260820/by_section/data_152_rfsd_C_2019_v20260820_xlsx.zip,https://storage.yandexcloud.net/tochno-st-catalog/FNS/data_rfsd_152_v20260820/by_section/data_152_rfsd_C_2020_v20260820_xlsx.zip,https://storage.yandexcloud.net/tochno-st-catalog/FNS/data_rfsd_152_v20260820/by_section/data_152_rfsd_C_2021_v20260820_xlsx.zip,https://storage.yandexcloud.net/tochno-st-catalog/FNS/data_rfsd_152_v20260820/by_section/data_152_rfsd_C_2022_v20260820_xlsx.zip,https://storage.yandexcloud.net/tochno-st-catalog/FNS/data_rfsd_152_v20260820/by_section/data_152_rfsd_C_2023_v20260820_xlsx.zip,https://storage.yandexcloud.net/tochno-st-catalog/FNS/data_rfsd_152_v20260820/by_section/data_152_rfsd_C_2024_v20260820_xlsx.zip,https://storage.yandexcloud.net/tochno-st-catalog/FNS/data_rfsd_152_v20260820/by_section/data_152_rfsd_C_2025_v20260820_xlsx.zip
D,"Обеспечение электрической энергией, газом и паром; кондиционирование воздуха",https://storage.yandexcloud.net/tochno-st-catalog/FNS/data_rfsd_152_v20260820/by_section/data_152_rfsd_D_2011_v20260820_xlsx.zip,https://storage.yandexcloud.net/tochno-st-catalog/FNS/data_rfsd_152_v20260820/by_section/data_152_rfsd_D_2012_v20260820_xlsx.zip,https://storage.yandexcloud.net/tochno-st-catalog/FNS/data_rfsd_152_v20260820/by_section/data_152_rfsd_D_2013_v20260820_xlsx.zip,https://storage.yandexcloud.net/tochno-st-catalog/FNS/data_rfsd_152_v20260820/by_section/data_152_rfsd_D_2014_v20260820_xlsx.zip,https://storage.yandexcloud.net/tochno-st-catalog/FNS/data_rfsd_152_v20260820/by_section/data_152_rfsd_D_2015_v20260820_xlsx.zip,https://storage.yandexcloud.net/tochno-st-catalog/FNS/data_rfsd_152_v20260820/by_section/data_152_rfsd_D_2016_v20260820_xlsx.zip,https://storage.yandexcloud.net/tochno-st-catalog/FNS/data_rfsd_152_v20260820/by_section/data_152_rfsd_D_2017_v20260820_xlsx.zip,https://storage.yandexcloud.net/tochno-st-catalog/FNS/data_rfsd_152_v20260820/by_section/data_152_rfsd_D_2018_v20260820_xlsx.zip,https://storage.yandexcloud.net/tochno-st-catalog/FNS/data_rfsd_152_v20260820/by_section/data_152_rfsd_D_2019_v20260820_xlsx.zip,https://storage.yandexcloud.net/tochno-st-catalog/FNS/data_rfsd_152_v20260820/by_section/data_152_rfsd_D_2020_v20260820_xlsx.zip,https://storage.yandexcloud.net/tochno-st-catalog/FNS/data_rfsd_152_v20260820/by_section/data_152_rfsd_D_2021_v20260820_xlsx.zip,https://storage.yandexcloud.net/tochno-st-catalog/FNS/data_rfsd_152_v20260820/by_section/data_152_rfsd_D_2022_v20260820_xlsx.zip,https://storage.yandexcloud.net/tochno-st-catalog/FNS/data_rfsd_152_v20260820/by_section/data_152_rfsd_D_2023_v20260820_xlsx.zip,https://storage.yandexcloud.net/tochno-st-catalog/FNS/data_rfsd_152_v20260820/by_section/data_152_rfsd_D_2024_v20260820_xlsx.zip,https://storage.yandexcloud.net/tochno-st-catalog/FNS/data_rfsd_152_v20260820/by_section/data_152_rfsd_D_2025_v20260820_xlsx.zip
E,"Водоснабжение; водоотведение, организация сбора и утилизации отходов, деятельность по ликвидации загрязнений",https://storage.yandexcloud.net/tochno-st-catalog/FNS/data_rfsd_152_v20260820/by_section/data_152_rfsd_E_2011_v20260820_xlsx.zip,https://storage.yandexcloud.net/tochno-st-catalog/FNS/data_rfsd_152_v20260820/by_section/data_152_rfsd_E_2012_v20260820_xlsx.zip,https://storage.yandexcloud.net/tochno-st-catalog/FNS/data_rfsd_152_v20260820/by_section/data_152_rfsd_E_2013_v20260820_xlsx.zip,https://storage.yandexcloud.net/tochno-st-catalog/FNS/data_rfsd_152_v20260820/by_section/data_152_rfsd_E_2014_v20260820_xlsx.zip,https://storage.yandexcloud.net/tochno-st-catalog/FNS/data_rfsd_152_v20260820/by_section/data_152_rfsd_E_2015_v20260820_xlsx.zip,https://storage.yandexcloud.net/tochno-st-catalog/FNS/data_rfsd_152_v20260820/by_section/data_152_rfsd_E_2016_v20260820_xlsx.zip,https://storage.yandexcloud.net/tochno-st-catalog/FNS/data_rfsd_152_v20260820/by_section/data_152_rfsd_E_2017_v20260820_xlsx.zip,https://storage.yandexcloud.net/tochno-st-catalog/FNS/data_rfsd_152_v20260820/by_section/data_152_rfsd_E_2018_v20260820_xlsx.zip,https://storage.yandexcloud.net/tochno-st-catalog/FNS/data_rfsd_152_v20260820/by_section/data_152_rfsd_E_2019_v20260820_xlsx.zip,https://storage.yandexcloud.net/tochno-st-catalog/FNS/data_rfsd_152_v20260820/by_section/data_152_rfsd_E_2020_v20260820_xlsx.zip,https://storage.yandexcloud.net/tochno-st-catalog/FNS/data_rfsd_152_v20260820/by_section/data_152_rfsd_E_2021_v20260820_xlsx.zip,https://storage.yandexcloud.net/tochno-st-catalog/FNS/data_rfsd_152_v20260820/by_section/data_152_rfsd_E_2022_v20260820_xlsx.zip,https://storage.yandexcloud.net/tochno-st-catalog/FNS/data_rfsd_152_v20260820/by_section/data_152_rfsd_E_2023_v20260820_xlsx.zip,https://storage.yandexcloud.net/tochno-st-catalog/FNS/data_rfsd_152_v20260820/by_section/data_152_rfsd_E_2024_v20260820_xlsx.zip,https://storage.yandexcloud.net/tochno-st-catalog/FNS/data_rfsd_152_v20260820/by_section/data_152_rfsd_E_2025_v20260820_xlsx.zip
F,Строительство,https://storage.yandexcloud.net/tochno-st-catalog/FNS/data_rfsd_152_v20260820/by_section/data_152_rfsd_F_2011_v20260820_xlsx.zip,https://storage.yandexcloud.net/tochno-st-catalog/FNS/data_rfsd_152_v20260820/by_section/data_152_rfsd_F_2012_v20260820_xlsx.zip,https://storage.yandexcloud.net/tochno-st-catalog/FNS/data_rfsd_152_v20260820/by_section/data_152_rfsd_F_2013_v20260820_xlsx.zip,https://storage.yandexcloud.net/tochno-st-catalog/FNS/data_rfsd_152_v20260820/by_section/data_152_rfsd_F_2014_v20260820_xlsx.zip,https://storage.yandexcloud.net/tochno-st-catalog/FNS/data_rfsd_152_v20260820/by_section/data_152_rfsd_F_2015_v20260820_xlsx.zip,https://storage.yandexcloud.net/tochno-st-catalog/FNS/data_rfsd_152_v20260820/by_section/data_152_rfsd_F_2016_v20260820_xlsx.zip,https://storage.yandexcloud.net/tochno-st-catalog/FNS/data_rfsd_152_v20260820/by_section/data_152_rfsd_F_2017_v20260820_xlsx.zip,https://storage.yandexcloud.net/tochno-st-catalog/FNS/data_rfsd_152_v20260820/by_section/data_152_rfsd_F_2018_v20260820_xlsx.zip,https://storage.yandexcloud.net/tochno-st-catalog/FNS/data_rfsd_152_v20260820/by_section/data_152_rfsd_F_2019_v20260820_xlsx.zip,https://storage.yandexcloud.net/tochno-st-catalog/FNS/data_rfsd_152_v20260820/by_section/data_152_rfsd_F_2020_v20260820_xlsx.zip,https://storage.yandexcloud.net/tochno-st-catalog/FNS/data_rfsd_152_v20260820/by_section/data_152_rfsd_F_2021_v20260820_xlsx.zip,https://storage.yandexcloud.net/tochno-st-catalog/FNS/data_rfsd_152_v20260820/by_section/data_152_rfsd_F_2022_v20260820_xlsx.zip,https://storage.yandexcloud.net/tochno-st-catalog/FNS/data_rfsd_152_v20260820/by_section/data_152_rfsd_F_2023_v20260820_xlsx.zip,https://storage.yandexcloud.net/tochno-st-catalog/FNS/data_rfsd_152_v20260820/by_section/data_152_rfsd_F_2024_v20260820_xlsx.zip,https://storage.yandexcloud.net/tochno-st-catalog/FNS/data_rfsd_152_v20260820/by_section/data_152_rfsd_F_2025_v20260820_xlsx.zip
G,Торговля оптовая и розничная; ремонт автотранспортных средств и мотоциклов,https://storage.yandexcloud.net/tochno-st-catalog/FNS/data_rfsd_152_v20260820/by_section/data_152_rfsd_G_2011_v20260820_xlsx.zip,https://storage.yandexcloud.net/tochno-st-catalog/FNS/data_rfsd_152_v20260820/by_section/data_152_rfsd_G_2012_v20260820_xlsx.zip,https://storage.yandexcloud.net/tochno-st-catalog/FNS/data_rfsd_152_v20260820/by_section/data_152_rfsd_G_2013_v20260820_xlsx.zip,https://storage.yandexcloud.net/tochno-st-catalog/FNS/data_rfsd_152_v20260820/by_section/data_152_rfsd_G_2014_v20260820_xlsx.zip,https://storage.yandexcloud.net/tochno-st-catalog/FNS/data_rfsd_152_v20260820/by_section/data_152_rfsd_G_2015_v20260820_xlsx.zip,https://storage.yandexcloud.net/tochno-st-catalog/FNS/data_rfsd_152_v20260820/by_section/data_152_rfsd_G_2016_v20260820_xlsx.zip,https://storage.yandexcloud.net/tochno-st-catalog/FNS/data_rfsd_152_v20260820/by_section/data_152_rfsd_G_2017_v20260820_xlsx.zip,https://storage.yandexcloud.net/tochno-st-catalog/FNS/data_rfsd_152_v20260820/by_section/data_152_rfsd_G_2018_v20260820_xlsx.zip,https://storage.yandexcloud.net/tochno-st-catalog/FNS/data_rfsd_152_v20260820/by_section/data_152_rfsd_G_2019_v20260820_xlsx.zip,https://storage.yandexcloud.net/tochno-st-catalog/FNS/data_rfsd_152_v20260820/by_section/data_152_rfsd_G_2020_v20260820_xlsx.zip,https://storage.yandexcloud.net/tochno-st-catalog/FNS/data_rfsd_152_v20260820/by_section/data_152_rfsd_G_2021_v20260820_xlsx.zip,https://storage.yandexcloud.net/tochno-st-catalog/FNS/data_rfsd_152_v20260820/by_section/data_152_rfsd_G_2022_v20260820_xlsx.zip,https://storage.yandexcloud.net/tochno-st-catalog/FNS/data_rfsd_152_v20260820/by_section/data_152_rfsd_G_2023_v20260820_xlsx.zip,https://storage.yandexcloud.net/tochno-st-catalog/FNS/data_rfsd_152_v20260820/by_section/data_152_rfsd_G_2024_v20260820_xlsx.zip,https://storage.yandexcloud.net/tochno-st-catalog/FNS/data_rfsd_152_v20260820/by_section/data_152_rfsd_G_2025_v20260820_xlsx.zip
H,Транспортировка и хранение,https://storage.yandexcloud.net/tochno-st-catalog/FNS/data_rfsd_152_v20260820/by_section/data_152_rfsd_H_2011_v20260820_xlsx.zip,https://storage.yandexcloud.net/tochno-st-catalog/FNS/data_rfsd_152_v20260820/by_section/data_152_rfsd_H_2012_v20260820_xlsx.zip,https://storage.yandexcloud.net/tochno-st-catalog/FNS/data_rfsd_152_v20260820/by_section/data_152_rfsd_H_2013_v20260820_xlsx.zip,https://storage.yandexcloud.net/tochno-st-catalog/FNS/data_rfsd_152_v20260820/by_section/data_152_rfsd_H_2014_v20260820_xlsx.zip,https://storage.yandexcloud.net/tochno-st-catalog/FNS/data_rfsd_152_v20260820/by_section/data_152_rfsd_H_2015_v20260820_xlsx.zip,https://storage.yandexcloud.net/tochno-st-catalog/FNS/data_rfsd_152_v20260820/by_section/data_152_rfsd_H_2016_v20260820_xlsx.zip,https://storage.yandexcloud.net/tochno-st-catalog/FNS/data_rfsd_152_v20260820/by_section/data_152_rfsd_H_2017_v20260820_xlsx.zip,https://storage.yandexcloud.net/tochno-st-catalog/FNS/data_rfsd_152_v20260820/by_section/data_152_rfsd_H_2018_v20260820_xlsx.zip,https://storage.yandexcloud.net/tochno-st-catalog/FNS/data_rfsd_152_v20260820/by_section/data_152_rfsd_H_2019_v20260820_xlsx.zip,https://storage.yandexcloud.net/tochno-st-catalog/FNS/data_rfsd_152_v20260820/by_section/data_152_rfsd_H_2020_v20260820_xlsx.zip,https://storage.yandexcloud.net/tochno-st-catalog/FNS/data_rfsd_152_v20260820/by_section/data_152_rfsd_H_2021_v20260820_xlsx.zip,https://storage.yandexcloud.net/tochno-st-catalog/FNS/data_rfsd_152_v20260820/by_section/data_152_rfsd_H_2022_v20260820_xlsx.zip,https://storage.yandexcloud.net/tochno-st-catalog/FNS/data_rfsd_152_v20260820/by_section/data_152_rfsd_H_2023_v20260820_xlsx.zip,https://storage.yandexcloud.net/tochno-st-catalog/FNS/data_rfsd_152_v20260820/by_section/data_152_rfsd_H_2024_v20260820_xlsx.zip,https://storage.yandexcloud.net/tochno-st-catalog/FNS/data_rfsd_152_v20260820/by_section/data_152_rfsd_H_2025_v20260820_xlsx.zip
I,Деятельность гостиниц и предприятий общественного питания,https://storage.yandexcloud.net/tochno-st-catalog/FNS/data_rfsd_152_v20260820/by_section/data_152_rfsd_I_2011_v20260820_xlsx.zip,https://storage.yandexcloud.net/tochno-st-catalog/FNS/data_rfsd_152_v20260820/by_section/data_152_rfsd_I_2012_v20260820_xlsx.zip,https://storage.yandexcloud.net/tochno-st-catalog/FNS/data_rfsd_152_v20260820/by_section/data_152_rfsd_I_2013_v20260820_xlsx.zip,https://storage.yandexcloud.net/tochno-st-catalog/FNS/data_rfsd_152_v20260820/by_section/data_152_rfsd_I_2014_v20260820_xlsx.zip,https://storage.yandexcloud.net/tochno-st-catalog/FNS/data_rfsd_152_v20260820/by_section/data_152_rfsd_I_2015_v20260820_xlsx.zip,https://storage.yandexcloud.net/tochno-st-catalog/FNS/data_rfsd_152_v20260820/by_section/data_152_rfsd_I_2016_v20260820_xlsx.zip,https://storage.yandexcloud.net/tochno-st-catalog/FNS/data_rfsd_152_v20260820/by_section/data_152_rfsd_I_2017_v20260820_xlsx.zip,https://storage.yandexcloud.net/tochno-st-catalog/FNS/data_rfsd_152_v20260820/by_section/data_152_rfsd_I_2018_v20260820_xlsx.zip,https://storage.yandexcloud.net/tochno-st-catalog/FNS/data_rfsd_152_v20260820/by_section/data_152_rfsd_I_2019_v20260820_xlsx.zip,https://storage.yandexcloud.net/tochno-st-catalog/FNS/data_rfsd_152_v20260820/by_section/data_152_rfsd_I_2020_v20260820_xlsx.zip,https://storage.yandexcloud.net/tochno-st-catalog/FNS/data_rfsd_152_v20260820/by_section/data_152_rfsd_I_2021_v20260820_xlsx.zip,https://storage.yandexcloud.net/tochno-st-catalog/FNS/data_rfsd_152_v20260820/by_section/data_152_rfsd_I_2022_v20260820_xlsx.zip,https://storage.yandexcloud.net/tochno-st-catalog/FNS/data_rfsd_152_v20260820/by_section/data_152_rfsd_I_2023_v20260820_xlsx.zip,https://storage.yandexcloud.net/tochno-st-catalog/FNS/data_rfsd_152_v20260820/by_section/data_152_rfsd_I_2024_v20260820_xlsx.zip,https://storage.yandexcloud.net/tochno-st-catalog/FNS/data_rfsd_152_v20260820/by_section/data_152_rfsd_I_2025_v20260820_xlsx.zip
J,Деятельность в области информации и связи,https://storage.yandexcloud.net/tochno-st-catalog/FNS/data_rfsd_152_v20260820/by_section/data_152_rfsd_J_2011_v20260820_xlsx.zip,https://storage.yandexcloud.net/tochno-st-catalog/FNS/data_rfsd_152_v20260820/by_section/data_152_rfsd_J_2012_v20260820_xlsx.zip,https://storage.yandexcloud.net/tochno-st-catalog/FNS/data_rfsd_152_v20260820/by_section/data_152_rfsd_J_2013_v20260820_xlsx.zip,https://storage.yandexcloud.net/tochno-st-catalog/FNS/data_rfsd_152_v20260820/by_section/data_152_rfsd_J_2014_v20260820_xlsx.zip,https://storage.yandexcloud.net/tochno-st-catalog/FNS/data_rfsd_152_v20260820/by_section/data_152_rfsd_J_2015_v20260820_xlsx.zip,https://storage.yandexcloud.net/tochno-st-catalog/FNS/data_rfsd_152_v20260820/by_section/data_152_rfsd_J_2016_v20260820_xlsx.zip,https://storage.yandexcloud.net/tochno-st-catalog/FNS/data_rfsd_152_v20260820/by_section/data_152_rfsd_J_2017_v20260820_xlsx.zip,https://storage.yandexcloud.net/tochno-st-catalog/FNS/data_rfsd_152_v20260820/by_section/data_152_rfsd_J_2018_v20260820_xlsx.zip,https://storage.yandexcloud.net/tochno-st-catalog/FNS/data_rfsd_152_v20260820/by_section/data_152_rfsd_J_2019_v20260820_xlsx.zip,https://storage.yandexcloud.net/tochno-st-catalog/FNS/data_rfsd_152_v20260820/by_section/data_152_rfsd_J_2020_v20260820_xlsx.zip,https://storage.yandexcloud.net/tochno-st-catalog/FNS/data_rfsd_152_v20260820/by_section/data_152_rfsd_J_2021_v20260820_xlsx.zip,https://storage.yandexcloud.net/tochno-st-catalog/FNS/data_rfsd_152_v20260820/by_section/data_152_rfsd_J_2022_v20260820_xlsx.zip,https://storage.yandexcloud.net/tochno-st-catalog/FNS/data_rfsd_152_v20260820/by_section/data_152_rfsd_J_2023_v20260820_xlsx.zip,https://storage.yandexcloud.net/tochno-st-catalog/FNS/data_rfsd_152_v20260820/by_section/data_152_rfsd_J_2024_v20260820_xlsx.zip,https://storage.yandexcloud.net/tochno-st-catalog/FNS/data_rfsd_152_v20260820/by_section/data_152_rfsd_J_2025_v20260820_xlsx.zip
K,Деятельность финансовая и страховая,https://storage.yandexcloud.net/tochno-st-catalog/FNS/data_rfsd_152_v20260820/by_section/data_152_rfsd_K_2011_v20260820_xlsx.zip,https://storage.yandexcloud.net/tochno-st-catalog/FNS/data_rfsd_152_v20260820/by_section/data_152_rfsd_K_2012_v20260820_xlsx.zip,https://storage.yandexcloud.net/tochno-st-catalog/FNS/data_rfsd_152_v20260820/by_section/data_152_rfsd_K_2013_v20260820_xlsx.zip,https://storage.yandexcloud.net/tochno-st-catalog/FNS/data_rfsd_152_v20260820/by_section/data_152_rfsd_K_2014_v20260820_xlsx.zip,https://storage.yandexcloud.net/tochno-st-catalog/FNS/data_rfsd_152_v20260820/by_section/data_152_rfsd_K_2015_v20260820_xlsx.zip,https://storage.yandexcloud.net/tochno-st-catalog/FNS/data_rfsd_152_v20260820/by_section/data_152_rfsd_K_2016_v20260820_xlsx.zip,https://storage.yandexcloud.net/tochno-st-catalog/FNS/data_rfsd_152_v20260820/by_section/data_152_rfsd_K_2017_v20260820_xlsx.zip,https://storage.yandexcloud.net/tochno-st-catalog/FNS/data_rfsd_152_v20260820/by_section/data_152_rfsd_K_2018_v20260820_xlsx.zip,https://storage.yandexcloud.net/tochno-st-catalog/FNS/data_rfsd_152_v20260820/by_section/data_152_rfsd_K_2019_v20260820_xlsx.zip,https://storage.yandexcloud.net/tochno-st-catalog/FNS/data_rfsd_152_v20260820/by_section/data_152_rfsd_K_2020_v20260820_xlsx.zip,https://storage.yandexcloud.net/tochno-st-catalog/FNS/data_rfsd_152_v20260820/by_section/data_152_rfsd_K_2021_v20260820_xlsx.zip,https://storage.yandexcloud.net/tochno-st-catalog/FNS/data_rfsd_152_v20260820/by_section/data_152_rfsd_K_2022_v20260820_xlsx.zip,https://storage.yandexcloud.net/tochno-st-catalog/FNS/data_rfsd_152_v20260820/by_section/data_152_rfsd_K_2023_v20260820_xlsx.zip,https://storage.yandexcloud.net/tochno-st-catalog/FNS/data_rfsd_152_v20260820/by_section/data_152_rfsd_K_2024_v20260820_xlsx.zip,https://storage.yandexcloud.net/tochno-st-catalog/FNS/data_rfsd_152_v20260820/by_section/data_152_rfsd_K_2025_v20260820_xlsx.zip
L,Деятельность по операциям с недвижимым имуществом,https://storage.yandexcloud.net/tochno-st-catalog/FNS/data_rfsd_152_v20260820/by_section/data_152_rfsd_L_2011_v20260820_xlsx.zip,https://storage.yandexcloud.net/tochno-st-catalog/FNS/data_rfsd_152_v20260820/by_section/data_152_rfsd_L_2012_v20260820_xlsx.zip,https://storage.yandexcloud.net/tochno-st-catalog/FNS/data_rfsd_152_v20260820/by_section/data_152_rfsd_L_2013_v20260820_xlsx.zip,https://storage.yandexcloud.net/tochno-st-catalog/FNS/data_rfsd_152_v20260820/by_section/data_152_rfsd_L_2014_v20260820_xlsx.zip,https://storage.yandexcloud.net/tochno-st-catalog/FNS/data_rfsd_152_v20260820/by_section/data_152_rfsd_L_2015_v20260820_xlsx.zip,https://storage.yandexcloud.net/tochno-st-catalog/FNS/data_rfsd_152_v20260820/by_section/data_152_rfsd_L_2016_v20260820_xlsx.zip,https://storage.yandexcloud.net/tochno-st-catalog/FNS/data_rfsd_152_v20260820/by_section/data_152_rfsd_L_2017_v20260820_xlsx.zip,https://storage.yandexcloud.net/tochno-st-catalog/FNS/data_rfsd_152_v20260820/by_section/data_152_rfsd_L_2018_v20260820_xlsx.zip,https://storage.yandexcloud.net/tochno-st-catalog/FNS/data_rfsd_152_v20260820/by_section/data_152_rfsd_L_2019_v20260820_xlsx.zip,https://storage.yandexcloud.net/tochno-st-catalog/FNS/data_rfsd_152_v20260820/by_section/data_152_rfsd_L_2020_v20260820_xlsx.zip,https://storage.yandexcloud.net/tochno-st-catalog/FNS/data_rfsd_152_v20260820/by_section/data_152_rfsd_L_2021_v20260820_xlsx.zip,https://storage.yandexcloud.net/tochno-st-catalog/FNS/data_rfsd_152_v20260820/by_section/data_152_rfsd_L_2022_v20260820_xlsx.zip,https://storage.yandexcloud.net/tochno-st-catalog/FNS/data_rfsd_152_v20260820/by_section/data_152_rfsd_L_2023_v20260820_xlsx.zip,https://storage.yandexcloud.net/tochno-st-catalog/FNS/data_rfsd_152_v20260820/by_section/data_152_rfsd_L_2024_v20260820_xlsx.zip,https://storage.yandexcloud.net/tochno-st-catalog/FNS/data_rfsd_152_v20260820/by_section/data_152_rfsd_L_2025_v20260820_xlsx.zip
M,"Деятельность профессиональная, научная и техническая",https://storage.yandexcloud.net/tochno-st-catalog/FNS/data_rfsd_152_v20260820/by_section/data_152_rfsd_M_2011_v20260820_xlsx.zip,https://storage.yandexcloud.net/tochno-st-catalog/FNS/data_rfsd_152_v20260820/by_section/data_152_rfsd_M_2012_v20260820_xlsx.zip,https://storage.yandexcloud.net/tochno-st-catalog/FNS/data_rfsd_152_v20260820/by_section/data_152_rfsd_M_2013_v20260820_xlsx.zip,https://storage.yandexcloud.net/tochno-st-catalog/FNS/data_rfsd_152_v20260820/by_section/data_152_rfsd_M_2014_v20260820_xlsx.zip,https://storage.yandexcloud.net/tochno-st-catalog/FNS/data_rfsd_152_v20260820/by_section/data_152_rfsd_M_2015_v20260820_xlsx.zip,https://storage.yandexcloud.net/tochno-st-catalog/FNS/data_rfsd_152_v20260820/by_section/data_152_rfsd_M_2016_v20260820_xlsx.zip,https://storage.yandexcloud.net/tochno-st-catalog/FNS/data_rfsd_152_v20260820/by_section/data_152_rfsd_M_2017_v20260820_xlsx.zip,https://storage.yandexcloud.net/tochno-st-catalog/FNS/data_rfsd_152_v20260820/by_section/data_152_rfsd_M_2018_v20260820_xlsx.zip,https://storage.yandexcloud.net/tochno-st-catalog/FNS/data_rfsd_152_v20260820/by_section/data_152_rfsd_M_2019_v20260820_xlsx.zip,https://storage.yandexcloud.net/tochno-st-catalog/FNS/data_rfsd_152_v20260820/by_section/data_152_rfsd_M_2020_v20260820_xlsx.zip,https://storage.yandexcloud.net/tochno-st-catalog/FNS/data_rfsd_152_v20260820/by_section/data_152_rfsd_M_2021_v20260820_xlsx.zip,https://storage.yandexcloud.net/tochno-st-catalog/FNS/data_rfsd_152_v20260820/by_section/data_152_rfsd_M_2022_v20260820_xlsx.zip,https://storage.yandexcloud.net/tochno-st-catalog/FNS/data_rfsd_152_v20260820/by_section/data_152_rfsd_M_2023_v20260820_xlsx.zip,https://storage.yandexcloud.net/tochno-st-catalog/FNS/data_rfsd_152_v20260820/by_section/data_152_rfsd_M_2024_v20260820_xlsx.zip,https://storage.yandexcloud.net/tochno-st-catalog/FNS/data_rfsd_152_v20260820/by_section/data_152_rfsd_M_2025_v20260820_xlsx.zip
N,Деятельность административная и сопутствующие дополнительные услуги,https://storage.yandexcloud.net/tochno-st-catalog/FNS/data_rfsd_152_v20260820/by_section/data_152_rfsd_N_2011_v20260820_xlsx.zip,https://storage.yandexcloud.net/tochno-st-catalog/FNS/data_rfsd_152_v20260820/by_section/data_152_rfsd_N_2012_v20260820_xlsx.zip,https://storage.yandexcloud.net/tochno-st-catalog/FNS/data_rfsd_152_v20260820/by_section/data_152_rfsd_N_2013_v20260820_xlsx.zip,https://storage.yandexcloud.net/tochno-st-catalog/FNS/data_rfsd_152_v20260820/by_section/data_152_rfsd_N_2014_v20260820_xlsx.zip,https://storage.yandexcloud.net/tochno-st-catalog/FNS/data_rfsd_152_v20260820/by_section/data_152_rfsd_N_2015_v20260820_xlsx.zip,https://storage.yandexcloud.net/tochno-st-catalog/FNS/data_rfsd_152_v20260820/by_section/data_152_rfsd_N_2016_v20260820_xlsx.zip,https://storage.yandexcloud.net/tochno-st-catalog/FNS/data_rfsd_152_v20260820/by_section/data_152_rfsd_N_2017_v20260820_xlsx.zip,https://storage.yandexcloud.net/tochno-st-catalog/FNS/data_rfsd_152_v20260820/by_section/data_152_rfsd_N_2018_v20260820_xlsx.zip,https://storage.yandexcloud.net/tochno-st-catalog/FNS/data_rfsd_152_v20260820/by_section/data_152_rfsd_N_2019_v20260820_xlsx.zip,https://storage.yandexcloud.net/tochno-st-catalog/FNS/data_rfsd_152_v20260820/by_section/data_152_rfsd_N_2020_v20260820_xlsx.zip,https://storage.yandexcloud.net/tochno-st-catalog/FNS/data_rfsd_152_v20260820/by_section/data_152_rfsd_N_2021_v20260820_xlsx.zip,https://storage.yandexcloud.net/tochno-st-catalog/FNS/data_rfsd_152_v20260820/by_section/data_152_rfsd_N_2022_v20260820_xlsx.zip,https://storage.yandexcloud.net/tochno-st-catalog/FNS/data_rfsd_152_v20260820/by_section/data_152_rfsd_N_2023_v20260820_xlsx.zip,https://storage.yandexcloud.net/tochno-st-catalog/FNS/data_rfsd_152_v20260820/by_section/data_152_rfsd_N_2024_v20260820_xlsx.zip,https://storage.yandexcloud.net/tochno-st-catalog/FNS/data_rfsd_152_v20260820/by_section/data_152_rfsd_N_2025_v20260820_xlsx.zip
O,Государственное управление и обеспечение военной безопасности; социальное обеспечение,https://storage.yandexcloud.net/tochno-st-catalog/FNS/data_rfsd_152_v20260820/by_section/data_152_rfsd_O_2011_v20260820_xlsx.zip,https://storage.yandexcloud.net/tochno-st-catalog/FNS/data_rfsd_152_v20260820/by_section/data_152_rfsd_O_2012_v20260820_xlsx.zip,https://storage.yandexcloud.net/tochno-st-catalog/FNS/data_rfsd_152_v20260820/by_section/data_152_rfsd_O_2013_v20260820_xlsx.zip,https://storage.yandexcloud.net/tochno-st-catalog/FNS/data_rfsd_152_v20260820/by_section/data_152_rfsd_O_2014_v20260820_xlsx.zip,https://storage.yandexcloud.net/tochno-st-catalog/FNS/data_rfsd_152_v20260820/by_section/data_152_rfsd_O_2015_v20260820_xlsx.zip,https://storage.yandexcloud.net/tochno-st-catalog/FNS/data_rfsd_152_v20260820/by_section/data_152_rfsd_O_2016_v20260820_xlsx.zip,https://storage.yandexcloud.net/tochno-st-catalog/FNS/data_rfsd_152_v20260820/by_section/data_152_rfsd_O_2017_v20260820_xlsx.zip,https://storage.yandexcloud.net/tochno-st-catalog/FNS/data_rfsd_152_v20260820/by_section/data_152_rfsd_O_2018_v20260820_xlsx.zip,https://storage.yandexcloud.net/tochno-st-catalog/FNS/data_rfsd_152_v20260820/by_section/data_152_rfsd_O_2019_v20260820_xlsx.zip,https://storage.yandexcloud.net/tochno-st-catalog/FNS/data_rfsd_152_v20260820/by_section/data_152_rfsd_O_2020_v20260820_xlsx.zip,https://storage.yandexcloud.net/tochno-st-catalog/FNS/data_rfsd_152_v20260820/by_section/data_152_rfsd_O_2021_v20260820_xlsx.zip,https://storage.yandexcloud.net/tochno-st-catalog/FNS/data_rfsd_152_v20260820/by_section/data_152_rfsd_O_2022_v20260820_xlsx.zip,https://storage.yandexcloud.net/tochno-st-catalog/FNS/data_rfsd_152_v20260820/by_section/data_152_rfsd_O_2023_v20260820_xlsx.zip,https://storage.yandexcloud.net/tochno-st-catalog/FNS/data_rfsd_152_v20260820/by_section/data_152_rfsd_O_2024_v20260820_xlsx.zip,https://storage.yandexcloud.net/tochno-st-catalog/FNS/data_rfsd_152_v20260820/by_section/data_152_rfsd_O_2025_v20260820_xlsx.zip
Other,Другие,https://storage.yandexcloud.net/tochno-st-catalog/FNS/data_rfsd_152_v20260820/by_section/data_152_rfsd_Other_2011_v20260820_xlsx.zip,https://storage.yandexcloud.net/tochno-st-catalog/FNS/data_rfsd_152_v20260820/by_section/data_152_rfsd_Other_2012_v20260820_xlsx.zip,https://storage.yandexcloud.net/tochno-st-catalog/FNS/data_rfsd_152_v20260820/by_section/data_152_rfsd_Other_2013_v20260820_xlsx.zip,https://storage.yandexcloud.net/tochno-st-catalog/FNS/data_rfsd_152_v20260820/by_section/data_152_rfsd_Other_2014_v20260820_xlsx.zip,https://storage.yandexcloud.net/tochno-st-catalog/FNS/data_rfsd_152_v20260820/by_section/data_152_rfsd_Other_2015_v20260820_xlsx.zip,https://storage.yandexcloud.net/tochno-st-catalog/FNS/data_rfsd_152_v20260820/by_section/data_152_rfsd_Other_2016_v20260820_xlsx.zip,https://storage.yandexcloud.net/tochno-st-catalog/FNS/data_rfsd_152_v20260820/by_section/data_152_rfsd_Other_2017_v20260820_xlsx.zip,https://storage.yandexcloud.net/tochno-st-catalog/FNS/data_rfsd_152_v20260820/by_section/data_152_rfsd_Other_2018_v20260820_xlsx.zip,https://storage.yandexcloud.net/tochno-st-catalog/FNS/data_rfsd_152_v20260820/by_section/data_152_rfsd_Other_2019_v20260820_xlsx.zip,https://storage.yandexcloud.net/tochno-st-catalog/FNS/data_rfsd_152_v20260820/by_section/data_152_rfsd_Other_2020_v20260820_xlsx.zip,https://storage.yandexcloud.net/tochno-st-catalog/FNS/data_rfsd_152_v20260820/by_section/data_152_rfsd_Other_2021_v20260820_xlsx.zip,https://storage.yandexcloud.net/tochno-st-catalog/FNS/data_rfsd_152_v20260820/by_section/data_152_rfsd_Other_2022_v20260820_xlsx.zip,https://storage.yandexcloud.net/tochno-st-catalog/FNS/data_rfsd_152_v20260820/by_section/data_152_rfsd_Other_2023_v20260820_xlsx.zip,https://storage.yandexcloud.net/tochno-st-catalog/FNS/data_rfsd_152_v20260820/by_section/data_152_rfsd_Other_2024_v20260820_xlsx.zip,https://storage.yandexcloud.net/tochno-st-catalog/FNS/data_rfsd_152_v20260820/by_section/data_152_rfsd_Other_2025_v20260820_xlsx.zip
P,Образование,https://storage.yandexcloud.net/tochno-st-catalog/FNS/data_rfsd_152_v20260820/by_section/data_152_rfsd_P_2011_v20260820_xlsx.zip,https://storage.yandexcloud.net/tochno-st-catalog/FNS/data_rfsd_152_v20260820/by_section/data_152_rfsd_P_2012_v20260820_xlsx.zip,https://storage.yandexcloud.net/tochno-st-catalog/FNS/data_rfsd_152_v20260820/by_section/data_152_rfsd_P_2013_v20260820_xlsx.zip,https://storage.yandexcloud.net/tochno-st-catalog/FNS/data_rfsd_152_v20260820/by_section/data_152_rfsd_P_2014_v20260820_xlsx.zip,https://storage.yandexcloud.net/tochno-st-catalog/FNS/data_rfsd_152_v20260820/by_section/data_152_rfsd_P_2015_v20260820_xlsx.zip,https://storage.yandexcloud.net/tochno-st-catalog/FNS/data_rfsd_152_v20260820/by_section/data_152_rfsd_P_2016_v20260820_xlsx.zip,https://storage.yandexcloud.net/tochno-st-catalog/FNS/data_rfsd_152_v20260820/by_section/data_152_rfsd_P_2017_v20260820_xlsx.zip,https://storage.yandexcloud.net/tochno-st-catalog/FNS/data_rfsd_152_v20260820/by_section/data_152_rfsd_P_2018_v20260820_xlsx.zip,https://storage.yandexcloud.net/tochno-st-catalog/FNS/data_rfsd_152_v20260820/by_section/data_152_rfsd_P_2019_v20260820_xlsx.zip,https://storage.yandexcloud.net/tochno-st-catalog/FNS/data_rfsd_152_v20260820/by_section/data_152_rfsd_P_2020_v20260820_xlsx.zip,https://storage.yandexcloud.net/tochno-st-catalog/FNS/data_rfsd_152_v20260820/by_section/data_152_rfsd_P_2021_v20260820_xlsx.zip,https://storage.yandexcloud.net/tochno-st-catalog/FNS/data_rfsd_152_v20260820/by_section/data_152_rfsd_P_2022_v20260820_xlsx.zip,https://storage.yandexcloud.net/tochno-st-catalog/FNS/data_rfsd_152_v20260820/by_section/data_152_rfsd_P_2023_v20260820_xlsx.zip,https://storage.yandexcloud.net/tochno-st-catalog/FNS/data_rfsd_152_v20260820/by_section/data_152_rfsd_P_2024_v20260820_xlsx.zip,https://storage.yandexcloud.net/tochno-st-catalog/FNS/data_rfsd_152_v20260820/by_section/data_152_rfsd_P_2025_v20260820_xlsx.zip
Q,Деятельность в области здравоохранения и социальных услуг,https://storage.yandexcloud.net/tochno-st-catalog/FNS/data_rfsd_152_v20260820/by_section/data_152_rfsd_Q_2011_v20260820_xlsx.zip,https://storage.yandexcloud.net/tochno-st-catalog/FNS/data_rfsd_152_v20260820/by_section/data_152_rfsd_Q_2012_v20260820_xlsx.zip,https://storage.yandexcloud.net/tochno-st-catalog/FNS/data_rfsd_152_v20260820/by_section/data_152_rfsd_Q_2013_v20260820_xlsx.zip,https://storage.yandexcloud.net/tochno-st-catalog/FNS/data_rfsd_152_v20260820/by_section/data_152_rfsd_Q_2014_v20260820_xlsx.zip,https://storage.yandexcloud.net/tochno-st-catalog/FNS/data_rfsd_152_v20260820/by_section/data_152_rfsd_Q_2015_v20260820_xlsx.zip,https://storage.yandexcloud.net/tochno-st-catalog/FNS/data_rfsd_152_v20260820/by_section/data_152_rfsd_Q_2016_v20260820_xlsx.zip,https://storage.yandexcloud.net/tochno-st-catalog/FNS/data_rfsd_152_v20260820/by_section/data_152_rfsd_Q_2017_v20260820_xlsx.zip,https://storage.yandexcloud.net/tochno-st-catalog/FNS/data_rfsd_152_v20260820/by_section/data_152_rfsd_Q_2018_v20260820_xlsx.zip,https://storage.yandexcloud.net/tochno-st-catalog/FNS/data_rfsd_152_v20260820/by_section/data_152_rfsd_Q_2019_v20260820_xlsx.zip,https://storage.yandexcloud.net/tochno-st-catalog/FNS/data_rfsd_152_v20260820/by_section/data_152_rfsd_Q_2020_v20260820_xlsx.zip,https://storage.yandexcloud.net/tochno-st-catalog/FNS/data_rfsd_152_v20260820/by_section/data_152_rfsd_Q_2021_v20260820_xlsx.zip,https://storage.yandexcloud.net/tochno-st-catalog/FNS/data_rfsd_152_v20260820/by_section/data_152_rfsd_Q_2022_v20260820_xlsx.zip,https://storage.yandexcloud.net/tochno-st-catalog/FNS/data_rfsd_152_v20260820/by_section/data_152_rfsd_Q_2023_v20260820_xlsx.zip,https://storage.yandexcloud.net/tochno-st-catalog/FNS/data_rfsd_152_v20260820/by_section/data_152_rfsd_Q_2024_v20260820_xlsx.zip,https://storage.yandexcloud.net/tochno-st-catalog/FNS/data_rfsd_152_v20260820/by_section/data_152_rfsd_Q_2025_v20260820_xlsx.zip
R,"Деятельность в области культуры, спорта, организации досуга и развлечений",https://storage.yandexcloud.net/tochno-st-catalog/FNS/data_rfsd_152_v20260820/by_section/data_152_rfsd_R_2011_v20260820_xlsx.zip,https://storage.yandexcloud.net/tochno-st-catalog/FNS/data_rfsd_152_v20260820/by_section/data_152_rfsd_R_2012_v20260820_xlsx.zip,https://storage.yandexcloud.net/tochno-st-catalog/FNS/data_rfsd_152_v20260820/by_section/data_152_rfsd_R_2013_v20260820_xlsx.zip,https://storage.yandexcloud.net/tochno-st-catalog/FNS/data_rfsd_152_v20260820/by_section/data_152_rfsd_R_2014_v20260820_xlsx.zip,https://storage.yandexcloud.net/tochno-st-catalog/FNS/data_rfsd_152_v20260820/by_section/data_152_rfsd_R_2015_v20260820_xlsx.zip,https://storage.yandexcloud.net/tochno-st-catalog/FNS/data_rfsd_152_v20260820/by_section/data_152_rfsd_R_2016_v20260820_xlsx.zip,https://storage.yandexcloud.net/tochno-st-catalog/FNS/data_rfsd_152_v20260820/by_section/data_152_rfsd_R_2017_v20260820_xlsx.zip,https://storage.yandexcloud.net/tochno-st-catalog/FNS/data_rfsd_152_v20260820/by_section/data_152_rfsd_R_2018_v20260820_xlsx.zip,https://storage.yandexcloud.net/tochno-st-catalog/FNS/data_rfsd_152_v20260820/by_section/data_152_rfsd_R_2019_v20260820_xlsx.zip,https://storage.yandexcloud.net/tochno-st-catalog/FNS/data_rfsd_152_v20260820/by_section/data_152_rfsd_R_2020_v20260820_xlsx.zip,https://storage.yandexcloud.net/tochno-st-catalog/FNS/data_rfsd_152_v20260820/by_section/data_152_rfsd_R_2021_v20260820_xlsx.zip,https://storage.yandexcloud.net/tochno-st-catalog/FNS/data_rfsd_152_v20260820/by_section/data_152_rfsd_R_2022_v20260820_xlsx.zip,https://storage.yandexcloud.net/tochno-st-catalog/FNS/data_rfsd_152_v20260820/by_section/data_152_rfsd_R_2023_v20260820_xlsx.zip,https://storage.yandexcloud.net/tochno-st-catalog/FNS/data_rfsd_152_v20260820/by_section/data_152_rfsd_R_2024_v20260820_xlsx.zip,https://storage.yandexcloud.net/tochno-st-catalog/FNS/data_rfsd_152_v20260820/by_section/data_152_rfsd_R_2025_v20260820_xlsx.zip
S,Предоставление прочих видов услуг,https://storage.yandexcloud.net/tochno-st-catalog/FNS/data_rfsd_152_v20260820/by_section/data_152_rfsd_S_2011_v20260820_xlsx.zip,https://storage.yandexcloud.net/tochno-st-catalog/FNS/data_rfsd_152_v20260820/by_section/data_152_rfsd_S_2012_v20260820_xlsx.zip,https://storage.yandexcloud.net/tochno-st-catalog/FNS/data_rfsd_152_v20260820/by_section/data_152_rfsd_S_2013_v20260820_xlsx.zip,https://storage.yandexcloud.net/tochno-st-catalog/FNS/data_rfsd_152_v20260820/by_section/data_152_rfsd_S_2014_v20260820_xlsx.zip,https://storage.yandexcloud.net/tochno-st-catalog/FNS/data_rfsd_152_v20260820/by_section/data_152_rfsd_S_2015_v20260820_xlsx.zip,https://storage.yandexcloud.net/tochno-st-catalog/FNS/data_rfsd_152_v20260820/by_section/data_152_rfsd_S_2016_v20260820_xlsx.zip,https://storage.yandexcloud.net/tochno-st-catalog/FNS/data_rfsd_152_v20260820/by_section/data_152_rfsd_S_2017_v20260820_xlsx.zip,https://storage.yandexcloud.net/tochno-st-catalog/FNS/data_rfsd_152_v20260820/by_section/data_152_rfsd_S_2018_v20260820_xlsx.zip,https://storage.yandexcloud.net/tochno-st-catalog/FNS/data_rfsd_152_v20260820/by_section/data_152_rfsd_S_2019_v20260820_xlsx.zip,https://storage.yandexcloud.net/tochno-st-catalog/FNS/data_rfsd_152_v20260820/by_section/data_152_rfsd_S_2020_v20260820_xlsx.zip,https://storage.yandexcloud.net/tochno-st-catalog/FNS/data_rfsd_152_v20260820/by_section/data_152_rfsd_S_2021_v20260820_xlsx.zip,https://storage.yandexcloud.net/tochno-st-catalog/FNS/data_rfsd_152_v20260820/by_section/data_152_rfsd_S_2022_v20260820_xlsx.zip,https://storage.yandexcloud.net/tochno-st-catalog/FNS/data_rfsd_152_v20260820/by_section/data_152_rfsd_S_2023_v20260820_xlsx.zip,https://storage.yandexcloud.net/tochno-st-catalog/FNS/data_rfsd_152_v20260820/by_section/data_152_rfsd_S_2024_v20260820_xlsx.zip,https://storage.yandexcloud.net/tochno-st-catalog/FNS/data_rfsd_152_v20260820/by_section/data_152_rfsd_S_2025_v20260820_xlsx.zip
T,Деятельность домашних хозяйств как работодателей; недифференцированная деятельность частных домашних хозяйств по производству товаров и оказанию услуг для собственного потребления,https://storage.yandexcloud.net/tochno-st-catalog/FNS/data_rfsd_152_v20260820/by_section/data_152_rfsd_T_2011_v20260820_xlsx.zip,https://storage.yandexcloud.net/tochno-st-catalog/FNS/data_rfsd_152_v20260820/by_section/data_152_rfsd_T_2012_v20260820_xlsx.zip,https://storage.yandexcloud.net/tochno-st-catalog/FNS/data_rfsd_152_v20260820/by_section/data_152_rfsd_T_2013_v20260820_xlsx.zip,https://storage.yandexcloud.net/tochno-st-catalog/FNS/data_rfsd_152_v20260820/by_section/data_152_rfsd_T_2014_v20260820_xlsx.zip,https://storage.yandexcloud.net/tochno-st-catalog/FNS/data_rfsd_152_v20260820/by_section/data_152_rfsd_T_2015_v20260820_xlsx.zip,https://storage.yandexcloud.net/tochno-st-catalog/FNS/data_rfsd_152_v20260820/by_section/data_152_rfsd_T_2016_v20260820_xlsx.zip,https://storage.yandexcloud.net/tochno-st-catalog/FNS/data_rfsd_152_v20260820/by_section/data_152_rfsd_T_2017_v20260820_xlsx.zip,https://storage.yandexcloud.net/tochno-st-catalog/FNS/data_rfsd_152_v20260820/by_section/data_152_rfsd_T_2018_v20260820_xlsx.zip,https://storage.yandexcloud.net/tochno-st-catalog/FNS/data_rfsd_152_v20260820/by_section/data_152_rfsd_T_2019_v20260820_xlsx.zip,https://storage.yandexcloud.net/tochno-st-catalog/FNS/data_rfsd_152_v20260820/by_section/data_152_rfsd_T_2020_v20260820_xlsx.zip,https://storage.yandexcloud.net/tochno-st-catalog/FNS/data_rfsd_152_v20260820/by_section/data_152_rfsd_T_2021_v20260820_xlsx.zip,https://storage.yandexcloud.net/tochno-st-catalog/FNS/data_rfsd_152_v20260820/by_section/data_152_rfsd_T_2022_v20260820_xlsx.zip,https://storage.yandexcloud.net/tochno-st-catalog/FNS/data_rfsd_152_v20260820/by_section/data_152_rfsd_T_2023_v20260820_xlsx.zip,https://storage.yandexcloud.net/tochno-st-catalog/FNS/data_rfsd_152_v20260820/by_section/data_152_rfsd_T_2024_v20260820_xlsx.zip,https://storage.yandexcloud.net/tochno-st-catalog/FNS/data_rfsd_152_v20260820/by_section/data_152_rfsd_T_2025_v20260820_xlsx.zip
U,Деятельность экстерриториальных организаций и органов,https://storage.yandexcloud.net/tochno-st-catalog/FNS/data_rfsd_152_v20260820/by_section/data_152_rfsd_U_2011_v20260820_xlsx.zip,https://storage.yandexcloud.net/tochno-st-catalog/FNS/data_rfsd_152_v20260820/by_section/data_152_rfsd_U_2012_v20260820_xlsx.zip,https://storage.yandexcloud.net/tochno-st-catalog/FNS/data_rfsd_152_v20260820/by_section/data_152_rfsd_U_2013_v20260820_xlsx.zip,https://storage.yandexcloud.net/tochno-st-catalog/FNS/data_rfsd_152_v20260820/by_section/data_152_rfsd_U_2014_v20260820_xlsx.zip,https://storage.yandexcloud.net/tochno-st-catalog/FNS/data_rfsd_152_v20260820/by_section/data_152_rfsd_U_2015_v20260820_xlsx.zip,https://storage.yandexcloud.net/tochno-st-catalog/FNS/data_rfsd_152_v20260820/by_section/data_152_rfsd_U_2016_v20260820_xlsx.zip,https://storage.yandexcloud.net/tochno-st-catalog/FNS/data_rfsd_152_v20260820/by_section/data_152_rfsd_U_2017_v20260820_xlsx.zip,https://storage.yandexcloud.net/tochno-st-catalog/FNS/data_rfsd_152_v20260820/by_section/data_152_rfsd_U_2018_v20260820_xlsx.zip,https://storage.yandexcloud.net/tochno-st-catalog/FNS/data_rfsd_152_v20260820/by_section/data_152_rfsd_U_2019_v20260820_xlsx.zip,https://storage.yandexcloud.net/tochno-st-catalog/FNS/data_rfsd_152_v20260820/by_section/data_152_rfsd_U_2020_v20260820_xlsx.zip,https://storage.yandexcloud.net/tochno-st-catalog/FNS/data_rfsd_152_v20260820/by_section/data_152_rfsd_U_2021_v20260820_xlsx.zip,https://storage.yandexcloud.net/tochno-st-catalog/FNS/data_rfsd_152_v20260820/by_section/data_152_rfsd_U_2022_v20260820_xlsx.zip,https://storage.yandexcloud.net/tochno-st-catalog/FNS/data_rfsd_152_v20260820/by_section/data_152_rfsd_U_2023_v20260820_xlsx.zip,https://storage.yandexcloud.net/tochno-st-catalog/FNS/data_rfsd_152_v20260820/by_section/data_152_rfsd_U_2024_v20260820_xlsx.zip,https://storage.yandexcloud.net/tochno-st-catalog/FNS/data_rfsd_152_v20260820/by_section/data_152_rfsd_U_2025_v20260820_xlsx.zip