,pc1,std
2018-01-08,10.7534,4.1369
2018-01-15,0.9007,0.3465
2018-01-22,0.6661,0.2562
2018-01-29,0.2905,0.1117
2018-02-05,0.9443,0.3633
2018-02-12,-3.8261,-1.4719
2018-02-19,-0.3291,-0.1266
2018-02-26,2.7295,1.0500
2018-03-05,-5.1865,-1.9953
2018-03-12,4.8082,1.8497
2018-03-19,0.0371,0.0143
2018-03-26,-2.7225,-1.0474
2018-04-02,-2.0800,-0.8002
2018-04-09,1.5256,0.5869
2018-04-16,-0.2798,-0.1076
2018-04-23,-0.2907,-0.1118
2018-04-30,-5.2469,-2.0185
2018-05-07,2.1981,0.8456
2018-05-14,1.5491,0.5959
2018-05-21,-0.2725,-0.1048
2018-05-28,0.5151,0.1982
2018-06-04,2.3256,0.8947
2018-06-11,-2.8820,-1.1087
2018-06-18,1.1176,0.4299
2018-06-25,0.6691,0.2574
2018-07-02,0.1694,0.0652
2018-07-09,0.3528,0.1357
2018-07-16,2.2077,0.8493
2018-07-23,3.1184,1.1997
2018-07-30,-0.5524,-0.2125
2018-08-06,1.5351,0.5906
2018-08-13,0.8319,0.3200
2018-08-20,-2.0993,-0.8076
2018-08-27,-1.4643,-0.5633
2018-09-03,0.6179,0.2377
2018-09-10,0.5010,0.1927
2018-09-17,0.7787,0.2996
2018-09-24,1.8067,0.6950
2018-10-01,-1.2919,-0.4970
2018-10-08,0.1150,0.0442
2018-10-15,-0.0537,-0.0207
2018-10-22,0.3109,0.1196
2018-10-29,-1.1884,-0.4572
2018-11-05,-1.7620,-0.6779
2018-11-12,0.8199,0.3154
2018-11-19,-1.3903,-0.5349
2018-11-26,-1.6326,-0.6281
2018-12-03,0.6291,0.2420
2018-12-10,-0.5273,-0.2029
2018-12-17,-2.8289,-1.0883
2018-12-24,-5.8315,-2.2434
2018-12-31,0.1286,0.0495
2019-01-07,12.7188,4.8930
2019-01-14,2.4876,0.9570
2019-01-21,-0.4525,-0.1741
2019-01-28,-0.3212,-0.1236
2019-02-04,-0.2156,-0.0829
2019-02-11,-2.3267,-0.8951
2019-02-18,0.2297,0.0884
2019-02-25,-0.1614,-0.0621
2019-03-04,-3.7659,-1.4487
2019-03-11,4.7246,1.8176
2019-03-18,-0.5043,-0.1940
2019-03-25,0.1958,0.0753
2019-04-01,0.2875,0.1106
2019-04-08,-0.7577,-0.2915
2019-04-15,-2.9048,-1.1175
2019-04-22,-3.3624,-1.2935
2019-04-29,-2.5996,-1.0001
2019-05-06,-2.1550,-0.8291
2019-05-13,5.2086,2.0038
2019-05-20,-0.1105,-0.0425
2019-05-27,-0.3203,-0.1232
2019-06-03,-0.6766,-0.2603
2019-06-10,-0.6261,-0.2409
2019-06-17,0.9704,0.3733
2019-06-24,0.0541,0.0208
2019-07-01,0.3301,0.1270
2019-07-08,-0.1731,-0.0666
2019-07-15,-0.3212,-0.1236
2019-07-22,0.9014,0.3468
2019-07-29,0.2787,0.1072
2019-08-05,1.0833,0.4168
2019-08-12,0.0960,0.0369
2019-08-19,-0.4194,-0.1614
2019-08-26,-0.8384,-0.3225
2019-09-02,0.1097,0.0422
2019-09-09,0.4382,0.1686
2019-09-16,0.5436,0.2091
2019-09-23,0.2245,0.0864
2019-09-30,1.3921,0.5356
2019-10-07,0.0063,0.0024
2019-10-14,-0.3782,-0.1455
2019-10-21,1.6712,0.6429
2019-10-28,-1.8513,-0.7122
2019-11-04,1.5299,0.5885
2019-11-11,0.6499,0.2500
2019-11-18,-0.2957,-0.1138
2019-11-25,0.1535,0.0591
2019-12-02,-0.2677,-0.1030
2019-12-09,0.0165,0.0063
2019-12-16,-1.1019,-0.4239
2019-12-23,-6.1105,-2.3507
2019-12-30,-3.3642,-1.2942
2020-01-06,13.0394,5.0164
2020-01-13,3.9276,1.5110
2020-01-20,-0.1555,-0.0598
2020-01-27,-2.1170,-0.8144
2020-02-03,1.1630,0.4474
2020-02-10,-0.2050,-0.0789
2020-02-17,-1.9198,-0.7386
2020-02-24,0.9468,0.3642
2020-03-02,-3.0046,-1.1559
2020-03-09,5.0870,1.9570
2020-03-16,-2.6248,-1.0098
2020-03-23,-6.1000,-2.3467
2020-03-30,-6.2007,-2.3855
2020-04-06,1.3387,0.5150
2020-04-13,4.4082,1.6959
2020-04-20,5.6763,2.1837
2020-04-27,-2.7527,-1.0590
2020-05-04,-2.0411,-0.7852
2020-05-11,3.0907,1.1890
2020-05-18,2.0168,0.7759
2020-05-25,-0.8085,-0.3110
2020-06-01,0.0810,0.0312
2020-06-08,-2.0625,-0.7934
2020-06-15,2.4490,0.9422
2020-06-22,0.5532,0.2128
2020-06-29,-0.4187,-0.1611
2020-07-06,-0.3084,-0.1186
2020-07-13,1.5571,0.5990
2020-07-20,0.7101,0.2732
2020-07-27,0.5714,0.2198
2020-08-03,1.3111,0.5044
2020-08-10,-0.8085,-0.3111
2020-08-17,0.8815,0.3391
2020-08-24,0.2757,0.1061
2020-08-31,-2.5813,-0.9930
2020-09-07,0.5380,0.2070
2020-09-14,0.2518,0.0969
2020-09-21,0.6429,0.2473
2020-09-28,-0.0807,-0.0311
2020-10-05,1.6340,0.6286
2020-10-12,0.7093,0.2729
2020-10-19,0.0084,0.0032
2020-10-26,0.4648,0.1788
2020-11-02,0.4612,0.1774
2020-11-09,-1.2301,-0.4732
2020-11-16,-0.4263,-0.1640
2020-11-23,0.7764,0.2987
2020-11-30,-0.8048,-0.3096
2020-12-07,-0.9231,-0.3551
2020-12-14,-2.1299,-0.8194
2020-12-21,-3.9823,-1.5320
2020-12-28,-7.4316,-2.8590
2021-01-04,11.9517,4.5979
2021-01-11,3.5459,1.3641
2021-01-18,-0.5192,-0.1997
2021-01-25,0.5892,0.2267
2021-02-01,0.7391,0.2843
2021-02-08,-1.0603,-0.4079
2021-02-15,-0.9016,-0.3469
2021-02-22,-1.8576,-0.7146
2021-03-01,-1.6156,-0.6215
2021-03-08,2.2138,0.8517
2021-03-15,2.8768,1.1067
2021-03-22,-1.1931,-0.4590
2021-03-29,-0.0792,-0.0305
2021-04-05,0.1190,0.0458
2021-04-12,-0.9695,-0.3730
2021-04-19,2.2456,0.8639
2021-04-26,-5.0653,-1.9486
2021-05-03,-0.4782,-0.1840
2021-05-10,2.6592,1.0230
2021-05-17,1.4165,0.5449
2021-05-24,-0.7999,-0.3077
2021-05-31,1.9973,0.7684
2021-06-07,0.2026,0.0779
2021-06-14,-3.6978,-1.4226
2021-06-21,-0.9069,-0.3489
2021-06-28,2.7900,1.0733
2021-07-05,-1.3502,-0.5194
2021-07-12,-0.1361,-0.0523
2021-07-19,1.1161,0.4294
2021-07-26,0.6635,0.2553
2021-08-02,0.1241,0.0477
2021-08-09,1.0100,0.3886
2021-08-16,3.4042,1.3096
2021-08-23,-0.2546,-0.0979
2021-08-30,-2.2952,-0.8830
2021-09-06,-1.3370,-0.5143
2021-09-13,0.1889,0.0727
2021-09-20,0.2420,0.0931
2021-09-27,-1.4832,-0.5706
2021-10-04,0.9820,0.3778
2021-10-11,0.5934,0.2283
2021-10-18,-0.2261,-0.0870
2021-10-25,-0.5738,-0.2207
2021-11-01,1.0616,0.4084
2021-11-08,-0.2139,-0.0823
2021-11-15,0.1863,0.0717
2021-11-22,-0.7324,-0.2818
2021-11-29,0.5695,0.2191
2021-12-06,0.6263,0.2409
2021-12-13,-1.3917,-0.5354
2021-12-20,-3.3115,-1.2740
2021-12-27,-8.3139,-3.1984
2022-01-03,10.4545,4.0219
2022-01-10,5.4334,2.0902
2022-01-17,-0.6499,-0.2500
2022-01-24,0.1119,0.0430
2022-01-31,1.0250,0.3943
2022-02-07,0.4501,0.1732
2022-02-14,-2.4569,-0.9452
2022-02-21,-0.6791,-0.2613
2022-02-28,4.2305,1.6275
2022-03-07,-2.7238,-1.0479
2022-03-14,0.0781,0.0300
2022-03-21,-0.2666,-0.1026
2022-03-28,-0.0894,-0.0344
2022-04-04,-2.5364,-0.9758
2022-04-11,-3.2131,-1.2361
2022-04-18,-1.9638,-0.7555
2022-04-25,0.9977,0.3838
2022-05-02,-2.3405,-0.9004
2022-05-09,0.9912,0.3813
2022-05-16,2.1056,0.8100
2022-05-23,0.2411,0.0927
2022-05-30,-0.7650,-0.2943
2022-06-06,-0.3260,-0.1254
2022-06-13,1.3838,0.5324
2022-06-20,-0.5625,-0.2164
2022-06-27,-1.9372,-0.7453
2022-07-04,0.3754,0.1444
2022-07-11,1.3276,0.5107
2022-07-18,1.3739,0.5285
2022-07-25,-1.0964,-0.4218
2022-08-01,0.1447,0.0557
2022-08-08,0.3889,0.1496
2022-08-15,0.5264,0.2025
2022-08-22,0.6108,0.2350
2022-08-29,-1.6868,-0.6489
2022-09-05,-1.6007,-0.6158
2022-09-12,-0.1243,-0.0478
2022-09-19,-1.7935,-0.6900
2022-09-26,-1.7839,-0.6863
2022-10-03,0.2205,0.0848
2022-10-10,-0.9666,-0.3719
2022-10-17,2.4421,0.9395
2022-10-24,-1.4343,-0.5518
2022-10-31,1.2252,0.4713
2022-11-07,-0.8595,-0.3306
2022-11-14,0.0894,0.0344
2022-11-21,-1.2315,-0.4738
2022-11-28,-0.0202,-0.0078
2022-12-05,-0.4420,-0.1701
2022-12-12,-0.2146,-0.0826
2022-12-19,-3.1632,-1.2169
2022-12-26,-9.7352,-3.7452
2023-01-02,9.5556,3.6761
2023-01-09,5.9110,2.2740
2023-01-16,0.1846,0.0710
2023-01-23,0.4027,0.1549
2023-01-30,0.2719,0.1046
2023-02-06,-1.4312,-0.5506
2023-02-13,-0.4236,-0.1630
2023-02-20,-2.4336,-0.9362
2023-02-27,2.2306,0.8581
2023-03-06,-1.6990,-0.6536
2023-03-13,2.8828,1.1090
2023-03-20,-0.7240,-0.2785
2023-03-27,-0.0424,-0.0163
2023-04-03,-1.1920,-0.4586
2023-04-10,-1.6259,-0.6255
2023-04-17,0.1799,0.0692
2023-04-24,-1.6927,-0.6512
2023-05-01,-0.9488,-0.3650
2023-05-08,-1.2207,-0.4696
2023-05-15,1.5184,0.5842
2023-05-22,0.2958,0.1138
2023-05-29,2.4992,0.9615
2023-06-05,-0.9266,-0.3565
2023-06-12,-0.9375,-0.3607
2023-06-19,-0.7122,-0.2740
2023-06-26,1.3277,0.5108
2023-07-03,0.1344,0.0517
2023-07-10,1.5250,0.5867
2023-07-17,0.9631,0.3705
2023-07-24,1.7481,0.6725
2023-07-31,-0.4255,-0.1637
2023-08-07,1.8296,0.7039
2023-08-14,1.9381,0.7456
2023-08-21,-1.9215,-0.7392
2023-08-28,-2.3331,-0.8975
2023-09-04,-0.1257,-0.0484
2023-09-11,0.8035,0.3091
2023-09-18,-0.5246,-0.2018
2023-09-25,0.7996,0.3076
2023-10-02,-0.1503,-0.0578
2023-10-09,-1.1739,-0.4516
2023-10-16,-0.5601,-0.2155
2023-10-23,0.7721,0.2970
2023-10-30,-0.1636,-0.0629
2023-11-06,0.1389,0.0534
2023-11-13,-0.4152,-0.1597
2023-11-20,-2.2227,-0.8551
2023-11-27,-0.2865,-0.1102
2023-12-04,-0.9370,-0.3605
2023-12-11,-0.3163,-0.1217
2023-12-18,-3.6378,-1.3995
2023-12-25,-8.2416,-3.1706
2024-01-01,6.5010,2.5010
2024-01-08,8.7496,3.3660
2024-01-15,-0.3935,-0.1514
2024-01-22,0.8963,0.3448
2024-01-29,-0.4830,-0.1858
2024-02-05,-0.9990,-0.3843
2024-02-12,-1.3432,-0.5167
2024-02-19,-1.7301,-0.6656
2024-02-26,4.0468,1.5568
2024-03-04,-5.1167,-1.9684
2024-03-11,1.2647,0.4865
2024-03-18,-0.0126,-0.0048
2024-03-25,-0.9139,-0.3516
2024-04-01,0.0651,0.0250
2024-04-08,-0.7302,-0.2809
2024-04-15,0.0376,0.0145
2024-04-22,0.4378,0.1684
2024-04-29,-3.2048,-1.2329
2024-05-06,1.8784,0.7226
2024-05-13,2.3249,0.8944
2024-05-20,-1.4983,-0.5764
2024-05-27,-0.3617,-0.1392
2024-06-03,1.3626,0.5242
2024-06-10,-0.8049,-0.3096
2024-06-17,0.5361,0.2062
2024-06-24,-2.1384,-0.8226
2024-07-01,2.8486,1.0959
2024-07-08,0.4152,0.1597
2024-07-15,-0.6860,-0.2639
2024-07-22,0.9856,0.3792
2024-07-29,-0.2480,-0.0954
2024-08-05,-0.9777,-0.3761
2024-08-12,-0.8030,-0.3089
2024-08-19,1.4615,0.5623
2024-08-26,-0.2488,-0.0957
2024-09-02,-1.9106,-0.7350
2024-09-09,0.5270,0.2027
2024-09-16,0.4467,0.1719
2024-09-23,-0.2092,-0.0805
2024-09-30,0.0460,0.0177
2024-10-07,0.9094,0.3498
2024-10-14,-3.3326,-1.2821
2024-10-21,4.7434,1.8248
2024-10-28,-1.0729,-0.4127
2024-11-04,-1.1161,-0.4294
2024-11-11,2.3658,0.9102
2024-11-18,-2.7608,-1.0621
2024-11-25,2.5468,0.9798
2024-12-02,-3.0581,-1.1765
2024-12-09,-1.1594,-0.4460
2024-12-16,1.9489,0.7497
2024-12-23,-4.4514,-1.7125
2024-12-30,-4.5615,-1.7548
2025-01-06,9.4532,3.6367
2025-01-13,2.0740,0.7979
2025-01-20,-0.1771,-0.0681
2025-01-27,-0.1060,-0.0408
2025-02-03,-0.7196,-0.2769
2025-02-10,-0.5330,-0.2050
2025-02-17,-2.2451,-0.8637
2025-02-24,-0.9681,-0.3724
2025-03-03,-2.6157,-1.0063
2025-03-10,4.2900,1.6504
2025-03-17,2.5698,0.9886
2025-03-24,-2.2099,-0.8502
2025-03-31,0.2194,0.0844
2025-04-07,-3.1137,-1.1978
2025-04-14,-3.3022,-1.2704
2025-04-21,1.6622,0.6395
2025-04-28,-2.3600,-0.9079
2025-05-05,-2.1750,-0.8367
2025-05-12,4.9199,1.8927
2025-05-19,-1.6531,-0.6359
2025-05-26,-0.1968,-0.0757
2025-06-02,0.4877,0.1876
2025-06-09,0.0428,0.0165
2025-06-16,3.2093,1.2346
2025-06-23,0.3232,0.1243
2025-06-30,1.0750,0.4136
2025-07-07,-1.1804,-0.4541
2025-07-14,0.1800,0.0693
2025-07-21,0.9807,0.3773
2025-07-28,0.0110,0.0042
2025-08-04,0.4148,0.1596
2025-08-11,-0.7596,-0.2922
2025-08-18,-0.0925,-0.0356
2025-08-25,-0.3195,-0.1229
2025-09-01,-1.7070,-0.6567
2025-09-08,0.8828,0.3396
2025-09-15,-0.0756,-0.0291
2025-09-22,-0.5605,-0.2156
2025-09-29,-0.3021,-0.1162
2025-10-06,1.2225,0.4703
2025-10-13,0.6737,0.2592
2025-10-20,0.6563,0.2525
2025-10-27,0.8422,0.3240
2025-11-03,-1.5822,-0.6087
2025-11-10,-0.7207,-0.2773
2025-11-17,1.1999,0.4616
2025-11-24,-0.3160,-0.1216
2025-12-01,-1.0878,-0.4185
2025-12-08,-2.7081,-1.0418
2025-12-15,-1.1015,-0.4238
2025-12-22,-4.6730,-1.7977
2025-12-29,-5.3178,-2.0458
2026-01-05,9.9423,3.8249
2026-01-12,4.3080,1.6573
2026-01-19,0.0782,0.0301
2026-01-26,0.6572,0.2528
2026-02-02,-2.2455,-0.8639
2026-02-09,-1.0542,-0.4055
2026-02-16,-4.2475,-1.6340
2026-02-23,0.6547,0.2519
2026-03-02,-3.8139,-1.4672
2026-03-09,5.7566,2.2146
2026-03-16,2.1623,0.8318
2026-03-23,0.2139,0.0823
2026-03-30,-0.9978,-0.3839
2026-04-06,-1.9026,-0.7319
2026-04-13,1.3953,0.5368
2026-04-20,0.0217,0.0083
2026-04-27,-2.0374,-0.7838
2026-05-04,-5.3792,-2.0694
2026-05-11,2.8795,1.1078
2026-05-18,-0.0743,-0.0286
2026-05-25,1.2278,0.4723
2026-06-01,0.0582,0.0224
2026-06-08,0.2472,0.0951
2026-06-15,1.8614,0.7161
2026-06-22,-0.2146,-0.0825
2026-06-29,-0.0673,-0.0259
2026-07-06,-1.0086,-0.3880
2026-07-13,0.2962,0.1140
2026-07-20,1.0746,0.4134
2026-07-27,-0.1094,-0.0421
2026-08-03,0.0618,0.0238
2026-08-10,0.8347,0.3211
2026-08-17,-0.0802,-0.0309
