region,2026-06,2026-07,2026-08,growth_jul_pct,growth_aug_pct
Алтайский край,57.1,51.2,84.7,-10.332749562171628,65.4296875
Амурская область,18.0,20.6,71.6,14.444444444444457,247.57281553398053
Архангельская область (без НАО),31.2,29.7,30.6,-4.807692307692307,3.030303030303031
Архангельская область (с НАО),31.8,31.1,32.8,-2.201257861635213,5.466237942122177
Астраханская область,86.7,58.1,57.6,-32.98731257208766,-0.8605851979345971
Белгородская область,77.5,80.1,105.8,3.3548387096774093,32.084893882646696
Брянская область,44.5,43.3,46.0,-2.696629213483149,6.235565819861449
Владимирская область,88.5,79.8,66.4,-9.830508474576277,-16.791979949874687
Волгоградская область,75.0,93.1,77.6,24.13333333333331,-16.648764769065522
Вологодская область,53.5,49.5,84.9,-7.476635514018696,71.51515151515153
Воронежская область,174.8,128.0,109.5,-26.77345537757438,-14.453125
Еврейская автономная область,1.5,1.4,1.2,-6.666666666666671,-14.285714285714278
Забайкальский край,40.1,38.4,32.9,-4.239401496259347,-14.322916666666657
Ивановская область,33.9,40.1,39.6,18.289085545722727,-1.2468827930174626
Иркутская область,89.6,163.5,81.0,82.47767857142858,-50.45871559633027
Кабардино-Балкарская Республика,41.2,50.1,51.8,21.601941747572823,3.393213572854293
Калининградская область,123.3,66.2,111.6,-46.30981346309812,68.58006042296071
Калужская область,52.0,56.1,62.9,7.884615384615373,12.12121212121211
Камчатский край,5.5,16.1,2.8,192.72727272727275,-82.60869565217392
Карачаево-Черкесская Республика,15.8,17.1,14.8,8.22784810126582,-13.450292397660817
Кемеровская область — Кузбасс,52.2,81.1,39.8,55.36398467432949,-50.924784217016025
Кировская область,69.2,38.3,40.1,-44.653179190751445,4.6997389033942625
Костромская область,40.3,17.6,29.7,-56.32754342431761,68.74999999999997
Красноярский край,162.1,64.4,62.9,-60.27143738433065,-2.3291925465838546
Курганская область,12.5,27.3,27.6,118.4,1.098901098901095
Курская область,66.6,55.9,84.1,-16.06606606606607,50.44722719141325
Ленинградская область,311.3,309.2,305.3,-0.6745904272406023,-1.2613195342820092
Липецкая область,63.3,29.6,60.8,-53.23854660347551,105.40540540540539
Магаданская область,0.7,0.7,0.2,0.0,-71.42857142857142
Московская область,882.0,945.2,699.7,7.165532879818599,-25.97333897587812
Мурманская область,6.0,6.2,4.3,3.333333333333343,-30.64516129032259
Ненецкий автономный округ,0.6,1.4,2.2,133.33333333333334,57.14285714285717
Нижегородская область,71.9,114.0,146.7,58.55354659248954,28.68421052631578
Новгородская область,39.3,22.2,21.2,-43.51145038167938,-4.504504504504496
Новосибирская область,192.8,109.4,165.6,-43.25726141078838,51.37111517367458
Омская область,60.0,68.0,56.6,13.333333333333329,-16.764705882352942
Оренбургская область,107.7,113.0,86.6,4.921077065923868,-23.36283185840709
Орловская область,23.0,22.6,24.1,-1.739130434782595,6.637168141592923
Пензенская область,45.8,49.2,43.4,7.423580786026207,-11.78861788617887
Пермский край,141.6,120.6,94.9,-14.830508474576277,-21.31011608623548
Приморский край,160.8,117.3,135.4,-27.05223880597015,15.43052003410061
Псковская область,33.6,38.0,34.6,13.095238095238088,-8.94736842105263
Республика Адыгея,32.4,62.3,50.5,92.28395061728395,-18.9406099518459
Республика Алтай,12.5,22.2,18.3,77.6,-17.567567567567565
Республика Башкортостан,257.2,206.3,263.2,-19.790046656298586,27.581192438196794
Республика Бурятия,45.4,76.3,54.3,68.06167400881057,-28.833551769331592
Республика Дагестан,141.0,130.0,132.1,-7.801418439716315,1.6153846153846132
Республика Ингушетия,9.5,12.5,10.2,31.57894736842107,-18.400000000000006
Республика Калмыкия,10.2,12.1,13.2,18.627450980392155,9.09090909090908
Республика Карелия,22.5,36.6,24.3,62.66666666666666,-33.606557377049185
Республика Коми,11.3,12.4,23.0,9.73451327433628,85.48387096774192
Республика Крым,78.2,147.7,84.6,88.87468030690536,-42.72173324306026
Республика Марий Эл,30.0,21.1,35.9,-29.666666666666657,70.14218009478671
Республика Мордовия,23.3,24.2,20.7,3.8626609442059987,-14.462809917355372
Республика Саха (Якутия),41.5,62.8,55.5,51.325301204819255,-11.624203821656039
Республика Северная Осетия — Алания,38.2,35.0,36.2,-8.376963350785346,3.428571428571445
Республика Тыва,12.1,41.6,11.1,243.801652892562,-73.3173076923077
Республика Хакасия,17.3,40.5,15.4,134.10404624277453,-61.97530864197531
Ростовская область,231.9,207.3,276.2,-10.608020698576965,33.23685479980702
Рязанская область,30.2,61.7,29.9,104.30463576158942,-51.539708265802275
Самарская область,99.1,108.7,117.1,9.687184661957644,7.7276908923642935
Саратовская область,56.7,58.4,70.5,2.9982363315696574,20.71917808219179
Сахалинская область,11.1,16.9,26.4,52.25225225225225,56.2130177514793
Свердловская область,194.5,285.0,256.4,46.52956298200513,-10.035087719298247
Смоленская область,26.9,23.2,38.5,-13.754646840148695,65.94827586206898
Ставропольский край,149.1,163.2,296.6,9.456740442655942,81.74019607843138
Тамбовская область,27.3,40.7,37.8,49.08424908424908,-7.125307125307131
Тверская область,68.9,58.2,69.9,-15.529753265602324,20.103092783505147
Томская область,18.5,36.6,22.0,97.83783783783784,-39.89071038251366
Тульская область,55.6,49.6,68.0,-10.79136690647482,37.096774193548384
Удмуртская Республика,90.3,80.3,107.6,-11.074197120708746,33.997509339975096
Ульяновская область,47.4,49.8,46.8,5.063291139240505,-6.024096385542165
Хабаровский край,64.8,110.9,79.6,71.141975308642,-28.22362488728585
Ханты-Мансийский автономный округ — Югра,22.5,38.7,39.2,72.00000000000003,1.2919896640826778
Челябинская область,175.7,144.6,162.6,-17.70062606715993,12.448132780082986
Чеченская Республика,136.0,157.8,161.8,16.0294117647059,2.534854245880865
Чукотский автономный округ,8.2,0.3,,-96.34146341463415,
Ямало-Ненецкий автономный округ,11.3,35.0,10.8,209.73451327433628,-69.14285714285714
Ярославская область,83.2,56.9,46.8,-31.610576923076934,-17.750439367311074
