date,Дальний Восток,Поволжье,Республика Крым,Северный Кавказ,Северо-Запад,Сибирь,Урал,Центр,Юг
2018-01-01,119.2367,179.5475,123.2089,118.6199,166.088,120.0924,143.4321,242.4465,169.3187
2018-02-01,100.9688,161.7643,120.642,112.6352,158.9001,112.4125,134.0586,234.7979,157.6465
2018-03-01,104.2011,164.4711,123.9362,105.619,158.5935,112.7363,137.699,244.6926,161.4866
2018-04-01,117.1321,161.6554,112.7149,103.1537,158.6861,117.1264,144.0943,237.1371,158.3328
2018-05-01,112.8992,157.0323,113.5578,106.6653,148.5908,116.5615,142.6721,234.8426,167.44
2018-06-01,130.507,187.1309,130.1676,130.4627,164.6689,129.7767,157.4898,266.0797,191.1521
2018-07-01,169.7034,237.859,142.7288,178.7748,205.1207,173.7427,191.5949,315.1023,241.0689
2018-08-01,186.9425,269.965,162.9286,190.1229,221.0379,185.3852,215.8155,342.8903,268.3676
2018-09-01,139.9684,204.0884,139.5795,139.9974,177.4197,139.3372,165.1686,278.3606,212.5351
2018-10-01,122.5497,186.3112,117.6964,117.7623,165.2696,125.7244,153.0793,254.6738,181.6222
2018-11-01,118.6735,177.5609,121.3567,113.9181,165.9221,125.7407,145.9728,237.1246,178.8
2018-12-01,104.0184,152.3246,98.5511,108.9031,137.9737,106.9655,128.837,197.0848,153.7991
2019-01-01,143.7161,179.6335,125.5161,148.7613,163.3957,138.9567,157.8501,237.0441,189.572
2019-02-01,134.6933,164.2251,118.551,140.4357,155.4172,126.4559,148.0639,234.8503,189.3115
2019-03-01,121.5872,150.168,115.2725,118.0365,153.722,122.8171,140.9938,217.3883,170.8357
2019-04-01,111.9147,139.9107,103.5388,101.1108,136.655,117.3133,129.1584,189.4425,154.1175
2019-05-01,105.8197,125.8332,117.2618,105.5698,127.0846,110.9453,115.246,179.9442,151.9326
2019-06-01,110.1602,140.9847,118.1933,122.0195,140.9096,116.8379,129.5803,197.6985,166.6344
2019-07-01,124.3044,155.4306,118.9104,144.2078,139.1336,126.1281,134.3402,187.0937,180.8143
2019-08-01,128.1961,152.8029,116.2892,138.3866,141.1447,124.0089,135.3078,189.9827,172.8774
2019-09-01,110.3725,131.0306,111.0113,108.43,128.8562,110.5783,117.7827,177.4164,151.2191
2019-10-01,106.9623,134.5319,108.6423,99.7954,131.7472,107.1983,117.219,182.675,148.9684
2019-11-01,112.2363,136.9481,95.8752,100.3287,137.3699,108.5137,127.4635,193.5986,146.5887
2019-12-01,105.6125,123.7031,97.1924,93.2137,113.7473,95.7765,110.7244,173.535,132.1314
2020-01-01,129.9717,156.2945,121.5285,114.8668,140.4174,124.7621,134.64,208.9928,173.397
2020-02-01,129.246,153.5214,120.5371,106.8402,147.0633,129.0198,135.4645,212.0218,174.5496
2020-03-01,129.6034,150.8211,105.5883,102.3168,146.6777,133.0118,140.758,192.4516,163.6642
2020-04-01,85.2945,100.1282,67.357,67.6001,97.8218,83.9144,98.4665,117.3707,113.5547
2020-05-01,94.8846,124.5595,95.0566,90.7231,125.0664,97.1939,119.0934,152.5576,155.017
2020-06-01,113.0251,144.4712,112.1025,103.7566,132.2962,114.8289,136.1611,180.4942,171.3897
2020-07-01,137.1815,171.6033,131.0524,132.7793,161.3898,134.5634,157.8473,221.6771,209.6431
2020-08-01,150.9529,194.8565,134.3193,151.0319,176.3836,143.4513,175.0508,244.3791,228.2075
2020-09-01,119.8906,158.7082,128.0889,121.5353,158.5918,115.9137,139.654,203.8422,186.988
2020-10-01,119.4646,146.7997,104.0834,97.5396,164.5578,111.8964,132.5002,193.702,174.4825
2020-11-01,116.8393,140.0796,105.7553,96.4777,158.9535,112.6662,129.1888,184.0695,173.8816
2020-12-01,108.7105,130.9086,99.8419,95.9611,131.2197,109.8794,119.9146,167.6581,158.528
2021-01-01,154.237,167.3398,126.9256,110.9164,156.5328,140.9877,142.1916,208.3051,205.0742
2021-02-01,140.0087,161.4223,123.5898,112.4107,155.637,133.4784,146.3267,203.9885,195.7776
2021-03-01,139.4847,152.3167,131.4618,111.6987,152.4468,137.2222,147.0327,186.1471,188.948
2021-04-01,140.7638,140.8753,125.9013,108.6337,146.8385,134.5835,145.2474,178.2036,196.8077
2021-05-01,150.4485,137.4003,129.9789,115.4532,145.2846,130.719,140.2408,169.3246,205.8463
2021-06-01,140.9109,144.0364,127.2304,121.8459,139.9301,133.4533,148.5925,165.2298,216.866
2021-07-01,155.002,152.8245,136.0088,134.4506,146.9562,137.8224,154.6495,175.7071,216.627
2021-08-01,155.2515,165.1527,135.1999,138.5018,150.0043,149.7066,158.4948,182.9453,222.0799
2021-09-01,137.7601,144.9719,132.7978,120.71,146.1431,130.7342,151.1392,159.9479,198.3318
2021-10-01,139.1649,148.2458,129.2209,131.8859,154.5647,138.1639,146.406,163.816,189.2866
2021-11-01,121.5382,148.4042,114.3341,113.1649,149.1482,131.9653,134.9486,161.6375,179.5025
2021-12-01,113.304,137.6849,105.5483,113.1556,139.2115,118.7794,131.3395,146.3889,164.1471
2022-01-01,142.307,161.8002,128.2753,123.912,156.6932,151.3605,154.3287,165.9563,185.3151
2022-02-01,137.7516,157.7306,116.7297,116.0845,166.6471,146.7637,151.5113,163.2474,184.1234
2022-03-01,145.6161,171.1192,128.5044,125.6853,169.5267,157.1107,170.145,172.0369,180.586
2022-04-01,108.9164,111.5066,92.1194,95.5147,120.0382,105.6906,116.9741,120.2066,135.7959
2022-05-01,105.7258,108.4339,95.6403,97.4066,107.635,105.7429,110.6784,114.1311,142.1301
2022-06-01,116.3894,115.2499,94.9504,102.3632,112.8732,115.9334,120.8187,120.14,149.7806
2022-07-01,127.0257,136.464,102.3169,119.7336,124.0229,129.576,134.1739,130.6349,159.0227
2022-08-01,127.2702,141.7514,105.1817,123.6689,124.4232,128.588,135.885,130.5437,161.9782
2022-09-01,107.5329,110.5354,87.036,91.4656,110.1456,105.026,111.4394,109.741,129.5156
2022-10-01,89.7203,98.4602,82.1588,91.7541,99.2238,97.9945,102.376,106.1831,114.1207
2022-11-01,88.0492,97.2476,79.8201,79.6342,89.4144,94.9422,96.7927,97.4751,113.0302
2022-12-01,76.7269,86.6182,69.7529,71.5165,76.6722,83.7682,86.9962,84.4316,97.1921
2023-01-01,98.806,101.2815,80.5552,85.5819,92.6804,99.462,107.1469,98.9263,113.8619
2023-02-01,87.5182,97.4915,71.6094,84.035,89.4904,96.1574,102.56,97.683,110.1825
2023-03-01,91.7231,98.6104,74.0299,82.3435,89.2436,99.8741,105.1897,100.6001,113.2885
2023-04-01,88.7221,92.557,68.6951,75.114,86.8738,97.8122,101.7665,87.2676,110.8104
2023-05-01,90.415,90.1685,76.5096,77.9896,82.1234,91.8346,97.7216,86.0883,104.6542
2023-06-01,96.6767,103.8275,79.0592,83.0476,91.6794,103.785,111.5997,94.1728,123.8453
2023-07-01,115.1099,122.2249,79.0035,108.049,100.0553,115.8235,124.9792,107.2472,142.6743
2023-08-01,124.2962,136.1899,100.228,115.5646,111.003,127.0867,137.6549,117.6115,159.191
2023-09-01,107.8162,117.9333,86.6483,88.9035,98.0021,110.2845,118.3093,102.2371,141.7984
2023-10-01,96.3257,108.6009,84.1913,77.1286,95.2436,102.0641,114.5014,95.9921,124.9934
2023-11-01,93.0346,106.2137,73.6684,79.2827,93.1856,96.5927,106.0472,93.7464,116.1414
2023-12-01,75.4623,83.7147,64.7039,67.5862,74.0139,74.6061,80.1635,75.8658,94.5632
2024-01-01,92.5423,94.773,75.642,75.6513,81.1106,93.3124,95.567,89.5999,108.2204
2024-02-01,89.9476,91.94,73.8592,69.7976,85.8623,87.762,90.133,89.2385,108.1735
2024-03-01,80.331,85.8255,66.4207,66.3644,79.5603,87.5165,87.8732,80.4571,94.4231
2024-04-01,79.1062,79.7898,73.3348,62.5689,80.0591,82.225,85.7182,77.7773,95.9915
2024-05-01,81.7744,85.8398,71.4333,67.8618,79.776,79.9017,90.0471,80.1874,98.7973
2024-06-01,85.1008,88.7313,78.1235,76.3682,82.6139,84.5236,92.3002,86.6098,110.5137
2024-07-01,93.5864,100.0192,83.6168,87.8433,86.2812,97.5822,100.4164,97.853,119.8571
2024-08-01,95.6708,93.8931,82.3272,77.1223,86.5043,88.1403,91.5055,93.6202,112.1949
2024-09-01,80.7754,88.1076,74.1984,69.3509,79.8013,78.4705,80.3166,87.1241,99.911
2024-10-01,76.1285,82.8311,65.2184,60.9357,79.69,76.2993,80.369,85.6108,89.3183
2024-11-01,70.4547,79.8757,65.8994,61.6043,76.0894,72.7682,81.2803,84.7276,88.2345
2024-12-01,62.5682,67.9615,56.6582,54.9739,63.7714,63.3024,70.2542,79.5488,75.7996
2025-01-01,76.3773,78.0927,64.422,63.569,75.7544,75.3211,83.4628,87.9478,89.2683
2025-02-01,68.6756,73.2799,60.7089,51.661,71.2804,70.2422,74.7503,82.8586,78.8734
2025-03-01,69.7932,68.4017,61.9261,51.5471,69.2476,70.0305,70.3666,75.0006,78.7743
2025-04-01,67.6833,63.2945,62.8798,47.1111,68.3994,64.9741,68.0903,70.4993,74.1454
2025-05-01,67.3055,66.6236,63.3436,51.5652,67.1413,65.7283,70.2805,70.3375,89.2176
2025-06-01,74.8141,72.3996,67.8804,54.7726,68.1469,69.3172,76.4048,76.3843,83.0197
2025-07-01,83.6197,79.0237,82.7964,68.2949,73.7869,79.963,87.714,83.5274,92.5395
2025-08-01,82.4818,81.1285,81.6924,68.7577,75.3846,80.822,86.4565,85.6737,93.8091
2025-09-01,71.1715,72.8058,74.2102,51.0494,69.5341,69.2912,73.2907,73.7567,81.3127
2025-10-01,68.9845,75.1306,69.2493,53.9981,73.0053,69.0552,76.5375,76.7064,86.9118
2025-11-01,73.3122,77.1067,64.3894,54.5803,71.5,69.9445,75.2501,76.1408,81.8067
2025-12-01,63.2819,68.0902,60.9295,46.665,62.8136,59.5206,63.5363,66.6198,68.3584
2026-01-01,79.7662,81.2125,76.9918,58.0434,75.9023,79.9319,80.802,79.6933,85.1016
2026-02-01,74.3286,78.524,76.61,54.283,77.5876,74.2911,78.4473,77.4992,82.4608
2026-03-01,69.123,72.0966,69.2697,50.5886,70.2639,69.9043,71.9313,74.077,75.3017
2026-04-01,64.3013,65.2797,58.275,50.8665,66.2367,66.1753,68.8147,70.6344,71.6875
2026-05-01,64.8948,60.3808,53.9783,46.2953,60.1931,61.7336,63.724,67.9458,67.7292
2026-06-01,71.0692,67.9308,63.0218,54.4365,66.4629,68.3134,68.6188,69.5407,72.6588
2026-07-01,72.1838,69.5366,72.3523,58.2814,65.0985,70.0558,69.3503,70.083,75.8666
