date,A_invest,B_rent,C_panic,D_broad,rii_A,rii_B,rii_C
2018-01-01,137638,780299,8045,2967469,0.04638,0.26295,0.00271
2018-01-08,186107,1005541,11413,4401796,0.04228,0.22844,0.00259
2018-01-15,181286,987728,11428,4491299,0.04036,0.21992,0.00254
2018-01-22,184424,998235,11067,4602635,0.04007,0.21688,0.0024
2018-01-29,185239,986490,10655,4719027,0.03925,0.20905,0.00226
2018-02-05,184994,1011858,11117,4779073,0.03871,0.21173,0.00233
2018-02-12,163881,949728,10276,4226575,0.03877,0.2247,0.00243
2018-02-19,163392,981243,9997,4192219,0.03898,0.23406,0.00238
2018-02-26,176748,1056236,10787,4618360,0.03827,0.2287,0.00234
2018-03-05,151607,926102,9308,3851121,0.03937,0.24048,0.00242
2018-03-12,182400,1037484,10635,4573237,0.03988,0.22686,0.00233
2018-03-19,179293,996187,10676,4596780,0.039,0.21671,0.00232
2018-03-26,163060,939396,9417,4232821,0.03852,0.22193,0.00222
2018-04-02,148499,888134,9570,3945224,0.03764,0.22512,0.00243
2018-04-09,154448,926414,10467,4027730,0.03835,0.23001,0.0026
2018-04-16,151051,952789,10357,4063768,0.03717,0.23446,0.00255
2018-04-23,153836,965322,9860,3980463,0.03865,0.24252,0.00248
2018-04-30,120477,857595,8040,3275991,0.03678,0.26178,0.00245
2018-05-07,129163,878634,8220,3494265,0.03696,0.25145,0.00235
2018-05-14,136830,961307,8984,3697192,0.03701,0.26001,0.00243
2018-05-21,132720,963618,9132,3679155,0.03607,0.26191,0.00248
2018-05-28,143960,998737,9652,3730995,0.03858,0.26769,0.00259
2018-06-04,158903,1045042,9257,3937471,0.04036,0.26541,0.00235
2018-06-11,139905,1003165,9250,3540637,0.03951,0.28333,0.00261
2018-06-18,149587,1027272,9789,3778947,0.03958,0.27184,0.00259
2018-06-25,153246,1077002,8767,3838726,0.03992,0.28056,0.00228
2018-07-02,154031,1142405,9674,3870523,0.0398,0.29516,0.0025
2018-07-09,158540,1163832,9961,3865221,0.04102,0.3011,0.00258
2018-07-16,170347,1254580,10025,4221758,0.04035,0.29717,0.00237
2018-07-23,186273,1359098,10528,4824247,0.03861,0.28172,0.00218
2018-07-30,179384,1391703,10026,4658922,0.0385,0.29872,0.00215
2018-08-06,186188,1457484,11393,4875944,0.03819,0.29891,0.00234
2018-08-13,205822,1468014,11628,4887586,0.04211,0.30036,0.00238
2018-08-20,185587,1434882,10971,4658312,0.03984,0.30803,0.00236
2018-08-27,169389,1412551,10463,4408505,0.03842,0.32041,0.00237
2018-09-03,170390,1354973,11483,4576029,0.03724,0.2961,0.00251
2018-09-10,171412,1307038,11577,4650819,0.03686,0.28103,0.00249
2018-09-17,177941,1325967,11988,4903308,0.03629,0.27042,0.00244
2018-09-24,188936,1379013,11662,5021704,0.03762,0.27461,0.00232
2018-10-01,180116,1372507,10980,4961899,0.0363,0.27661,0.00221
2018-10-08,176448,1357785,11928,5018819,0.03516,0.27054,0.00238
2018-10-15,176344,1337338,10862,4934318,0.03574,0.27103,0.0022
2018-10-22,175213,1345374,11441,5092258,0.03441,0.2642,0.00225
2018-10-29,171734,1290464,10852,4792106,0.03584,0.26929,0.00226
2018-11-05,155949,1232752,25175,4617257,0.03378,0.26699,0.00545
2018-11-12,169170,1257782,11791,4661523,0.03629,0.26982,0.00253
2018-11-19,152542,1206106,10680,4492076,0.03396,0.2685,0.00238
2018-11-26,141211,1146965,9824,4270743,0.03306,0.26856,0.0023
2018-12-03,140537,1159887,9871,4433194,0.0317,0.26164,0.00223
2018-12-10,135178,1115356,9445,4161700,0.03248,0.268,0.00227
2018-12-17,119282,1045600,8988,3900400,0.03058,0.26808,0.0023
2018-12-24,93003,915650,7198,3243376,0.02867,0.28231,0.00222
2018-12-31,102561,981618,7356,3284657,0.03122,0.29885,0.00224
2019-01-07,164302,1322224,11124,5211556,0.03153,0.25371,0.00213
2019-01-14,172357,1352121,11648,5581511,0.03088,0.24225,0.00209
2019-01-21,167997,1381644,11467,5675707,0.0296,0.24343,0.00202
2019-01-28,166467,1368070,11712,5610304,0.02967,0.24385,0.00209
2019-02-04,166230,1342129,11207,5571987,0.02983,0.24087,0.00201
2019-02-11,158322,1220549,10162,4996512,0.03169,0.24428,0.00203
2019-02-18,159266,1214769,9609,4962335,0.03209,0.2448,0.00194
2019-02-25,155291,1233149,10684,5042409,0.0308,0.24456,0.00212
2019-03-04,132923,1123650,9470,4453339,0.02985,0.25232,0.00213
2019-03-11,157475,1344355,10959,5252117,0.02998,0.25596,0.00209
2019-03-18,155407,1314268,10091,5175539,0.03003,0.25394,0.00195
2019-03-25,153313,1314007,10179,5203214,0.02947,0.25254,0.00196
2019-04-01,157858,1302068,9629,5137088,0.03073,0.25346,0.00187
2019-04-08,153303,1315877,9474,4945637,0.031,0.26607,0.00192
2019-04-15,135285,1220240,9301,4518298,0.02994,0.27007,0.00206
2019-04-22,118336,1108199,8051,3989087,0.02966,0.27781,0.00202
2019-04-29,111237,1068044,7156,3502772,0.03176,0.30491,0.00204
2019-05-06,103174,971440,6314,3271158,0.03154,0.29697,0.00193
2019-05-13,126089,1120582,7864,3911025,0.03224,0.28652,0.00201
2019-05-20,123829,1123954,7772,3938367,0.03144,0.28539,0.00197
2019-05-27,121607,1136970,7572,3849362,0.03159,0.29537,0.00197
2019-06-03,117971,1153876,7512,3768491,0.0313,0.30619,0.00199
2019-06-10,117822,1169189,8093,3627726,0.03248,0.32229,0.00223
2019-06-17,122841,1205410,8000,3749009,0.03277,0.32153,0.00213
2019-06-24,126547,1269776,8893,3771567,0.03355,0.33667,0.00236
2019-07-01,126389,1300192,8418,3808310,0.03319,0.34141,0.00221
2019-07-08,125701,1329678,8353,3761942,0.03341,0.35346,0.00222
2019-07-15,123551,1326586,8335,3764190,0.03282,0.35242,0.00221
2019-07-22,125321,1386111,8259,3864374,0.03243,0.35869,0.00214
2019-07-29,129613,1421898,8905,3958387,0.03274,0.35921,0.00225
2019-08-05,133241,1488439,9127,4128967,0.03227,0.36049,0.00221
2019-08-12,134091,1544062,9453,4032945,0.03325,0.38286,0.00234
2019-08-19,132410,1554760,10134,3986667,0.03321,0.38999,0.00254
2019-08-26,130924,1518846,9764,3869283,0.03384,0.39254,0.00252
2019-09-02,130593,1361095,8489,3940871,0.03314,0.34538,0.00215
2019-09-09,136017,1361792,9840,4025026,0.03379,0.33833,0.00244
2019-09-16,136024,1363621,10362,4192602,0.03244,0.32524,0.00247
2019-09-23,138172,1367034,9683,4297805,0.03215,0.31808,0.00225
2019-09-30,145122,1374738,9655,4544285,0.03194,0.30252,0.00212
2019-10-07,143945,1365325,9761,4538788,0.03171,0.30081,0.00215
2019-10-14,142003,1330712,9623,4389311,0.03235,0.30317,0.00219
2019-10-21,148117,1339762,10393,4716866,0.0314,0.28404,0.0022
2019-10-28,140535,1303999,10147,4469122,0.03145,0.29178,0.00227
2019-11-04,152403,1327871,11030,4669251,0.03264,0.28439,0.00236
2019-11-11,149219,1355001,11487,4615206,0.03233,0.29359,0.00249
2019-11-18,148981,1299621,11678,4640447,0.0321,0.28006,0.00252
2019-11-25,152026,1287930,11577,4657680,0.03264,0.27652,0.00249
2019-12-02,150818,1290042,11478,4653794,0.03241,0.2772,0.00247
2019-12-09,148248,1231483,11594,4490673,0.03301,0.27423,0.00258
2019-12-16,135490,1159366,11614,4312290,0.03142,0.26885,0.00269
2019-12-23,113081,983190,9360,3403553,0.03322,0.28887,0.00275
2019-12-30,108656,937040,8338,3125490,0.03476,0.29981,0.00267
2020-01-06,171537,1325951,12767,5022911,0.03415,0.26398,0.00254
2020-01-13,198520,1363501,14933,5947670,0.03338,0.22925,0.00251
2020-01-20,198038,1408549,15109,5978726,0.03312,0.23559,0.00253
2020-01-27,186845,1328714,13445,5612653,0.03329,0.23674,0.0024
2020-02-03,189791,1342725,14262,5876995,0.03229,0.22847,0.00243
2020-02-10,187101,1323288,13856,5966887,0.03136,0.22177,0.00232
2020-02-17,175144,1251568,14213,5661015,0.03094,0.22109,0.00251
2020-02-24,183107,1310584,15465,5760261,0.03179,0.22752,0.00268
2020-03-02,164498,1175908,12567,5152241,0.03193,0.22823,0.00244
2020-03-09,188633,1305321,19267,5956010,0.03167,0.21916,0.00323
2020-03-16,162386,1144967,21049,5634017,0.02882,0.20322,0.00374
2020-03-23,129057,994990,16514,4664620,0.02767,0.21331,0.00354
2020-03-30,92164,909380,12605,3628571,0.0254,0.25062,0.00347
2020-04-06,98645,912023,11691,3797909,0.02597,0.24014,0.00308
2020-04-13,143347,913103,12215,4265769,0.0336,0.21405,0.00286
2020-04-20,223142,978873,15127,5263610,0.04239,0.18597,0.00287
2020-04-27,176180,982443,12108,4803182,0.03668,0.20454,0.00252
2020-05-04,150194,999023,13095,4540728,0.03308,0.22001,0.00288
2020-05-11,163201,1098482,14469,5056897,0.03227,0.21722,0.00286
2020-05-18,176304,1167259,12193,5517092,0.03196,0.21157,0.00221
2020-05-25,171764,1204595,12035,5405790,0.03177,0.22283,0.00223
2020-06-01,176722,1247042,11882,5336243,0.03312,0.23369,0.00223
2020-06-08,154714,1278397,10324,4894160,0.03161,0.26121,0.00211
2020-06-15,172546,1365911,11473,5304722,0.03253,0.25749,0.00216
2020-06-22,218345,1378856,11332,5335428,0.04092,0.25843,0.00212
2020-06-29,185066,1475403,11378,5213470,0.0355,0.283,0.00218
2020-07-06,175684,1518680,11996,5260789,0.03339,0.28868,0.00228
2020-07-13,194346,1575426,12738,5581643,0.03482,0.28225,0.00228
2020-07-20,197021,1614726,13876,5782344,0.03407,0.27925,0.0024
2020-07-27,205090,1684855,14068,5894380,0.03479,0.28584,0.00239
2020-08-03,226202,1772561,14076,6065950,0.03729,0.29221,0.00232
2020-08-10,209072,1856276,13329,5985799,0.03493,0.31011,0.00223
2020-08-17,212817,2037224,14178,6151389,0.0346,0.33118,0.0023
2020-08-24,206663,2282647,13878,6000183,0.03444,0.38043,0.00231
2020-08-31,190376,1883767,12882,5613015,0.03392,0.33561,0.0023
2020-09-07,192030,1739910,13991,5873777,0.03269,0.29622,0.00238
2020-09-14,195174,1718422,13834,5965663,0.03272,0.28805,0.00232
2020-09-21,203697,1697538,14434,6150402,0.03312,0.276,0.00235
2020-09-28,206565,1673222,15951,6175850,0.03345,0.27093,0.00258
2020-10-05,228083,1687057,17895,6784954,0.03362,0.24865,0.00264
2020-10-12,253852,1704945,18464,6801214,0.03732,0.25068,0.00271
2020-10-19,252443,1666740,16807,6817576,0.03703,0.24448,0.00247
2020-10-26,245040,1675696,17719,6969810,0.03516,0.24042,0.00254
2020-11-02,238156,1681316,18735,7093758,0.03357,0.23701,0.00264
2020-11-09,216555,1636195,18190,6751625,0.03207,0.24234,0.00269
2020-11-16,211557,1610375,18100,6671413,0.03171,0.24138,0.00271
2020-11-23,259333,1608411,19164,6828148,0.03798,0.23556,0.00281
2020-11-30,208766,1573821,19511,6666946,0.03131,0.23606,0.00293
2020-12-07,195361,1490462,18610,6362174,0.03071,0.23427,0.00293
2020-12-14,179970,1415495,17068,5896040,0.03052,0.24008,0.00289
2020-12-21,157955,1288902,15436,5152031,0.03066,0.25017,0.003
2020-12-28,129395,1078031,12153,4005615,0.0323,0.26913,0.00303
2021-01-04,211234,1587998,16732,6252988,0.03378,0.25396,0.00268
2021-01-11,220745,1632964,18992,7117376,0.03101,0.22943,0.00267
2021-01-18,215804,1587700,19521,7128899,0.03027,0.22271,0.00274
2021-01-25,224062,1602978,20238,7344301,0.03051,0.21826,0.00276
2021-02-01,238019,1630281,21150,7430910,0.03203,0.21939,0.00285
2021-02-08,222113,1623785,21066,7157108,0.03103,0.22688,0.00294
2021-02-15,220319,1570296,19060,6875384,0.03204,0.22839,0.00277
2021-02-22,195339,1543176,19013,6500756,0.03005,0.23738,0.00292
2021-03-01,176483,1474317,16855,6217535,0.02838,0.23712,0.00271
2021-03-08,217288,1547881,17953,6690352,0.03248,0.23136,0.00268
2021-03-15,249310,1633728,18589,7307649,0.03412,0.22356,0.00254
2021-03-22,221438,1611376,19305,7145473,0.03099,0.22551,0.0027
2021-03-29,212012,1654379,19229,7059057,0.03003,0.23436,0.00272
2021-04-05,206104,1690726,19858,7031914,0.02931,0.24044,0.00282
2021-04-12,200548,1707019,18662,6840468,0.02932,0.24955,0.00273
2021-04-19,235352,1765985,18830,7128779,0.03301,0.24773,0.00264
2021-04-26,182427,1591621,17144,5975969,0.03053,0.26634,0.00287
2021-05-03,186394,1618617,14501,5887647,0.03166,0.27492,0.00246
2021-05-10,199736,1768517,16714,6468945,0.03088,0.27339,0.00258
2021-05-17,202596,1883636,17916,6899225,0.02937,0.27302,0.0026
2021-05-24,201426,1895364,16943,6611529,0.03047,0.28668,0.00256
2021-05-31,258813,1953118,17435,6726838,0.03847,0.29035,0.00259
2021-06-07,227954,2098478,17936,6592597,0.03458,0.31831,0.00272
2021-06-14,191041,1948812,17338,6002839,0.03183,0.32465,0.00289
2021-06-21,182064,1942594,17132,5907461,0.03082,0.32884,0.0029
2021-06-28,255368,2054733,18501,6207235,0.04114,0.33102,0.00298
2021-07-05,205870,2027155,18147,6077059,0.03388,0.33358,0.00299
2021-07-12,201242,2031462,18857,6042315,0.03331,0.33621,0.00312
2021-07-19,201753,2143426,18600,6237256,0.03235,0.34365,0.00298
2021-07-26,201974,2275596,18558,6463027,0.03125,0.35209,0.00287
2021-08-02,203081,2443325,18582,6433931,0.03156,0.37976,0.00289
2021-08-09,205052,2650272,17973,6579426,0.03117,0.40281,0.00273
2021-08-16,309899,2881440,19150,6852217,0.04523,0.42051,0.00279
2021-08-23,251455,3060594,18500,6772235,0.03713,0.45193,0.00273
2021-08-30,220621,2721116,17396,6550312,0.03368,0.41542,0.00266
2021-09-06,208970,2384265,15981,6401775,0.03264,0.37244,0.0025
2021-09-13,207904,2353300,16958,6545728,0.03176,0.35952,0.00259
2021-09-20,212968,2285746,17682,6819294,0.03123,0.33519,0.00259
2021-09-27,204368,2138167,18149,6605895,0.03094,0.32368,0.00275
2021-10-04,210111,2170690,17324,6771882,0.03103,0.32054,0.00256
2021-10-11,215318,2200969,19230,6896879,0.03122,0.31913,0.00279
2021-10-18,215837,2106271,18556,6748787,0.03198,0.3121,0.00275
2021-10-25,206901,2012744,18159,6670381,0.03102,0.30174,0.00272
2021-11-01,222969,2131785,19332,7065027,0.03156,0.30174,0.00274
2021-11-08,212887,2075898,20103,7033530,0.03027,0.29514,0.00286
2021-11-15,218620,1997660,21267,7015968,0.03116,0.28473,0.00303
2021-11-22,217349,1896276,20908,6892818,0.03153,0.27511,0.00303
2021-11-29,218121,1933993,21154,6953312,0.03137,0.27814,0.00304
2021-12-06,216937,2006340,20406,6915020,0.03137,0.29014,0.00295
2021-12-13,203079,1933115,19379,6507266,0.03121,0.29707,0.00298
2021-12-20,179250,1723638,16664,5825741,0.03077,0.29587,0.00286
2021-12-27,133820,1345031,12292,4360556,0.03069,0.30845,0.00282
2022-01-03,216372,1976190,17279,6406280,0.03377,0.30848,0.0027
2022-01-10,258733,2140628,20495,7922622,0.03266,0.27019,0.00259
2022-01-17,255524,2049068,20540,7827388,0.03264,0.26178,0.00262
2022-01-24,257085,1975492,20656,7882728,0.03261,0.25061,0.00262
2022-01-31,272585,2039510,21790,8283012,0.03291,0.24623,0.00263
2022-02-07,278282,2055138,21858,8244706,0.03375,0.24927,0.00265
2022-02-14,260688,1953271,19333,7618087,0.03422,0.2564,0.00254
2022-02-21,232657,1805880,30038,7311330,0.03182,0.247,0.00411
2022-02-28,300840,1790454,54535,8413600,0.03576,0.2128,0.00648
2022-03-07,259885,1869882,57415,7346068,0.03538,0.25454,0.00782
2022-03-14,276691,1933590,38020,7407160,0.03735,0.26104,0.00513
2022-03-21,368881,1941431,24068,7115400,0.05184,0.27285,0.00338
2022-03-28,352785,1981279,20744,6962755,0.05067,0.28455,0.00298
2022-04-04,259698,1954278,18178,6288655,0.0413,0.31076,0.00289
2022-04-11,204069,1872053,15306,5736177,0.03558,0.32636,0.00267
2022-04-18,189434,1747393,14568,5380971,0.0352,0.32474,0.00271
2022-04-25,281065,1718765,14143,5439868,0.05167,0.31596,0.0026
2022-05-02,203972,1686746,11857,5050258,0.04039,0.33399,0.00235
2022-05-09,183023,1776031,12295,5282002,0.03465,0.33624,0.00233
2022-05-16,212984,1858248,12294,5648870,0.0377,0.32896,0.00218
2022-05-23,192773,1884506,12804,5734791,0.03361,0.32861,0.00223
2022-05-30,225694,1926315,12986,5592902,0.04035,0.34442,0.00232
2022-06-06,197446,1977008,13111,5494119,0.03594,0.35984,0.00239
2022-06-13,259799,2015871,14397,5809400,0.04472,0.347,0.00248
2022-06-20,251581,1996466,13661,5656051,0.04448,0.35298,0.00242
2022-06-27,186060,2040341,12875,5374209,0.03462,0.37965,0.0024
2022-07-04,180153,2154806,13178,5445930,0.03308,0.39567,0.00242
2022-07-11,189800,2269446,13272,5684277,0.03339,0.39925,0.00233
2022-07-18,214117,2330272,13299,5984953,0.03578,0.38936,0.00222
2022-07-25,192740,2347863,13475,5864486,0.03287,0.40035,0.0023
2022-08-01,185957,2440414,15769,5924891,0.03139,0.41189,0.00266
2022-08-08,194422,2526081,15774,6070189,0.03203,0.41615,0.0026
2022-08-15,198897,2587779,15910,6353305,0.03131,0.40731,0.0025
2022-08-22,199349,2640802,16302,6327561,0.0315,0.41735,0.00258
2022-08-29,182537,2431572,16197,6037705,0.03023,0.40273,0.00268
2022-09-05,178652,2131492,20931,5806410,0.03077,0.36709,0.0036
2022-09-12,185557,2054623,18247,5793181,0.03203,0.35466,0.00315
2022-09-19,146381,2108167,15485,5235432,0.02796,0.40267,0.00296
2022-09-26,115864,2027054,13649,4921838,0.02354,0.41185,0.00277
2022-10-03,125863,1951759,13586,5134303,0.02451,0.38014,0.00265
2022-10-10,125215,1886705,13440,4986567,0.02511,0.37836,0.0027
2022-10-17,178335,1910354,14625,5326946,0.03348,0.35862,0.00275
2022-10-24,150107,1843165,12795,5185567,0.02895,0.35544,0.00247
2022-10-31,157507,1933670,14517,5421966,0.02905,0.35664,0.00268
2022-11-07,154967,1784208,13035,5326475,0.02909,0.33497,0.00245
2022-11-14,174503,1766116,12793,5314905,0.03283,0.33229,0.00241
2022-11-21,160310,1664899,12122,5140230,0.03119,0.3239,0.00236
2022-11-28,159037,1657760,12584,5101679,0.03117,0.32494,0.00247
2022-12-05,172517,1565247,12378,4970091,0.03471,0.31493,0.00249
2022-12-12,234505,1450581,11982,4817950,0.04867,0.30108,0.00249
2022-12-19,149947,1361510,11339,4379024,0.03424,0.31092,0.00259
2022-12-26,114897,1012387,8196,3075574,0.03736,0.32917,0.00266
2023-01-02,160220,1451782,11150,4389587,0.0365,0.33073,0.00254
2023-01-09,205694,1606402,13913,5496988,0.03742,0.29223,0.00253
2023-01-16,199452,1594378,13832,5730194,0.03481,0.27824,0.00241
2023-01-23,197933,1632676,13838,5911237,0.03348,0.2762,0.00234
2023-01-30,207715,1646913,14503,5954735,0.03488,0.27657,0.00244
2023-02-06,185893,1597579,14060,5707943,0.03257,0.27989,0.00246
2023-02-13,185606,1593364,13550,5687105,0.03264,0.28017,0.00238
2023-02-20,174166,1507612,12619,5155191,0.03378,0.29245,0.00245
2023-02-27,190031,1586823,13806,5613443,0.03385,0.28268,0.00246
2023-03-06,179533,1505546,12520,5262387,0.03412,0.2861,0.00238
2023-03-13,193903,1639922,14573,5783477,0.03353,0.28355,0.00252
2023-03-20,185221,1645252,14130,5701879,0.03248,0.28855,0.00248
2023-03-27,188645,1635713,13793,5699968,0.0331,0.28697,0.00242
2023-04-03,179563,1579320,13696,5410187,0.03319,0.29192,0.00253
2023-04-10,176720,1500655,12924,5084746,0.03475,0.29513,0.00254
2023-04-17,169623,1566567,13399,5102499,0.03324,0.30702,0.00263
2023-04-24,154393,1525267,12959,4774277,0.03234,0.31948,0.00271
2023-05-01,143247,1520958,10991,4506380,0.03179,0.33751,0.00244
2023-05-08,137913,1476726,10297,4361272,0.03162,0.3386,0.00236
2023-05-15,145672,1553519,11056,4625033,0.0315,0.33589,0.00239
2023-05-22,152313,1580797,11973,4647178,0.03278,0.34016,0.00258
2023-05-29,174372,1724944,12819,4908435,0.03552,0.35142,0.00261
2023-06-05,161282,1765484,12237,4655835,0.03464,0.3792,0.00263
2023-06-12,159544,1758284,11602,4647282,0.03433,0.37835,0.0025
2023-06-19,149044,1769493,10510,4547270,0.03278,0.38913,0.00231
2023-06-26,158411,1892579,10717,4636192,0.03417,0.40822,0.00231
2023-07-03,157852,1971169,11325,4600612,0.03431,0.42846,0.00246
2023-07-10,171687,2094612,11878,4862439,0.03531,0.43077,0.00244
2023-07-17,178411,2138402,11887,4969374,0.0359,0.43032,0.00239
2023-07-24,211154,2199916,12264,5359267,0.0394,0.41049,0.00229
2023-07-31,192434,2307864,11441,5179271,0.03715,0.4456,0.00221
2023-08-07,226707,2450959,13074,5416300,0.04186,0.45252,0.00241
2023-08-14,238626,2475317,13547,5689062,0.04194,0.4351,0.00238
2023-08-21,234169,2418520,11952,5477624,0.04275,0.44153,0.00218
2023-08-28,215761,2283516,11354,5054790,0.04268,0.45175,0.00225
2023-09-04,227066,2049024,11413,5125738,0.0443,0.39975,0.00223
2023-09-11,238783,1963958,11660,5256775,0.04542,0.37361,0.00222
2023-09-18,236212,1909317,12188,5221150,0.04524,0.36569,0.00233
2023-09-25,238057,1909795,12909,5401960,0.04407,0.35354,0.00239
2023-10-02,232281,1893084,12479,5354234,0.04338,0.35357,0.00233
2023-10-09,220266,1856157,12002,5125023,0.04298,0.36218,0.00234
2023-10-16,207882,1831303,12205,5079911,0.04092,0.3605,0.0024
2023-10-23,220601,1800404,11883,5122535,0.04306,0.35147,0.00232
2023-10-30,254040,1766681,11676,5122178,0.0496,0.34491,0.00228
2023-11-06,248375,1750995,12597,5149558,0.04823,0.34003,0.00245
2023-11-13,237908,1706111,13094,5058846,0.04703,0.33725,0.00259
2023-11-20,210033,1611946,12178,4696445,0.04472,0.34323,0.00259
2023-11-27,213398,1591049,11859,4631722,0.04607,0.34351,0.00256
2023-12-04,217751,1499968,11198,4465843,0.04876,0.33588,0.00251
2023-12-11,250037,1418807,10693,4334450,0.05769,0.32733,0.00247
2023-12-18,206296,1293186,10297,3948963,0.05224,0.32747,0.00261
2023-12-25,152483,1010493,8440,2957147,0.05156,0.34171,0.00285
2024-01-01,175259,1345335,10365,3785821,0.04629,0.35536,0.00274
2024-01-08,269769,1637653,14226,5148636,0.0524,0.31808,0.00276
2024-01-15,255390,1601643,14811,5190787,0.0492,0.30855,0.00285
2024-01-22,296440,1633079,14222,5340778,0.05551,0.30578,0.00266
2024-01-29,270855,1624652,14290,5294139,0.05116,0.30688,0.0027
2024-02-05,268267,1557334,13118,5126426,0.05233,0.30379,0.00256
2024-02-12,239130,1509307,13065,4933358,0.04847,0.30594,0.00265
2024-02-19,219668,1466246,11727,4652837,0.04721,0.31513,0.00252
2024-02-26,380082,1595977,13743,5368810,0.07079,0.29727,0.00256
2024-03-04,275829,1395853,11560,4468896,0.06172,0.31235,0.00259
2024-03-11,238576,1494427,12423,4688568,0.05088,0.31874,0.00265
2024-03-18,228432,1578254,11697,4576991,0.04991,0.34482,0.00256
2024-03-25,220350,1522524,11096,4554265,0.04838,0.33431,0.00244
2024-04-01,232532,1484377,11209,4532911,0.0513,0.32747,0.00247
2024-04-08,224536,1456224,10961,4436680,0.05061,0.32822,0.00247
2024-04-15,232019,1455431,10980,4456112,0.05207,0.32661,0.00246
2024-04-22,281616,1466014,11035,4502152,0.06255,0.32563,0.00245
2024-04-29,217402,1363852,9179,3992097,0.05446,0.34164,0.0023
2024-05-06,246564,1466886,9115,4219829,0.05843,0.34762,0.00216
2024-05-13,286222,1543301,10236,4531175,0.06317,0.3406,0.00226
2024-05-20,257667,1530430,9553,4348102,0.05926,0.35198,0.0022
2024-05-27,245902,1535215,9822,4235307,0.05806,0.36248,0.00232
2024-06-03,297844,1601336,9530,4357219,0.06836,0.36751,0.00219
2024-06-10,292496,1608033,9274,4210649,0.06947,0.3819,0.0022
2024-06-17,320306,1649923,8984,4357510,0.07351,0.37864,0.00206
2024-06-24,283687,1638393,8380,4017647,0.07061,0.4078,0.00209
2024-07-01,426059,1786366,8365,4375893,0.09737,0.40823,0.00191
2024-07-08,507769,1836761,9008,4428655,0.11466,0.41474,0.00203
2024-07-15,307820,1921822,9380,4275101,0.072,0.44954,0.00219
2024-07-22,276330,1990669,11450,4318553,0.06399,0.46096,0.00265
2024-07-29,281278,2064383,9502,4332149,0.06493,0.47653,0.00219
2024-08-05,263489,2138086,8781,4116168,0.06401,0.51944,0.00213
2024-08-12,235678,2148820,8732,3967308,0.05941,0.54163,0.0022
2024-08-19,255380,2261415,10484,4153182,0.06149,0.5445,0.00252
2024-08-26,256638,2181441,10088,4165053,0.06162,0.52375,0.00242
2024-09-02,247708,1871866,8145,4069812,0.06086,0.45994,0.002
2024-09-09,259288,1706862,10531,4165301,0.06225,0.40978,0.00253
2024-09-16,345281,1685479,10039,4202776,0.08216,0.40104,0.00239
2024-09-23,312345,1628060,10812,4234188,0.07377,0.3845,0.00255
2024-09-30,302412,1624078,11028,4272459,0.07078,0.38013,0.00258
2024-10-07,349631,1625730,12257,4351703,0.08034,0.37358,0.00282
2024-10-14,291047,1455600,13007,3914741,0.07435,0.37183,0.00332
2024-10-21,439160,1552945,14987,4676518,0.09391,0.33207,0.0032
2024-10-28,365255,1622552,14133,4511626,0.08096,0.35964,0.00313
2024-11-04,303337,1597291,13168,4247027,0.07142,0.3761,0.0031
2024-11-11,357151,1655865,13087,4628909,0.07716,0.35772,0.00283
2024-11-18,302808,1523467,14364,4230729,0.07157,0.3601,0.0034
2024-11-25,327139,1601644,15803,4563109,0.07169,0.351,0.00346
2024-12-02,300257,1447952,13391,4171550,0.07198,0.3471,0.00321
2024-12-09,271850,1375790,12552,3986001,0.0682,0.34516,0.00315
2024-12-16,424821,1310653,12601,4170938,0.10185,0.31423,0.00302
2024-12-23,295937,1183283,11625,3556475,0.08321,0.33271,0.00327
2024-12-30,229463,1098684,9240,3044144,0.07538,0.36092,0.00304
2025-01-06,356898,1434631,12837,4391064,0.08128,0.32672,0.00292
2025-01-13,393187,1458644,13616,4753077,0.08272,0.30688,0.00286
2025-01-20,380427,1450429,13674,4818706,0.07895,0.301,0.00284
2025-01-27,372174,1459730,13529,4886106,0.07617,0.29875,0.00277
2025-02-03,360316,1401937,12461,4754762,0.07578,0.29485,0.00262
2025-02-10,338526,1345472,12389,4572827,0.07403,0.29423,0.00271
2025-02-17,309871,1281456,11919,4307568,0.07194,0.29749,0.00277
2025-02-24,295897,1263515,11322,4185845,0.07069,0.30185,0.0027
2025-03-03,278519,1164272,10239,3873545,0.0719,0.30057,0.00264
2025-03-10,354170,1300653,12319,4487614,0.07892,0.28983,0.00275
2025-03-17,476913,1291766,11597,4676312,0.10198,0.27624,0.00248
2025-03-24,407812,1271588,11228,4495676,0.09071,0.28285,0.0025
2025-03-31,418389,1274791,10828,4533218,0.09229,0.28121,0.00239
2025-04-07,324079,1253411,11404,4040000,0.08022,0.31025,0.00282
2025-04-14,282002,1153364,11163,3568401,0.07903,0.32322,0.00313
2025-04-21,285089,1259273,11255,3702025,0.07701,0.34016,0.00304
2025-04-28,269484,1218977,9900,3412156,0.07898,0.35725,0.0029
2025-05-05,244215,1129314,8740,3242457,0.07532,0.34829,0.0027
2025-05-12,317291,1278627,10258,3818583,0.08309,0.33484,0.00269
2025-05-19,315110,1248499,15946,3587517,0.08784,0.34801,0.00444
2025-05-26,300410,1294728,8869,3512140,0.08553,0.36864,0.00253
2025-06-02,297109,1333705,8658,3517838,0.08446,0.37913,0.00246
2025-06-09,305198,1429749,9056,3516381,0.08679,0.4066,0.00258
2025-06-16,386746,1547916,10340,4027186,0.09603,0.38437,0.00257
2025-06-23,348462,1595293,10678,4091091,0.08518,0.38994,0.00261
2025-06-30,354834,1686131,10705,4137364,0.08576,0.40754,0.00259
2025-07-07,342962,1694238,10437,4068608,0.08429,0.41642,0.00257
2025-07-14,334583,1744335,10525,4066519,0.08228,0.42895,0.00259
2025-07-21,355416,1754305,11163,4209322,0.08444,0.41677,0.00265
2025-07-28,356392,1797421,11665,4210403,0.08465,0.4269,0.00277
2025-08-04,357143,1939579,11054,4206710,0.0849,0.46107,0.00263
2025-08-11,330328,1917084,10980,4124002,0.0801,0.46486,0.00266
2025-08-18,338693,1908535,10807,4064736,0.08332,0.46953,0.00266
2025-08-25,329941,1884358,11493,4002348,0.08244,0.47081,0.00287
2025-09-01,333576,1592308,10548,3892905,0.08569,0.40903,0.00271
2025-09-08,337535,1468338,11206,4067647,0.08298,0.36098,0.00275
2025-09-15,361625,1439657,11452,4184970,0.08641,0.34401,0.00274
2025-09-22,363200,1412262,11426,4434772,0.0819,0.31845,0.00258
2025-09-29,346476,1389226,11238,4258577,0.08136,0.32622,0.00264
2025-10-06,367355,1409195,22043,4495162,0.08172,0.31349,0.0049
2025-10-13,399364,1411172,29005,4486456,0.08902,0.31454,0.00647
2025-10-20,415519,1404034,29896,4695554,0.08849,0.29901,0.00637
2025-10-27,501453,1398352,20219,4812480,0.1042,0.29057,0.0042
2025-11-03,412053,1363387,12202,4498062,0.09161,0.30311,0.00271
2025-11-10,419761,1281020,12382,4440687,0.09453,0.28847,0.00279
2025-11-17,425111,1307108,12499,4631131,0.09179,0.28224,0.0027
2025-11-24,398099,1262955,12839,4515431,0.08816,0.2797,0.00284
2025-12-01,365919,1224447,11613,4392047,0.08331,0.27879,0.00264
2025-12-08,339792,1137535,10923,4099122,0.08289,0.27751,0.00266
2025-12-15,311590,1048511,10859,3744697,0.08321,0.28,0.0029
2025-12-22,256100,916472,8558,3170087,0.08079,0.2891,0.0027
2025-12-29,213170,839481,6576,2626973,0.08115,0.31956,0.0025
2026-01-05,338162,1118597,9410,3774295,0.0896,0.29637,0.00249
2026-01-12,467097,1143312,12799,4479350,0.10428,0.25524,0.00286
2026-01-19,411419,1156771,11307,4581315,0.0898,0.2525,0.00247
2026-01-26,518365,1132976,11456,4901681,0.10575,0.23114,0.00234
2026-02-02,383066,1139162,10610,4360185,0.08786,0.26126,0.00243
2026-02-09,324839,1109459,10496,4177098,0.07777,0.26561,0.00251
2026-02-16,258216,1011299,11746,3798077,0.06799,0.26627,0.00309
2026-02-23,269070,1024475,9513,3814427,0.07054,0.26858,0.00249
2026-03-02,223213,927752,8327,3350774,0.06662,0.27688,0.00249
2026-03-09,267764,1144783,10246,4043067,0.06623,0.28315,0.00253
2026-03-16,302175,1182048,11943,4386413,0.06889,0.26948,0.00272
2026-03-23,311126,1214112,11243,4483997,0.06939,0.27077,0.00251
2026-03-30,286149,1233421,13247,4387819,0.06521,0.2811,0.00302
2026-04-06,285465,1145805,9935,4151983,0.06875,0.27597,0.00239
2026-04-13,286362,1227806,11534,4363946,0.06562,0.28135,0.00264
2026-04-20,286959,1211503,10826,4361645,0.06579,0.27776,0.00248
2026-04-27,255332,1177446,11351,3932827,0.06492,0.29939,0.00289
2026-05-04,217730,1005391,7909,3315221,0.06568,0.30327,0.00239
2026-05-11,235487,1121940,8124,3580040,0.06578,0.31339,0.00227
2026-05-18,240614,1132815,8181,3599398,0.06685,0.31472,0.00227
2026-05-25,251172,1201974,9251,3782108,0.06641,0.31781,0.00245
2026-06-01,261517,1291382,7781,3759762,0.06956,0.34347,0.00207
2026-06-08,293976,1362169,11280,3619805,0.08121,0.37631,0.00312
2026-06-15,365965,1357614,7880,3876349,0.09441,0.35023,0.00203
2026-06-22,412403,1390505,8614,3906914,0.10556,0.35591,0.0022
2026-06-29,340253,1457088,9083,3780293,0.09001,0.38544,0.0024
2026-07-06,233768,1494587,8484,3689245,0.06336,0.40512,0.0023
2026-07-13,240544,1543084,9388,3821297,0.06295,0.40381,0.00246
2026-07-20,245111,1606379,9433,3950857,0.06204,0.40659,0.00239
2026-07-27,244802,1686589,9192,3998430,0.06122,0.42181,0.0023
2026-08-03,245384,1689132,9604,3935197,0.06236,0.42924,0.00244
2026-08-10,253618,1765011,9557,4040917,0.06276,0.43678,0.00237
2026-08-17,255618,1738956,9447,4007642,0.06378,0.43391,0.00236
